Contract ID,Project ID,Project Title,Contract No,Procurement Group,Country,No Objection Date,Team Leader,Procurement Method,Borrower Contract Reference,Signing Date,Total Contract Amount,Review Type
1880035,P171316,Growing Up and Learning Together: Comprehensive Early Childhood Development in El Salvador,1880035,Non-consulting Services,El Salvador,"April 9, 2026",Isy Faingold Vigil,Request for Bids,SDO NO. 71/2025 MINEDUCYT-BIRF,"January 14, 2026",134797.7,Post
1880036,P173749,Benin Electricity Access Scale-up (BEAS) Project,1880036,Goods,Benin,"April 9, 2026",Justin Marie Bienvenu Beleoken Sanguen,Request for Quotations,BJ-PIU-497127-GO-RFQ,"January 27, 2026",35181.07,Post
1880037,P505179,Supporting the Federal Policy for Enhancing Foundational Literacy,1880037,Consultant Services,Argentina,"April 9, 2026",Alonso Sanchez,Direct Selection,AR-ME-468827-CS-CDS,"January 1, 2025",2910.14,Post
1880038,P162833,Improving the Performance of Non-Criminal Justice Services,1880038,Consultant Services,Peru,"April 9, 2026",Ruben Leonel Ruano Chinchilla,Individual Consultant Selection,PE-PJ-488144-CS-INDV,"July 25, 2025",11624.36,Post
1880039,P173283,"Territorial Economic Empowerment for the Indigenous, Afro-Ecuadorians and Montubian Peoples and Nationalities (TEEIPAM)",1880039,Non-consulting Services,Ecuador,"April 9, 2026",Kosuke Anan,Request for Quotations,IEPS-PROFECPIAM-002-2025,"April 10, 2025",5000.0,Post
1880040,P167798,Cameroon-Chad Transport Corridor,1880040,Consultant Services,Cameroon,"April 9, 2026",Jean Philippe Garcon,Consultant Qualification Selection,CM-MINT-486045-CS-CQS,"March 18, 2026",94993.8,Post
1880042,P167798,Cameroon-Chad Transport Corridor,1880042,Consultant Services,Cameroon,"April 9, 2026",Jean Philippe Garcon,Consultant Qualification Selection,CM-MINT-377904-CS-CQS,"March 6, 2026",65109.76,Post
1880043,P173749,Benin Electricity Access Scale-up (BEAS) Project,1880043,Goods,Benin,"April 9, 2026",Justin Marie Bienvenu Beleoken Sanguen,Request for Quotations,BJ-PIU-497133-GO-RFQ,"February 12, 2026",27782.45,Post
1880045,P172425,Competitive Value Chains for Jobs and Economic Transformation Project,1880045,Consultant Services,Mali,"April 9, 2026",Adja Mansora Dahourou,Quality And Cost-Based Selection,CI-UC - PCCET-422374-CS-QCBS,"July 16, 2025",722362.23,Post
1880044,P164961,Malawi Governance to Enable Service Delivery Project,1880044,Goods,Malawi,"April 9, 2026",Eva Maria Melis,Request for Quotations,MW-ZADC-519592-GO-RFQ,"February 16, 2026",22189.58,Post
1880046,P173749,Benin Electricity Access Scale-up (BEAS) Project,1880046,Non-consulting Services,Benin,"April 9, 2026",Justin Marie Bienvenu Beleoken Sanguen,Request for Quotations,BJ-PIU-477105-NC-RFQ,"March 6, 2026",80008.58,Post
1880047,P164961,Malawi Governance to Enable Service Delivery Project,1880047,Goods,Malawi,"April 9, 2026",Eva Maria Melis,Request for Quotations,MW-ZADC-519595-GO-RFQ,"February 16, 2026",12082.3,Post
1880049,P162278,National Urban Cadaster and Municipal Support Project,1880049,Consultant Services,Peru,"April 9, 2026",Gabriel Sergio Arrisueno Fajardo,Individual Consultant Selection,CONTRATO No 030-2026-UE003/COFOPRI,"March 25, 2026",10497.4,Post
1880048,P173749,Benin Electricity Access Scale-up (BEAS) Project,1880048,Goods,Benin,"April 9, 2026",Justin Marie Bienvenu Beleoken Sanguen,Request for Quotations,BJ-PIU-476368-GO-RFQ,"October 16, 2025",35272.37,Post
1880050,P505179,Supporting the Federal Policy for Enhancing Foundational Literacy,1880050,Consultant Services,Argentina,"April 9, 2026",Alonso Sanchez,Direct Selection,AR-ME-468830-CS-CDS,"January 1, 2025",994.5,Post
1880051,P505179,Supporting the Federal Policy for Enhancing Foundational Literacy,1880051,Consultant Services,Argentina,"April 9, 2026",Alonso Sanchez,Direct Selection,AR-ME-468836-CS-CDS,"January 1, 2025",1988.99,Post
1880052,P505179,Supporting the Federal Policy for Enhancing Foundational Literacy,1880052,Consultant Services,Argentina,"April 9, 2026",Alonso Sanchez,Direct Selection,AR-ME-468853-CS-CDS,"January 1, 2025",16030.45,Post
1880053,P173283,"Territorial Economic Empowerment for the Indigenous, Afro-Ecuadorians and Montubian Peoples and Nationalities (TEEIPAM)",1880053,Consultant Services,Ecuador,"April 9, 2026",Kosuke Anan,Quality And Cost-Based Selection,IEPS-PROFECPIAM-007-2025,"May 14, 2025",15000.0,Post
1880055,P180935,Second Kenya Devolution Support Program,1880055,Consultant Services,Kenya,"April 9, 2026",Christine Anyango Owuor,Individual Consultant Selection,KE-SDD-535644-CS-INDV,"March 31, 2026",29976.94,Post
1880054,P176181,Eastern Africa Regional Digital Integration Project,1880054,Consultant Services,Kenya,"April 9, 2026",Naomi J. Halewood,Consultant Qualification Selection,SO-MICT-SL-516419-CS-CQS,"March 12, 2026",298752.0,Prior
1880056,P180935,Second Kenya Devolution Support Program,1880056,Consultant Services,Kenya,"April 9, 2026",Christine Anyango Owuor,Individual Consultant Selection,KE-SDD-535644-CS-INDV,"March 31, 2026",29976.94,Post
1880057,P171528,Caribbean Digital Transformation Project,1880057,Non-consulting Services,St. Vincent and the Grenadines,"April 9, 2026",Marolla Haddad,Direct Selection,SVG-CARDTP-NC-DIR-4,"February 5, 2025",5589.65,Post
1880058,P180935,Second Kenya Devolution Support Program,1880058,Consultant Services,Kenya,"April 9, 2026",Christine Anyango Owuor,Individual Consultant Selection,KE-SDD-535644-CS-INDV,"March 31, 2026",29976.94,Post
1880059,P180935,Second Kenya Devolution Support Program,1880059,Consultant Services,Kenya,"April 9, 2026",Christine Anyango Owuor,Individual Consultant Selection,KE-SDD-535644-CS-INDV,"March 31, 2026",29976.94,Post
1880060,P180935,Second Kenya Devolution Support Program,1880060,Consultant Services,Kenya,"April 9, 2026",Christine Anyango Owuor,Individual Consultant Selection,KE-SDD-535642-CS-INDV,"March 31, 2026",29976.94,Post
1880062,P180935,Second Kenya Devolution Support Program,1880062,Consultant Services,Kenya,"April 9, 2026",Christine Anyango Owuor,Individual Consultant Selection,KE-SDD-535642-CS-INDV,"March 31, 2026",29976.94,Post
1880061,P180935,Second Kenya Devolution Support Program,1880061,Consultant Services,Kenya,"April 9, 2026",Christine Anyango Owuor,Individual Consultant Selection,KE-SDD-535642-CS-INDV,"March 31, 2026",29976.94,Post
1880063,P180935,Second Kenya Devolution Support Program,1880063,Consultant Services,Kenya,"April 9, 2026",Christine Anyango Owuor,Individual Consultant Selection,KE-SDD-535642-CS-INDV,"March 31, 2026",29976.94,Post
1880065,P180935,Second Kenya Devolution Support Program,1880065,Consultant Services,Kenya,"April 9, 2026",Christine Anyango Owuor,Individual Consultant Selection,KE-SDD-535640-CS-INDV,"March 31, 2026",29976.94,Post
1880064,P180935,Second Kenya Devolution Support Program,1880064,Consultant Services,Kenya,"April 9, 2026",Christine Anyango Owuor,Individual Consultant Selection,KE-SDD-535640-CS-INDV,"March 31, 2026",29976.94,Post
1880066,P180935,Second Kenya Devolution Support Program,1880066,Consultant Services,Kenya,"April 9, 2026",Christine Anyango Owuor,Individual Consultant Selection,KE-SDD-535640-CS-INDV,"March 31, 2026",29976.94,Post
1880067,P180935,Second Kenya Devolution Support Program,1880067,Consultant Services,Kenya,"April 9, 2026",Christine Anyango Owuor,Individual Consultant Selection,KE-SDD-535640-CS-INDV,"March 31, 2026",29976.94,Post
1880069,P180027,Bolivia Improving Sustainable Access to Electricity Project (IDTR III),1880069,Consultant Services,Bolivia,"April 9, 2026",Lara Born,Individual Consultant Selection,ENDE-IDTR III-2024-34,"March 16, 2026",15194.51,Post
1880068,P178954,Water and Sanitation Project - I,1880068,Goods,Malawi,"April 9, 2026",Ivaylo Hristov Kolev,Request for Quotations,MW-BWB-437926-GO-RFQ,"August 23, 2024",403.11,Post
1880071,P162278,National Urban Cadaster and Municipal Support Project,1880071,Consultant Services,Peru,"April 9, 2026",Gabriel Sergio Arrisueno Fajardo,Individual Consultant Selection,CONTRATO N°348-2025-UE003/COFOPRI,"November 4, 2025",4422.07,Post
1880070,P178954,Water and Sanitation Project - I,1880070,Goods,Malawi,"April 9, 2026",Ivaylo Hristov Kolev,Request for Quotations,MW-BWB-437926-GO-RFQ,"August 23, 2024",1343.71,Post
1880072,P180027,Bolivia Improving Sustainable Access to Electricity Project (IDTR III),1880072,Consultant Services,Bolivia,"April 9, 2026",Lara Born,Individual Consultant Selection,BO-ENDE-532237-CS-INDV,"March 16, 2026",15194.51,Post
1880073,P172592,Climate Resilient and Sustainable Agriculture Project,1880073,Consultant Services,Belize,"April 9, 2026",Melissa Brown,Individual Consultant Selection,CS04/ PROJECT ASSISTANT-1-2026,"February 12, 2026",16834.73,Post
1880075,P156880,Enhancing Waterway Connectivity and Water Service Provision in Colombia’s Plan Pazcifico,1880075,Consultant Services,Colombia,"April 9, 2026",Liljana Sekerinska,Individual Consultant Selection,57833-PTSP-119-2025,"August 26, 2025",12617.24,Post
1880074,P162833,Improving the Performance of Non-Criminal Justice Services,1880074,Consultant Services,Peru,"April 9, 2026",Ruben Leonel Ruano Chinchilla,Individual Consultant Selection,PE-PJ-482793-CS-INDV,"July 8, 2025",15842.74,Post
1880077,P156880,Enhancing Waterway Connectivity and Water Service Provision in Colombia’s Plan Pazcifico,1880077,Consultant Services,Colombia,"April 9, 2026",Liljana Sekerinska,Individual Consultant Selection,57833-PTSP-022-2026,"March 16, 2026",3767.04,Post
1880076,P174328,Innovation for Rural Competitiveness Project - COMRURAL III,1880076,Consultant Services,Honduras,"April 9, 2026",Francisco Javier Bueso Ucles,Individual Consultant Selection,HN-SAG-524743-CS-INDV,"January 2, 2026",30000.0,Post
1880078,P179969,Tanzania Scaling-up Sustainable Marine Fisheries and Aquaculture Management Project (TASFAM),1880078,Goods,Tanzania,"April 9, 2026",Mirko Ivo Serkovic,Request for Bids,TZ-MBEF-526293-GO-RFB,"April 8, 2026",180170.96,Post
1880079,P179969,Tanzania Scaling-up Sustainable Marine Fisheries and Aquaculture Management Project (TASFAM),1880079,Goods,Tanzania,"April 9, 2026",Mirko Ivo Serkovic,Request for Bids,TZ-MBEF-526293-GO-RFB,"March 25, 2026",223981.62,Post
1880082,P162833,Improving the Performance of Non-Criminal Justice Services,1880082,Consultant Services,Peru,"April 9, 2026",Ruben Leonel Ruano Chinchilla,Individual Consultant Selection,PE-PJ-482737-CS-INDV,"May 21, 2025",6983.85,Post
1880080,P162833,Improving the Performance of Non-Criminal Justice Services,1880080,Consultant Services,Peru,"April 9, 2026",Ruben Leonel Ruano Chinchilla,Individual Consultant Selection,PE-PJ-488146-CS-INDV,"October 3, 2025",4604.18,Post
1880081,P156880,Enhancing Waterway Connectivity and Water Service Provision in Colombia’s Plan Pazcifico,1880081,Consultant Services,Colombia,"April 9, 2026",Liljana Sekerinska,Individual Consultant Selection,57833-PTSP-023-2026,"March 16, 2026",2974.87,Post
1880084,P175672,Innovation for Resilient Food Systems (Alianzas Rurales - PAR III) Project,1880084,Consultant Services,Bolivia,"April 9, 2026",Griselle Felicita Vega,Individual Consultant Selection,BO-EMPODERAR-534699-CS-INDV,"February 11, 2026",7020.12,Prior
1880085,P176517,"De-risking, inclusion and value enhancement of pastoral economies in the Horn of Africa",1880085,Consultant Services,Djibouti,"April 9, 2026",Isaku Endo,Quality And Cost-Based Selection,12',"April 25, 2024",65075.0,Post
1880086,P162833,Improving the Performance of Non-Criminal Justice Services,1880086,Consultant Services,Peru,"April 9, 2026",Ruben Leonel Ruano Chinchilla,Individual Consultant Selection,PE-PJ-504144-CS-INDV,"September 24, 2025",8570.2,Post
1880087,P169629,Strengthening Pre-Service Education System for Health Professionals Project,1880087,Goods,Cambodia,"April 10, 2026",Sang Minh Le,Request for Bids,SPESHP-GO-RFB-44,"February 16, 2026",138900.0,Post
1880088,P178545,Community Livelihood Enhancement And Resilience,1880088,Consultant Services,Lao People's Democratic Republic,"April 10, 2026",Kaori Oshima,Individual Consultant Selection,CLEAR_SDC_C-070 (0172/CLEAR),"March 12, 2026",36000.0,Post
1880089,P165129,Integrated Project for Source Sustainability and Climate Resilient Rain-fed Agriculture in Himachal Pradesh,1880089,Works,India,"April 10, 2026",Saumya Srivastava,Request for Quotations,"IN-DPO, SOLAN-486504-CW-RFQ","August 18, 2025",8886.13,Post
1880091,P177325,Tajikistan Water Supply and Sanitation Investment Project,1880091,Consultant Services,Tajikistan,"April 10, 2026",Odete Duarte Muximpua,Individual Consultant Selection,WSIP-DC-PMU/008,"September 30, 2024",14400.0,Post
1880090,P173368,Cambodia Health Equity and Quality Improvement Project - Phase 2,1880090,Goods,Cambodia,"April 10, 2026",Rianna L. Mohammed,Request for Quotations,H-EQIP-II-GO-RFB-PMD/PBC5-02,"December 3, 2025",55066.0,Post
1880092,P177646,Comoros Solar Energy Access Project,1880092,Consultant Services,Comoros,"April 10, 2026",Komenan Koffi,Individual Consultant Selection,KM-AEP SONELEC-487257-CS-INDV,"October 16, 2024",249.1,Post
1880093,P167790,Higher Education Project,1880093,Goods,Moldova,"April 10, 2026",Maria Magdalena Bendini,Request for Bids,MD-TECHUNI-403117-GO-RFB,"October 23, 2024",840348.0,Post
1880094,P171524,RESILAND CA+ Program: Tajikistan Resilient Landscape Restoration Project,1880094,Goods,Tajikistan,"April 10, 2026",Asferachew Abate Abebe,Request for Bids,"TRLRP-G-2,1-NFI-0125","January 30, 2026",335524.65,Post
1880096,P162263,Water Services and Institutional Support Project,1880096,Consultant Services,Uzbekistan,"April 10, 2026",Odete Duarte Muximpua,Individual Consultant Selection,KSP-ICS-01,"February 6, 2026",16800.0,Post
1880097,P506569,Transforming Access and Learning in Madagascar,1880097,Goods,Madagascar,"April 10, 2026",Almedina Music,Direct Selection,MG-TALIM-UFP-URGENCE-543709-GO-DIR,"April 7, 2026",2045622.73,Prior
1880098,P162263,Water Services and Institutional Support Project,1880098,Consultant Services,Uzbekistan,"April 10, 2026",Odete Duarte Muximpua,Individual Consultant Selection,WASIS/18,"February 13, 2026",20160.0,Post
1880099,P162263,Water Services and Institutional Support Project,1880099,Consultant Services,Uzbekistan,"April 10, 2026",Odete Duarte Muximpua,Individual Consultant Selection,KSP-ICS-03,"March 3, 2026",16800.0,Post
1880103,P177298,Somalia Enhancing Public Resource Management Project,1880103,Consultant Services,Kenya,"April 10, 2026",May Olalia,Consultant Qualification Selection,SO-MOF-499517-CS-CQS,"October 16, 2025",185606.0,Post
1880100,P174002,Sustainable Rural Economy Program,1880100,Works,Mozambique,"April 10, 2026",Blessings Nyanjagha Botha,Request for Quotations,51/BIOFUND/MOZRURAL/W/RFQ/25,"March 16, 2026",149585.06,Post
1880101,P165129,Integrated Project for Source Sustainability and Climate Resilient Rain-fed Agriculture in Himachal Pradesh,1880101,Works,India,"April 10, 2026",Saumya Srivastava,Request for Quotations,"IN-DPO, SOLAN-486499-CW-RFQ","August 7, 2025",15768.9,Post
1880102,P174002,Sustainable Rural Economy Program,1880102,Consultant Services,Mozambique,"April 10, 2026",Blessings Nyanjagha Botha,Individual Consultant Selection,55/BIOFUND/MOZRURAL/INDV/CS/25,"March 19, 2026",34408.7,Post
1880104,P177895,MSME Competitiveness Project,1880104,Consultant Services,Moldova,"April 10, 2026",Graciela Miralles Murciego,Individual Consultant Selection,MD-CEP-537246-CS-INDV,"April 7, 2026",50070.74,Post
1880105,P172479,Strengthen Ethiopia’s Adaptive Safety Net,1880105,Goods,Ethiopia,"April 10, 2026",Christabel E. Dadzie,Request for Quotations,ET-TIGRAY FSCO-486335-GO-RFQ,"May 30, 2025",10234.03,Post
1880106,P165129,Integrated Project for Source Sustainability and Climate Resilient Rain-fed Agriculture in Himachal Pradesh,1880106,Works,India,"April 10, 2026",Saumya Srivastava,Request for Quotations,"IN-DPO, SOLAN-486499-CW-RFQ","August 7, 2025",15772.14,Post
1880107,P167794,"One WASH—Consolidated Water Supply, Sanitation, and Hygiene Account Project (One WASH—CWA)",1880107,Works,Ethiopia,"April 10, 2026",Taibou Adamou Maiga,Request for Quotations,ET-MOH-320371-CW-RFQ,"May 6, 2023",8790.14,Post
1880108,P172479,Strengthen Ethiopia’s Adaptive Safety Net,1880108,Goods,Ethiopia,"April 10, 2026",Christabel E. Dadzie,Request for Quotations,ET-TIGRAY FSCO-481741-GO-RFQ,"February 12, 2025",7429.14,Post
1880109,P165128,Boosting Inclusive Growth for Zanzibar: Integrated Development Project,1880109,Consultant Services,Tanzania,"April 10, 2026",Lulu Simon Dunia,Direct Selection,TZ-POFP-538688-CS-CDS,"April 2, 2026",178500.0,Post
1880110,P165129,Integrated Project for Source Sustainability and Climate Resilient Rain-fed Agriculture in Himachal Pradesh,1880110,Works,India,"April 10, 2026",Saumya Srivastava,Request for Quotations,"IN-DPO, SOLAN-486499-CW-RFQ","August 7, 2025",15772.14,Post
1880111,P167794,"One WASH—Consolidated Water Supply, Sanitation, and Hygiene Account Project (One WASH—CWA)",1880111,Works,Ethiopia,"April 10, 2026",Taibou Adamou Maiga,Request for Quotations,ET-MOH-320389-CW-RFQ,"May 29, 2023",7482.8,Post
1880112,P165129,Integrated Project for Source Sustainability and Climate Resilient Rain-fed Agriculture in Himachal Pradesh,1880112,Works,India,"April 10, 2026",Saumya Srivastava,Request for Quotations,"IN-DPO, SOLAN-486499-CW-RFQ","August 11, 2025",15840.01,Post
1880113,P169629,Strengthening Pre-Service Education System for Health Professionals Project,1880113,Consultant Services,Cambodia,"April 10, 2026",Sang Minh Le,Individual Consultant Selection,SPESHP-CS-INDV-43,"December 1, 2025",3294.11,Post
1880114,P172479,Strengthen Ethiopia’s Adaptive Safety Net,1880114,Goods,Ethiopia,"April 10, 2026",Christabel E. Dadzie,Request for Quotations,ET-TIGRAY FSCO-481736-GO-RFQ,"December 28, 2024",6404.11,Post
1880115,P165129,Integrated Project for Source Sustainability and Climate Resilient Rain-fed Agriculture in Himachal Pradesh,1880115,Works,India,"April 10, 2026",Saumya Srivastava,Request for Quotations,"IN-DPO, SOLAN-486499-CW-RFQ","August 18, 2025",8886.21,Post
1880116,P165129,Integrated Project for Source Sustainability and Climate Resilient Rain-fed Agriculture in Himachal Pradesh,1880116,Works,India,"April 10, 2026",Saumya Srivastava,Request for Quotations,"IN-DPO, SOLAN-486499-CW-RFQ","August 18, 2025",10530.02,Post
1880117,P169629,Strengthening Pre-Service Education System for Health Professionals Project,1880117,Consultant Services,Cambodia,"April 10, 2026",Sang Minh Le,Individual Consultant Selection,SPESHP-CS-INDV-11A,"December 1, 2025",1371.76,Post
1880118,P504532,"Democratic Republic of Congo Health Emergency Preparedness, Response, and Resilience Project",1880118,Non-consulting Services,United States,"April 10, 2026",Adama Traore,Direct Selection,ZR-DRC-MSP-542708-NC-DIR,"April 7, 2026",1596693.33,Post
1880119,P173734,Climate Resilient Water Services Project,1880119,Works,Kyrgyz Republic,"April 10, 2026",Odete Duarte Muximpua,Request for Bids,IDA-CRWSP-CW-RFB-9-9,"July 30, 2025",399959.94,Post
1880120,P165129,Integrated Project for Source Sustainability and Climate Resilient Rain-fed Agriculture in Himachal Pradesh,1880120,Works,India,"April 10, 2026",Saumya Srivastava,Request for Quotations,"IN-DPO, SOLAN-486509-CW-RFQ","August 12, 2025",15818.17,Post
1880123,P167945,Burkina Faso Agriculture Resilience and Competitiveness Project,1880123,Works,Burkina Faso,"April 10, 2026",Idriss Serme,Request for Bids,BF-PRECA-215447-CW-RFB,"December 13, 2021",65787.37,Post
1880122,P178566,Food Systems Resilience Program for Eastern and Southern Africa,1880122,Non-consulting Services,Madagascar,"April 10, 2026",Hanane Ahmed,Request for Bids,NC 12-25/CN,"March 17, 2026",242097.1,Post
1880121,P167945,Burkina Faso Agriculture Resilience and Competitiveness Project,1880121,Works,Burkina Faso,"April 10, 2026",Idriss Serme,Request for Bids,BF-PRECA-215447-CW-RFB,"December 3, 2021",95947.15,Post
1880124,P165129,Integrated Project for Source Sustainability and Climate Resilient Rain-fed Agriculture in Himachal Pradesh,1880124,Works,India,"April 10, 2026",Saumya Srivastava,Request for Quotations,"IN-DPO, SOLAN-486509-CW-RFQ","August 12, 2025",15820.79,Post
1880125,P165129,Integrated Project for Source Sustainability and Climate Resilient Rain-fed Agriculture in Himachal Pradesh,1880125,Works,India,"April 10, 2026",Saumya Srivastava,Request for Quotations,"IN-DPO, SOLAN-486509-CW-RFQ","August 7, 2025",15781.96,Post
1880126,P167945,Burkina Faso Agriculture Resilience and Competitiveness Project,1880126,Works,Burkina Faso,"April 10, 2026",Idriss Serme,Request for Bids,BF-PRECA-215447-CW-RFB,"December 3, 2021",57507.7,Post
1880127,P165129,Integrated Project for Source Sustainability and Climate Resilient Rain-fed Agriculture in Himachal Pradesh,1880127,Works,India,"April 10, 2026",Saumya Srivastava,Request for Quotations,"IN-DPO, SOLAN-486509-CW-RFQ","August 7, 2025",15772.14,Post
1880128,P504531,"Burundi Health Emergency Preparedness, Response, and Resilience Project",1880128,Consultant Services,Burundi,"April 10, 2026",Olivier Basenya,Individual Consultant Selection,BI-MOH-494798-CS-INDV,"March 31, 2026",108079.12,Post
1880129,P167945,Burkina Faso Agriculture Resilience and Competitiveness Project,1880129,Works,Burkina Faso,"April 10, 2026",Idriss Serme,Request for Bids,BF-PRECA-212967-CW-RFB,"December 9, 2021",142265.66,Post
1880131,P168633,Kerala Solid Waste Management Project,1880131,Works,India,"April 10, 2026",Zhiyu Jerry Chen,Request for Quotations,IN-ULB KAN SRE-491573-CW-RFQ,"August 7, 2025",37219.36,Post
1880130,P173249,Indonesia Disaster Risk Finance & Insurance,1880130,Non-consulting Services,Indonesia,"April 10, 2026",Dara Lengkong,Request for Quotations,ID-IEF-541615-NC-RFQ,"March 11, 2026",10637.4,Post
1880132,P178954,Water and Sanitation Project - I,1880132,Consultant Services,Malawi,"April 10, 2026",Ivaylo Hristov Kolev,Individual Consultant Selection,MW-BWB-404598-CS-INDV,"April 30, 2024",5688.4,Post
1880133,P167945,Burkina Faso Agriculture Resilience and Competitiveness Project,1880133,Works,Burkina Faso,"April 10, 2026",Idriss Serme,Request for Bids,BF-PRECA-212967-CW-RFB,"December 9, 2021",158729.62,Post
1880135,P501343,Strengthening Electricity Services Project,1880135,Consultant Services,Cameroon,"April 10, 2026",Daniel Camos Daurella,Quality And Cost-Based Selection,CG-032-PASEL-SC-25,"March 31, 2026",24216.39,Post
1880134,P172657,Improving Learning and Empowering Girls in Mozambique,1880134,Works,Mozambique,"April 10, 2026",Lucia Jose Nhampossa,Request for Bids,6/W/RFB/ILEGP/24,"October 29, 2025",6664848.38,Prior
1880136,P165129,Integrated Project for Source Sustainability and Climate Resilient Rain-fed Agriculture in Himachal Pradesh,1880136,Goods,India,"April 10, 2026",Saumya Srivastava,Request for Quotations,IN-HPFD-177891-GO-RFQ,"January 11, 2021",54.85,Post
1880137,P165129,Integrated Project for Source Sustainability and Climate Resilient Rain-fed Agriculture in Himachal Pradesh,1880137,Goods,India,"April 10, 2026",Saumya Srivastava,Request for Quotations,IN-HPFD-177891-GO-RFQ,"January 5, 2021",69027.29,Post
1880138,P165129,Integrated Project for Source Sustainability and Climate Resilient Rain-fed Agriculture in Himachal Pradesh,1880138,Goods,India,"April 10, 2026",Saumya Srivastava,Request for Quotations,IN-HPFD-177891-GO-RFQ,"March 9, 2021",9618.97,Post
1880139,P176693,Sub-Saharan Africa Women’s Empowerment and Demographic Dividend Plus Project,1880139,Consultant Services,Chad,"April 10, 2026",Eleonora Cavagnero,Individual Consultant Selection,TD-SWEDD–TD-500432-CS-INDV,"December 30, 2025",8843.16,Post
1880142,P167945,Burkina Faso Agriculture Resilience and Competitiveness Project,1880142,Works,Burkina Faso,"April 10, 2026",Idriss Serme,Request for Bids,BF-PRECA-212967-CW-RFB,"December 13, 2021",339265.4,Post
1880141,P167945,Burkina Faso Agriculture Resilience and Competitiveness Project,1880141,Works,Burkina Faso,"April 10, 2026",Idriss Serme,Request for Bids,BF-PRECA-212967-CW-RFB,"December 9, 2021",101200.8,Post
1880143,P167945,Burkina Faso Agriculture Resilience and Competitiveness Project,1880143,Works,Burkina Faso,"April 10, 2026",Idriss Serme,Request for Bids,BF-PRECA-212967-CW-RFB,"December 13, 2021",333645.71,Post
1880140,P167945,Burkina Faso Agriculture Resilience and Competitiveness Project,1880140,Works,Burkina Faso,"April 10, 2026",Idriss Serme,Request for Bids,BF-PRECA-212967-CW-RFB,"December 9, 2021",142142.73,Post
1880144,P169150,Fostering and Leveraging Opportunities for Water Security Program,1880144,Consultant Services,Switzerland,"April 10, 2026",Hector Alexander Serrano,Direct Selection,FLOWS1-CS-DS-20,"March 27, 2026",91621.28,Post
1880145,P172657,Improving Learning and Empowering Girls in Mozambique,1880145,Works,Mozambique,"April 10, 2026",Lucia Jose Nhampossa,Request for Bids,6/W/RFB/ILEGP/24,"September 30, 2025",2795163.83,Prior
1880147,P175237,Agro-Climatic Resilience in Semi-Arid Landscapes (ACReSAL),1880147,Consultant Services,Nigeria,"April 10, 2026",Iganya Joy Agene,Consultant Qualification Selection,NG-ZAMFARA STATE ACRESA-500334-CS-CQS,"November 3, 2025",199742.95,Post
1880146,P167328,Water and Sanitation Sectoral Project,1880146,Consultant Services,Mauritania,"April 10, 2026",Mohamed Nanzoul,Least Cost Selection,07/PI/PSEA/2021,"March 14, 2022",9738.42,Post
1880148,P169150,Fostering and Leveraging Opportunities for Water Security Program,1880148,Consultant Services,Switzerland,"April 10, 2026",Hector Alexander Serrano,Direct Selection,FLOWS1-CS-DS-23,"March 27, 2026",97106.88,Post
1880149,P169150,Fostering and Leveraging Opportunities for Water Security Program,1880149,Consultant Services,Ethiopia,"April 10, 2026",Hector Alexander Serrano,Direct Selection,FLOWS1-CS-DS-22,"March 27, 2026",21738.17,Post
1880150,P169150,Fostering and Leveraging Opportunities for Water Security Program,1880150,Consultant Services,United Kingdom,"April 10, 2026",Hector Alexander Serrano,Direct Selection,FLOWS1-CS-DS-21,"March 27, 2026",47794.79,Post
1880151,P172657,Improving Learning and Empowering Girls in Mozambique,1880151,Works,Mozambique,"April 10, 2026",Lucia Jose Nhampossa,Request for Bids,6/W/RFB/ILEGP/24,"September 23, 2025",5380040.53,Prior
1880152,P178040,Angola Strengthening Governance for Enhanced Service Delivery Project,1880152,Consultant Services,Angola,"April 10, 2026",Eduardo Andres Estrada,Quality And Cost-Based Selection,46/C4/C/PROFOGMEPS/24,"April 7, 2026",1617300.0,Prior
1880153,P173734,Climate Resilient Water Services Project,1880153,Works,Kyrgyz Republic,"April 10, 2026",Odete Duarte Muximpua,Request for Bids,IDA-CRWSP-CW-RFB-4-4,"December 1, 2025",2066719.22,Post
1880154,P176693,Sub-Saharan Africa Women’s Empowerment and Demographic Dividend Plus Project,1880154,Goods,Chad,"April 10, 2026",Eleonora Cavagnero,Request for Quotations,TD-SWEDD–TD-531373-GO-RFQ,"March 12, 2026",70731.06,Post
1880155,P169150,Fostering and Leveraging Opportunities for Water Security Program,1880155,Consultant Services,India,"April 10, 2026",Hector Alexander Serrano,Quality And Cost-Based Selection,FLOWS-CS-QCBS-07,"March 23, 2026",1445515.28,Prior
1880157,P166570,Uganda Secondary Education Expansion Project,1880157,Works,Uganda,"April 10, 2026",Julia Liberman,Request for Bids,UG-MOES-470272-CW-RFB,"February 17, 2026",1790871.18,Prior
1880156,P169198,Social Support for Resilient Livelihoods Project,1880156,Goods,United Arab Emirates,"April 10, 2026",Chipo Msowoya,Request for Bids,MW-NLGFC-541075-GO-RFB,"April 1, 2026",360000.0,Post
1880159,P166570,Uganda Secondary Education Expansion Project,1880159,Works,Uganda,"April 10, 2026",Julia Liberman,Request for Bids,UG-MOES-470272-CW-RFB,"February 19, 2026",1651502.85,Prior
1880158,P176693,Sub-Saharan Africa Women’s Empowerment and Demographic Dividend Plus Project,1880158,Consultant Services,Chad,"April 10, 2026",Eleonora Cavagnero,Direct Selection,TD-SWEDD–TD-469112-CS-CDS,"December 30, 2025",258017.56,Post
1880162,P171762,Enhancing Collection of Revenue and Expenditure Management Project,1880162,Consultant Services,"Congo, Democratic Republic of","April 10, 2026",Ruxandra Burdescu,Individual Consultant Selection,ZR-COREF-345018-CS-INDV,"August 1, 2023",48000.0,Post
1880160,P168308,Urban Resilience and Solid Waste Management Project,1880160,Consultant Services,Cote d'Ivoire,"April 10, 2026",Vivien Deparday,Quality And Cost-Based Selection,CI-PARU-448557-CS-QCBS,"March 9, 2026",516853.59,Post
1880163,P171056,Support for Resilient Livelihoods in the South of Madagascar - MIONJO Project,1880163,Consultant Services,Madagascar,"April 10, 2026",Joanna Peace De Berry,Individual Consultant Selection,MG-MIONJO-510332-CS-INDV,"March 30, 2026",3231.54,Post
1880161,P503941,Zambia Refugee and Host Communities Project - ZRHCP,1880161,Works,Zambia,"April 10, 2026",Matthew Stephens,Request for Bids,ZM-MHAIS-507865-CW-RFB,"April 7, 2026",163591.61,Post
1880164,P171762,Enhancing Collection of Revenue and Expenditure Management Project,1880164,Consultant Services,"Congo, Democratic Republic of","April 10, 2026",Ruxandra Burdescu,Individual Consultant Selection,ZR-COREF-345088-CS-INDV,"September 1, 2023",39600.0,Post
1880165,P171762,Enhancing Collection of Revenue and Expenditure Management Project,1880165,Consultant Services,"Congo, Democratic Republic of","April 10, 2026",Ruxandra Burdescu,Individual Consultant Selection,ZR-COREF-345088-CS-INDV,"November 13, 2023",39600.0,Post
1880166,P503941,Zambia Refugee and Host Communities Project - ZRHCP,1880166,Works,Zambia,"April 10, 2026",Matthew Stephens,Request for Bids,ZM-MHAIS-507862-CW-RFB,"April 7, 2026",257996.35,Post
1880167,P166013,Comprehensive Approach to Health System Strengthening,1880167,Goods,Netherlands,"April 10, 2026",Cedric Ndizeye,Direct Selection,KM-UGP SN-535146-GO-DIR,"March 5, 2026",266071.55,Post
1880169,P171762,Enhancing Collection of Revenue and Expenditure Management Project,1880169,Goods,"Congo, Democratic Republic of","April 10, 2026",Ruxandra Burdescu,Request for Quotations,ZR-COREF-378875-GO-RFQ,"November 30, 2023",5350.0,Post
1880168,P171762,Enhancing Collection of Revenue and Expenditure Management Project,1880168,Goods,"Congo, Democratic Republic of","April 10, 2026",Ruxandra Burdescu,Request for Quotations,ZR-COREF-378705-GO-RFQ,"March 26, 2024",69243.82,Post
1880170,P160865,Livestock Productivity and Resilience Support Project,1880170,Works,Nigeria,"April 10, 2026",Manievel Sene,Request for Bids,NG-ONDO L-PRES-486688-CW-RFB,"March 27, 2026",268051.87,Prior
1880171,P166013,Comprehensive Approach to Health System Strengthening,1880171,Goods,Netherlands,"April 10, 2026",Cedric Ndizeye,Direct Selection,KM-UGP SN-535506-GO-DIR,"March 5, 2026",188656.56,Post
1880173,P168779,Niger Learning Improvement for Results in Education Project,1880173,Consultant Services,Niger,"April 10, 2026",Marie Jacqueline Yvette Sacadura,Consultant Qualification Selection,NE-P-LIRE-532320-CS-CQS,"March 24, 2026",362867.06,Post
1880172,P166570,Uganda Secondary Education Expansion Project,1880172,Works,Uganda,"April 10, 2026",Julia Liberman,Request for Bids,UG-MOES-470272-CW-RFB,"February 19, 2026",1893059.05,Prior
1880174,P168779,Niger Learning Improvement for Results in Education Project,1880174,Consultant Services,Burkina Faso,"April 10, 2026",Marie Jacqueline Yvette Sacadura,Individual Consultant Selection,NE-P-LIRE-532322-CS-INDV,"March 26, 2026",40081.95,Post
1880175,P164293,Burkina Faso Higher Education Support Project,1880175,Goods,Burkina Faso,"April 10, 2026",Amina Debissa Denboba,Request for Bids,BF-PAES-165412-GO-RFB,"July 22, 2022",2045378.96,Prior
1880176,P164293,Burkina Faso Higher Education Support Project,1880176,Goods,Burkina Faso,"April 10, 2026",Amina Debissa Denboba,Request for Bids,BF-PAES-165412-GO-RFB,"July 28, 2022",2014867.9,Prior
1880178,P178831,Tajikistan Millati Solim Project,1880178,Consultant Services,Tajikistan,"April 10, 2026",Takahiro Hasumi,Quality And Cost-Based Selection,MOHSP/TMSP/QCBS/025/005,"April 2, 2026",236913.84,Post
1880177,P164293,Burkina Faso Higher Education Support Project,1880177,Goods,Burkina Faso,"April 10, 2026",Amina Debissa Denboba,Request for Bids,BF-PAES-165412-GO-RFB,"July 22, 2022",2057601.02,Prior
1880179,P164293,Burkina Faso Higher Education Support Project,1880179,Goods,Burkina Faso,"April 10, 2026",Amina Debissa Denboba,Request for Bids,BF-PAES-165412-GO-RFB,"July 28, 2022",1764371.87,Prior
1880181,P169222,Girls Empowerment and Quality Education for All Project,1880181,Works,Sao Tome and Principe,"April 10, 2026",Natasha De Andrade Falcao,Request for Bids,109/W/GEE/2025,"April 8, 2026",794965.08,Post
1880180,P169222,Girls Empowerment and Quality Education for All Project,1880180,Works,Sao Tome and Principe,"April 10, 2026",Natasha De Andrade Falcao,Request for Bids,109/W/GEE/2025,"April 8, 2026",532408.18,Post
1880183,P179751,SPF: Dominican Republic Multisectoral Response to Human Mobility,1880183,Consultant Services,Dominican Republic,"April 10, 2026",Ana Isabel Aguilera De Llano,Individual Consultant Selection,DO-MRHM-529451-CS-INDV,"March 18, 2026",6000.0,Post
1880182,P504532,"Democratic Republic of Congo Health Emergency Preparedness, Response, and Resilience Project",1880182,Goods,"Congo, Democratic Republic of","April 10, 2026",Adama Traore,Direct Selection,ZR-DRC-MSP-522380-GO-DIR,"February 12, 2026",1994612.0,Post
1880184,P167054,Improvement of Skills Development in Mozambique,1880184,Consultant Services,Mozambique,"April 10, 2026",Ana Ruth Menezes,Individual Consultant Selection,C120-A,"March 13, 2026",78075.0,Post
1880186,P169265,Harmonizing and Improving Statistics in West Africa,1880186,Non-consulting Services,Cote d'Ivoire,"April 10, 2026",Aboudrahyme Savadogo,Request for Quotations,CI-INS COTE D'IVOIRE-537816-NC-RFQ,"March 27, 2026",462836.68,Post
1880185,P177146,Urban Resilience Emergency Project,1880185,Consultant Services,Burundi,"April 10, 2026",Candice Andrea Gray Bernard,Individual Consultant Selection,BI-MIELS-PIU-474654-CS-INDV,"March 27, 2026",95286.8,Post
1880187,P162833,Improving the Performance of Non-Criminal Justice Services,1880187,Consultant Services,Peru,"April 10, 2026",Ruben Leonel Ruano Chinchilla,Individual Consultant Selection,PE-PJ-482770-CS-INDV,"August 22, 2025",1280.0,Post
1880188,P151224,Second Water Sector Institutional Development Project,1880188,Goods,Angola,"April 10, 2026",Marco Antonio Aguero,Request for Quotations,185G4/EPAL/25,"August 29, 2025",24515.84,Post
1880189,P151224,Second Water Sector Institutional Development Project,1880189,Consultant Services,Angola,"April 10, 2026",Marco Antonio Aguero,Direct Selection,35BCS4/UCP/25,"May 2, 2025",172350.0,Post
1880191,P151224,Second Water Sector Institutional Development Project,1880191,Goods,Angola,"April 10, 2026",Marco Antonio Aguero,Request for Quotations,185G4/EPAL/25,"August 22, 2025",359.23,Post
1880190,P166187,Competitiveness and Sector Diversification,1880190,Consultant Services,Suriname,"April 10, 2026",Ifeyinwa Uchenna Nwando Bonheur,Direct Selection,SR-MEA-530148-CS-CDS,"March 30, 2026",17758.87,Post
1880192,P180925,BDI Human Capital Development Project,1880192,Consultant Services,Algeria,"April 10, 2026",Boubakar Lompo,Individual Consultant Selection,BI-MENRS-PIU-522135-CS-INDV,"April 2, 2026",30154.0,Post
1880194,P173197,Regional Sahel Pastoralism Support Project II,1880194,Consultant Services,Mauritania,"April 10, 2026",Franck Berthe,Individual Consultant Selection,05/PI/PRAPS II/2025,"February 12, 2026",47683.44,Post
1880193,P168772,Valorization of Investments in the Valley of the Logone,1880193,Goods,Cameroon,"April 10, 2026",Thierry Davy,Request for Quotations,CM-SEMRY-483933-GO-RFQ,"August 27, 2025",33218.17,Post
1880195,P162833,Improving the Performance of Non-Criminal Justice Services,1880195,Consultant Services,Peru,"April 10, 2026",Ruben Leonel Ruano Chinchilla,Individual Consultant Selection,PE-PJ-482792-CS-INDV,"July 21, 2025",1777.78,Post
1880196,P156239,CO Plan PAZcifico:Water Supply and Basic Sanitation Infrastructure and Service Delivery Project,1880196,Consultant Services,Colombia,"April 10, 2026",Daniela Villalba,Individual Consultant Selection,PTSP-BIRF-8649-382,"March 16, 2026",3950.44,Post
1880198,P156239,CO Plan PAZcifico:Water Supply and Basic Sanitation Infrastructure and Service Delivery Project,1880198,Consultant Services,Colombia,"April 10, 2026",Daniela Villalba,Individual Consultant Selection,57833-PTSP-016-2026,"March 16, 2026",3888.97,Post
1880197,P156239,CO Plan PAZcifico:Water Supply and Basic Sanitation Infrastructure and Service Delivery Project,1880197,Consultant Services,Colombia,"April 10, 2026",Daniela Villalba,Individual Consultant Selection,57833-PTSP-022-2026,"March 16, 2026",5731.98,Post
1880199,P156239,CO Plan PAZcifico:Water Supply and Basic Sanitation Infrastructure and Service Delivery Project,1880199,Consultant Services,Colombia,"April 10, 2026",Daniela Villalba,Individual Consultant Selection,57833-PTSP-023-2026,"March 16, 2026",4526.69,Post
1880202,P156239,CO Plan PAZcifico:Water Supply and Basic Sanitation Infrastructure and Service Delivery Project,1880202,Consultant Services,Colombia,"April 10, 2026",Daniela Villalba,Individual Consultant Selection,57833-PTSP-019-2026,"March 16, 2026",8832.22,Post
1880200,P162833,Improving the Performance of Non-Criminal Justice Services,1880200,Consultant Services,Peru,"April 10, 2026",Ruben Leonel Ruano Chinchilla,Individual Consultant Selection,PE-PJ-482769-CS-INDV,"August 22, 2025",1280.0,Post
1880203,P162833,Improving the Performance of Non-Criminal Justice Services,1880203,Consultant Services,Peru,"April 10, 2026",Ruben Leonel Ruano Chinchilla,Individual Consultant Selection,PE-PJ-482577-CS-INDV,"July 4, 2025",11851.86,Post
1880201,P171528,Caribbean Digital Transformation Project,1880201,Goods,St. Lucia,"April 10, 2026",Marolla Haddad,Request for Bids,SVG-CARDTP-GO-RFB-8,"August 5, 2025",13520.51,Post
1880204,P162833,Improving the Performance of Non-Criminal Justice Services,1880204,Consultant Services,Peru,"April 10, 2026",Ruben Leonel Ruano Chinchilla,Individual Consultant Selection,PE-PJ-488245-CS-INDV,"June 9, 2025",4108.64,Post
1880205,P176532,Restoring Essential Services for Health and Advancing Preparedness for Emergencies Project,1880205,Consultant Services,Honduras,"April 10, 2026",Nicolas Collin Dit De Montesson,Individual Consultant Selection,HN-SESAL-540022-CS-INDV,"April 6, 2026",19955.46,Post
1880206,P176989,China Plastic Waste Reduction Project (Shaanxi),1880206,Consultant Services,China,"April 10, 2026",Jian Xie,Consultant Qualification Selection,CPWRP-PPMO-CS-01,"February 4, 2026",231383.17,Post
1880207,P172479,Strengthen Ethiopia’s Adaptive Safety Net,1880207,Goods,Ethiopia,"April 10, 2026",Christabel E. Dadzie,Request for Quotations,ET-SOMALI ABKROWOFED-486382-GO-RFQ,"May 15, 2025",25946.24,Post
1880208,P178176,Empowering Women Entrepreneurs and Upgrading MSMEs for Economic Transformation and Jobs in DRC Project,1880208,Goods,"Congo, Democratic Republic of","April 10, 2026",Zouhour Karray,Request for Quotations,ZR-TRANSFORME-513104-GO-RFQ,"February 18, 2026",102168.16,Post
1880209,P175977,Honduras Tropical Cyclones Eta and Iota Emergency Recovery Project,1880209,Consultant Services,Honduras,"April 10, 2026",Giuliana De Mendiola Ramirez,Consultant Qualification Selection,HN-SEDECOAS-457820-CS-CQS,"January 8, 2026",604687.31,Post
1880210,P171528,Caribbean Digital Transformation Project,1880210,Goods,St. Vincent and the Grenadines,"April 10, 2026",Marolla Haddad,Request for Quotations,SVGCARDTP-GO-RFQ-11,"June 17, 2025",39926.06,Post
1880211,P167156,Nigeria: Improved Child Survival Program for Human Capital MPA,1880211,Goods,Nigeria,"April 10, 2026",Onoriode Ezire,Request for Bids,NG-CROSS RIVER STATE IM-513714-GO-RFB,"December 10, 2025",378337.46,Post
1880213,P178362,Cote d’Ivoire Inclusive Connectivity and Rural Infrastructure Project,1880213,Goods,Cote d'Ivoire,"April 10, 2026",Oceane Keou,Request for Quotations,CI-CC-PRICI-524481-GO-RFQ,"January 6, 2026",282130.38,Post
1880212,P170664,Adolescent Girls Initiative for Learning and Empowerment,1880212,Consultant Services,Nigeria,"April 10, 2026",Shinsaku Nomura,Individual Consultant Selection,NG-NPCU-318798-CS-INDV,"October 12, 2022",15800.81,Post
1880214,P171528,Caribbean Digital Transformation Project,1880214,Goods,Turkiye,"April 10, 2026",Marolla Haddad,Request for Bids,SVG-CARDTP-GO-RFB-8,"August 8, 2025",1304887.55,Post
1880215,P178497,Harmonizing and Improving Statistics in West and Central Africa - Series of Projects 1 (HISWACA - SOP 1),1880215,Goods,Guinea-Bissau,"April 10, 2026",Abdoullahi Beidou,Request for Bids,GW-INE-BISSAU-521665-GO-RFB,"April 8, 2026",390007.31,Post
1880216,P167678,Gazetted Forests Management Project,1880216,Consultant Services,Benin,"April 10, 2026",Jean-Dominique Luc Marie Bescond,Individual Consultant Selection,BJ-WACA -514507-CS-INDV,"December 16, 2025",17722.43,Post
1880217,P169267,Support to Land and Mining Management Strengthening Project,1880217,Non-consulting Services,Burkina Faso,"April 10, 2026",Boubacar Bocoum,Request for Quotations,BF-MINES-404138-NC-RFQ,"October 17, 2024",50038.01,Post
1880218,P178497,Harmonizing and Improving Statistics in West and Central Africa - Series of Projects 1 (HISWACA - SOP 1),1880218,Goods,Guinea-Bissau,"April 10, 2026",Abdoullahi Beidou,Request for Quotations,GW-INE-BISSAU-512120-GO-RFQ,"April 8, 2026",78503.67,Post
1880219,P178497,Harmonizing and Improving Statistics in West and Central Africa - Series of Projects 1 (HISWACA - SOP 1),1880219,Goods,Guinea-Bissau,"April 10, 2026",Abdoullahi Beidou,Request for Quotations,GW-INE-BISSAU-521668-GO-RFQ,"April 8, 2026",41962.43,Post
1880223,P170664,Adolescent Girls Initiative for Learning and Empowerment,1880223,Goods,Nigeria,"April 10, 2026",Shinsaku Nomura,Request for Quotations,NG-NPCU-446796-GO-RFQ,"October 10, 2024",2172.61,Post
1880221,P178497,Harmonizing and Improving Statistics in West and Central Africa - Series of Projects 1 (HISWACA - SOP 1),1880221,Goods,Guinea-Bissau,"April 10, 2026",Abdoullahi Beidou,Request for Quotations,GW-INE-BISSAU-521662-GO-RFQ,"April 9, 2026",31418.25,Post
1880222,P170664,Adolescent Girls Initiative for Learning and Empowerment,1880222,Consultant Services,Nigeria,"April 10, 2026",Shinsaku Nomura,Direct Selection,NG-NPCU-438726-CS-CDS,"October 23, 2024",58462.99,Post
1880220,P170664,Adolescent Girls Initiative for Learning and Empowerment,1880220,Consultant Services,Nigeria,"April 10, 2026",Shinsaku Nomura,Individual Consultant Selection,NG-NPCU-322547-CS-CDS,"November 18, 2022",42501.84,Post
1880224,P178035,Accelerating Economic Diversification and Job Creation Project,1880224,Consultant Services,Portugal,"April 10, 2026",Sunita Varada,Individual Consultant Selection,60ACS4/MINPLAN/25,"January 19, 2026",7000.0,Post
1880227,P174178,Social Protection and Youth Productive Inclusion Project,1880227,Goods,"Congo, Republic of","April 10, 2026",Gbetoho Joachim Boko,Request for Quotations,CG-PSIPJ-154-F-CF-2025,"November 13, 2025",11984.59,Post
1880226,P174178,Social Protection and Youth Productive Inclusion Project,1880226,Goods,"Congo, Republic of","April 10, 2026",Gbetoho Joachim Boko,Request for Quotations,CG-PSIPJ-154-F-CF-2025,"November 13, 2025",19684.51,Post
1880225,P162278,National Urban Cadaster and Municipal Support Project,1880225,Consultant Services,Peru,"April 10, 2026",Gabriel Sergio Arrisueno Fajardo,Individual Consultant Selection,CONTRATO N°033-2026-UE003/COFOPRI,"April 1, 2026",11851.85,Post
1880229,P174178,Social Protection and Youth Productive Inclusion Project,1880229,Goods,"Congo, Republic of","April 10, 2026",Gbetoho Joachim Boko,Request for Quotations,CG-PSIPJ-154-F-CF-2025,"November 13, 2025",804.13,Post
1880228,P174178,Social Protection and Youth Productive Inclusion Project,1880228,Goods,"Congo, Republic of","April 10, 2026",Gbetoho Joachim Boko,Request for Quotations,CG-PSIPJ-154-F-CF-2025,"November 13, 2025",1726.89,Post
1880231,P174178,Social Protection and Youth Productive Inclusion Project,1880231,Goods,"Congo, Republic of","April 10, 2026",Gbetoho Joachim Boko,Request for Quotations,CG-PSIPJ-154-F-CF-2025,"November 13, 2025",6709.6,Post
1880230,P174178,Social Protection and Youth Productive Inclusion Project,1880230,Goods,"Congo, Republic of","April 10, 2026",Gbetoho Joachim Boko,Request for Quotations,CG-PSIPJ-154-F-CF-2025,"November 13, 2025",3205.98,Post
1880232,P160865,Livestock Productivity and Resilience Support Project,1880232,Works,Nigeria,"April 11, 2026",Manievel Sene,Request for Quotations,NG-EKITI L-PRES-478173-CW-RFB,"October 14, 2025",146234.11,Post
1880234,P162594,Multipurpose Cadaster Project,1880234,Consultant Services,Colombia,"April 11, 2026",Ivonne Astrid Moreno Horta,Individual Consultant Selection,CO-ANT-467377-CS-INDV,"March 21, 2025",19033.37,Post
1880233,P160865,Livestock Productivity and Resilience Support Project,1880233,Non-consulting Services,Nigeria,"April 11, 2026",Manievel Sene,Request for Quotations,NG-EKITI L-PRES-493076-NC-RFQ,"June 30, 2025",8581.27,Post
1880235,P160865,Livestock Productivity and Resilience Support Project,1880235,Goods,Nigeria,"April 11, 2026",Manievel Sene,Request for Quotations,NG-EKITI L-PRES-523732-GO-RFQ,"February 27, 2026",12123.96,Post
1880236,P507278,Social Protection Enhancement Project II,1880236,Consultant Services,West Bank and Gaza,"April 11, 2026",Michele Davide Zini,Individual Consultant Selection,GZ-MOSD-540559-CS-INDV,"March 21, 2026",27780.0,Post
1880238,P172479,Strengthen Ethiopia’s Adaptive Safety Net,1880238,Goods,Ethiopia,"April 11, 2026",Christabel E. Dadzie,Request for Quotations,ET-TIGRAY FSCO-483251-GO-RFQ,"January 9, 2025",804.51,Post
1880237,P172479,Strengthen Ethiopia’s Adaptive Safety Net,1880237,Goods,Ethiopia,"April 11, 2026",Christabel E. Dadzie,Request for Quotations,ET-TIGRAY FSCO-483251-GO-RFQ,"January 9, 2025",597.1,Post
1880239,P172479,Strengthen Ethiopia’s Adaptive Safety Net,1880239,Goods,Ethiopia,"April 11, 2026",Christabel E. Dadzie,Request for Quotations,ET-TIGRAY FSCO-483251-GO-RFQ,"February 12, 2025",1028.96,Post
1880241,P174178,Social Protection and Youth Productive Inclusion Project,1880241,Consultant Services,"Congo, Republic of","April 11, 2026",Gbetoho Joachim Boko,Consultant Qualification Selection,CG-PSIPJ-191-SC-SQC-2025,"February 13, 2026",124937.33,Post
1880242,P172479,Strengthen Ethiopia’s Adaptive Safety Net,1880242,Goods,Ethiopia,"April 11, 2026",Christabel E. Dadzie,Request for Quotations,ET-TIGRAY FSCO-483244-GO-RFQ,"December 24, 2024",2540.73,Post
1880243,P161534,Climate-Smart Agriculture and Water Management Project,1880243,Works,Bangladesh,"April 11, 2026",Samina Yasmin,Request for Bids,CSAWMP/DOF/WD-10,"March 8, 2026",30335.36,Post
1880240,P172479,Strengthen Ethiopia’s Adaptive Safety Net,1880240,Goods,Ethiopia,"April 11, 2026",Christabel E. Dadzie,Request for Quotations,ET-TIGRAY FSCO-483251-GO-RFQ,"January 22, 2025",3118.87,Post
1880244,P172479,Strengthen Ethiopia’s Adaptive Safety Net,1880244,Goods,Ethiopia,"April 11, 2026",Christabel E. Dadzie,Request for Quotations,ET-TIGRAY FSCO-483244-GO-RFQ,"December 24, 2024",2898.63,Post
1880245,P161534,Climate-Smart Agriculture and Water Management Project,1880245,Works,Bangladesh,"April 11, 2026",Samina Yasmin,Request for Bids,CSAWMP/DOF/WD-08,"March 16, 2026",69222.33,Post
1880246,P172479,Strengthen Ethiopia’s Adaptive Safety Net,1880246,Goods,Ethiopia,"April 11, 2026",Christabel E. Dadzie,Request for Quotations,ET-TIGRAY FSCO-486329-GO-RFQ,"June 2, 2025",7599.63,Post
1880247,P162263,Water Services and Institutional Support Project,1880247,Goods,Uzbekistan,"April 11, 2026",Odete Duarte Muximpua,Direct Selection,3-112-2025-04994UZ,"September 17, 2025",20416.85,Post
1880249,P167794,"One WASH—Consolidated Water Supply, Sanitation, and Hygiene Account Project (One WASH—CWA)",1880249,Works,Ethiopia,"April 11, 2026",Taibou Adamou Maiga,Request for Quotations,ET-MOH-320397-CW-RFQ,"March 1, 2023",2976.12,Post
1880248,P162263,Water Services and Institutional Support Project,1880248,Goods,Uzbekistan,"April 11, 2026",Odete Duarte Muximpua,Direct Selection,3-112-2025-04987UZ,"September 17, 2025",20416.85,Post
1880251,P163108,Iraq Social Fund for Development,1880251,Works,Iraq,"April 11, 2026",Khalid Ahmed Ali Moheyddeen,Request for Bids,DHK-02-5,"August 2, 2023",250875.0,Post
1880250,P167794,"One WASH—Consolidated Water Supply, Sanitation, and Hygiene Account Project (One WASH—CWA)",1880250,Works,Ethiopia,"April 11, 2026",Taibou Adamou Maiga,Request for Quotations,ET-MOH-320343-CW-RFQ,"April 13, 2023",4652.18,Post
1880253,P164293,Burkina Faso Higher Education Support Project,1880253,Goods,Burkina Faso,"April 11, 2026",Amina Debissa Denboba,Request for Quotations,BF-PAES-382561-GO-RFQ,"April 9, 2024",31445.04,Post
1880252,P160865,Livestock Productivity and Resilience Support Project,1880252,Consultant Services,Nigeria,"April 11, 2026",Manievel Sene,Consultant Qualification Selection,NG-ENUGU L-PRES-537294-CS-CQS,"April 1, 2026",237332.35,Post
1880254,P176898,Somalia Empowering Women through Education and Skills Project - 'Rajo Kaaba',1880254,Consultant Services,"Somalia, Federal Republic of","April 11, 2026",Harisoa Danielle Rasolonjatovo Andriamihamina,Quality And Cost-Based Selection,SO-MOECHE-422060-CS-QCBS,"March 26, 2026",2847386.0,Prior
1880255,P175011,Turkey Climate Smart and Competitive Agricultural Growth Project (TUCSAP),1880255,Non-consulting Services,Turkiye,"April 11, 2026",Luz Berania Diaz Rios,Request for Quotations,NCS.TRGM.CS3.3-01D,"January 29, 2026",66978.52,Post
1880256,P173197,Regional Sahel Pastoralism Support Project II,1880256,Consultant Services,Tunisia,"April 11, 2026",Franck Berthe,Individual Consultant Selection,22/PI/PRAPSII-S2/2025,"April 6, 2026",9370.4,Post
1880257,P175237,Agro-Climatic Resilience in Semi-Arid Landscapes (ACReSAL),1880257,Consultant Services,Nigeria,"April 11, 2026",Iganya Joy Agene,Consultant Qualification Selection,NG-TARABA STATE ACRESAL-432358-CS-CQS,"April 28, 2025",3329.74,Post
1880258,P173197,Regional Sahel Pastoralism Support Project II,1880258,Goods,Mauritania,"April 11, 2026",Franck Berthe,Request for Quotations,21/F/PRAPS II/2024,"February 13, 2025",18405.01,Post
1880259,P168779,Niger Learning Improvement for Results in Education Project,1880259,Non-consulting Services,Niger,"April 11, 2026",Marie Jacqueline Yvette Sacadura,Request for Quotations,NE-P-LIRE-526889-NC-RFQ,"January 16, 2026",39253.0,Post
1880262,P173197,Regional Sahel Pastoralism Support Project II,1880262,Non-consulting Services,Mauritania,"April 11, 2026",Franck Berthe,Request for Quotations,38/F/PRAPS II/2023,"March 30, 2025",10007.48,Post
1880261,P167328,Water and Sanitation Sectoral Project,1880261,Goods,Mauritania,"April 11, 2026",Mohamed Nanzoul,Request for Bids,MR-WSSP-513749-GO-RFB,"March 18, 2026",262696.37,Post
1880260,P167328,Water and Sanitation Sectoral Project,1880260,Goods,Mauritania,"April 11, 2026",Mohamed Nanzoul,Request for Bids,MR-WSSP-513749-GO-RFB,"March 18, 2026",117049.14,Post
1880263,P167328,Water and Sanitation Sectoral Project,1880263,Consultant Services,Mauritania,"April 11, 2026",Mohamed Nanzoul,Consultant Qualification Selection,MR-WSSP-394982-CS-CQS,"December 5, 2024",112308.95,Post
1880264,P173197,Regional Sahel Pastoralism Support Project II,1880264,Goods,Mauritania,"April 11, 2026",Franck Berthe,Request for Quotations,37/F/PRAPS II/2023,"November 10, 2023",12134.07,Post
1880265,P167328,Water and Sanitation Sectoral Project,1880265,Consultant Services,Mauritania,"April 11, 2026",Mohamed Nanzoul,Consultant Qualification Selection,MR-WSSP-394982-CS-CQS,"December 5, 2024",91818.63,Post
1880266,P167328,Water and Sanitation Sectoral Project,1880266,Consultant Services,Mauritania,"April 11, 2026",Mohamed Nanzoul,Consultant Qualification Selection,MR-WSSP-394982-CS-CQS,"December 5, 2024",99574.43,Post
1880267,P173197,Regional Sahel Pastoralism Support Project II,1880267,Goods,Mauritania,"April 11, 2026",Franck Berthe,Request for Quotations,24/F/PRAPS II/2023,"July 12, 2023",6413.79,Post
1880268,P173197,Regional Sahel Pastoralism Support Project II,1880268,Goods,Mauritania,"April 11, 2026",Franck Berthe,Request for Quotations,42/F/FA/PRAPS II/2023,"April 19, 2023",14736.02,Post
1880270,P172657,Improving Learning and Empowering Girls in Mozambique,1880270,Works,Mozambique,"April 11, 2026",Lucia Jose Nhampossa,Request for Bids,133/W/ILEGP/23,"September 16, 2024",5727154.33,Prior
1880269,P180245,Health Enhancement And Lifesaving (HEAL) Ukraine Project,1880269,Works,Ukraine,"April 11, 2026",Jakub Jan Kakietek,Request for Quotations,HEAL-W-RFQ-3.3.12/61,"March 31, 2026",3533907.09,Post
1880271,P172479,Strengthen Ethiopia’s Adaptive Safety Net,1880271,Non-consulting Services,Ethiopia,"April 11, 2026",Christabel E. Dadzie,Request for Quotations,ET-CENTRAL ETH FSCD-490925-CW-RFQ,"April 17, 2025",8867.82,Post
1880272,P172657,Improving Learning and Empowering Girls in Mozambique,1880272,Works,Mozambique,"April 11, 2026",Lucia Jose Nhampossa,Request for Bids,133/W/ILEGP/23,"September 16, 2024",4128875.03,Prior
1880273,P172479,Strengthen Ethiopia’s Adaptive Safety Net,1880273,Non-consulting Services,Ethiopia,"April 11, 2026",Christabel E. Dadzie,Request for Quotations,ET-CENTRAL ETH FSCD-482362-CW-RFQ,"April 1, 2025",8384.86,Post
1880275,P172479,Strengthen Ethiopia’s Adaptive Safety Net,1880275,Goods,Ethiopia,"April 11, 2026",Christabel E. Dadzie,Request for Quotations,ET-CENTRAL ETH FSCD-488893-GO-RFQ,"April 18, 2025",2867.78,Post
1880274,P172657,Improving Learning and Empowering Girls in Mozambique,1880274,Works,Mozambique,"April 11, 2026",Lucia Jose Nhampossa,Request for Bids,133/W/ILEGP/23,"September 16, 2024",2169747.97,Prior
1880276,P172479,Strengthen Ethiopia’s Adaptive Safety Net,1880276,Goods,Ethiopia,"April 11, 2026",Christabel E. Dadzie,Request for Quotations,ET-CENTRAL ETH FSCD-488893-GO-RFQ,"May 22, 2025",234.52,Post
1880277,P170664,Adolescent Girls Initiative for Learning and Empowerment,1880277,Consultant Services,Nigeria,"April 11, 2026",Shinsaku Nomura,Consultant Qualification Selection,NG-NPCU-323573-CS-INDV,"January 16, 2023",114871.35,Post
1880279,P170664,Adolescent Girls Initiative for Learning and Empowerment,1880279,Consultant Services,Nigeria,"April 11, 2026",Shinsaku Nomura,Consultant Qualification Selection,NG-NPCU-377775-CS-CQS,"October 13, 2023",60801.51,Post
1880278,P172479,Strengthen Ethiopia’s Adaptive Safety Net,1880278,Goods,Ethiopia,"April 11, 2026",Christabel E. Dadzie,Request for Quotations,ET-CENTRAL ETH FSCD-482530-GO-RFQ,"May 28, 2025",3145.48,Post
1880280,P172479,Strengthen Ethiopia’s Adaptive Safety Net,1880280,Goods,Ethiopia,"April 11, 2026",Christabel E. Dadzie,Request for Quotations,ET-CENTRAL ETH FSCD-484816-GO-RFQ,"April 9, 2025",8908.01,Post
1880283,P170664,Adolescent Girls Initiative for Learning and Empowerment,1880283,Consultant Services,Nigeria,"April 11, 2026",Shinsaku Nomura,Individual Consultant Selection,NG-NPCU-316554-CS-INDV,"September 30, 2022",46300.04,Post
1880281,P172479,Strengthen Ethiopia’s Adaptive Safety Net,1880281,Goods,Ethiopia,"April 11, 2026",Christabel E. Dadzie,Request for Quotations,ET-CENTRAL ETH FSCD-484816-GO-RFQ,"April 22, 2025",3273.05,Post
1880282,P170664,Adolescent Girls Initiative for Learning and Empowerment,1880282,Goods,Nigeria,"April 11, 2026",Shinsaku Nomura,Request for Quotations,NG-NPCU-454415-GO-RFQ,"October 1, 2024",21961.28,Post
1880285,P172479,Strengthen Ethiopia’s Adaptive Safety Net,1880285,Goods,Ethiopia,"April 11, 2026",Christabel E. Dadzie,Request for Quotations,ET-CENTRAL ETH FSCD-482516-GO-RFQ,"April 10, 2025",13290.42,Post
1880284,P172479,Strengthen Ethiopia’s Adaptive Safety Net,1880284,Goods,Ethiopia,"April 11, 2026",Christabel E. Dadzie,Request for Quotations,ET-CENTRAL ETH FSCD-482516-GO-RFQ,"April 23, 2025",14860.02,Post
1880287,P170664,Adolescent Girls Initiative for Learning and Empowerment,1880287,Goods,Nigeria,"April 11, 2026",Shinsaku Nomura,Request for Quotations,NG-NPCU-377828-GO-RFQ,"August 15, 2023",14220.56,Post
1880286,P172479,Strengthen Ethiopia’s Adaptive Safety Net,1880286,Goods,Ethiopia,"April 11, 2026",Christabel E. Dadzie,Request for Quotations,ET-CENTRAL ETH FSCD-482516-GO-RFQ,"May 8, 2025",12083.25,Post
1880288,P170664,Adolescent Girls Initiative for Learning and Empowerment,1880288,Goods,Nigeria,"April 11, 2026",Shinsaku Nomura,Request for Quotations,NG-NPCU-377827-GO-RFQ,"August 14, 2023",10807.75,Post
1880289,P170664,Adolescent Girls Initiative for Learning and Empowerment,1880289,Consultant Services,Nigeria,"April 11, 2026",Shinsaku Nomura,Individual Consultant Selection,NG-NPCU-318799-CS-INDV,"October 13, 2022",15800.81,Post
1880290,P173743,Private Sector Jobs and Economic Transformation (PSJET),1880290,Consultant Services,Canada,"April 11, 2026",Ifeyinwa Uchenna Nwando Bonheur,Quality And Cost-Based Selection,HT-UCP/MEF-278396-B-CS-QCBS,"November 28, 2024",2000000.0,Prior
1880291,P173743,Private Sector Jobs and Economic Transformation (PSJET),1880291,Consultant Services,Haiti,"April 11, 2026",Ifeyinwa Uchenna Nwando Bonheur,Individual Consultant Selection,HT-UCP/MEF-278591-CS-INDV,"August 27, 2024",2287.89,Post
1880292,P173743,Private Sector Jobs and Economic Transformation (PSJET),1880292,Consultant Services,Haiti,"April 11, 2026",Ifeyinwa Uchenna Nwando Bonheur,Individual Consultant Selection,HT-UCP/MEF-296547-NC-DIR,"January 30, 2025",6673.02,Post
1880293,P160865,Livestock Productivity and Resilience Support Project,1880293,Goods,Nigeria,"April 11, 2026",Manievel Sene,Request for Quotations,NG-ONDO L-PRES-542839-GO-RFQ,"April 2, 2026",22580.7,Post
1880294,P167328,Water and Sanitation Sectoral Project,1880294,Works,Mauritania,"April 11, 2026",Mohamed Nanzoul,Request for Bids,MR-WSSP-513751-CW-RFB,"March 18, 2026",281260.24,Post
1880295,P178587,Strengthening Lebanon’s Covid-19 Response,1880295,Consultant Services,Lebanon,"April 11, 2026",Marvin Ploetz,Direct Selection,LB-MOPH-493863-CS-CDS,"June 2, 2025",21000.0,Post
1880296,P509428,Lebanon Emergency Assistance Project,1880296,Consultant Services,Lebanon,"April 11, 2026",Nicholas James Callender,Individual Consultant Selection,LEAP-IC-PROC-01,"March 30, 2026",38500.0,Post
1880297,P162594,Multipurpose Cadaster Project,1880297,Consultant Services,Colombia,"April 12, 2026",Ivonne Astrid Moreno Horta,Individual Consultant Selection,CO-ANT-467377-CS-INDV,"July 14, 2025",11420.02,Post
1880298,P162594,Multipurpose Cadaster Project,1880298,Consultant Services,Colombia,"April 12, 2026",Ivonne Astrid Moreno Horta,Individual Consultant Selection,CO-ANT-467377-CS-INDV,"July 18, 2025",11420.02,Post
1880299,P160865,Livestock Productivity and Resilience Support Project,1880299,Non-consulting Services,Nigeria,"April 12, 2026",Manievel Sene,Request for Quotations,NG-EKITI L-PRES-502967-NC-RFQ,"July 30, 2025",3858.34,Post
1880300,P160865,Livestock Productivity and Resilience Support Project,1880300,Non-consulting Services,Nigeria,"April 12, 2026",Manievel Sene,Request for Quotations,NG-EKITI L-PRES-502806-NC-RFQ,"July 30, 2025",3931.83,Post
1880303,P162594,Multipurpose Cadaster Project,1880303,Consultant Services,Colombia,"April 12, 2026",Ivonne Astrid Moreno Horta,Individual Consultant Selection,CO-ANT-467377-CS-INDV,"April 10, 2025",28064.53,Post
1880302,P162594,Multipurpose Cadaster Project,1880302,Consultant Services,Colombia,"April 12, 2026",Ivonne Astrid Moreno Horta,Individual Consultant Selection,CO-ANT-467377-CS-INDV,"April 10, 2025",27945.81,Post
1880301,P162594,Multipurpose Cadaster Project,1880301,Consultant Services,Colombia,"April 12, 2026",Ivonne Astrid Moreno Horta,Individual Consultant Selection,CO-ANT-467377-CS-INDV,"May 22, 2025",7613.35,Post
1880304,P162594,Multipurpose Cadaster Project,1880304,Consultant Services,Colombia,"April 12, 2026",Ivonne Astrid Moreno Horta,Individual Consultant Selection,CO-ANT-467377-CS-INDV,"April 8, 2025",17130.04,Post
1880305,P162594,Multipurpose Cadaster Project,1880305,Consultant Services,Colombia,"April 12, 2026",Ivonne Astrid Moreno Horta,Individual Consultant Selection,CO-ANT-467377-CS-INDV,"March 17, 2025",19033.37,Post
1880306,P163980,Marine Fisheries and Socio-Economic Development Project,1880306,Goods,Kenya,"April 12, 2026",Ben Okindo Ayako Miranga,Request for Quotations,KE-SDBE&F-KEMFSED-30-2023-2024-GO-RFQ,"May 23, 2024",48769.27,Post
1880307,P163980,Marine Fisheries and Socio-Economic Development Project,1880307,Goods,Kenya,"April 12, 2026",Ben Okindo Ayako Miranga,Request for Quotations,KE-SDBE&F-KEMFSED-30-2023-2024-GO-RFQ,"May 23, 2024",20659.52,Post
1880308,P163980,Marine Fisheries and Socio-Economic Development Project,1880308,Goods,Kenya,"April 12, 2026",Ben Okindo Ayako Miranga,Request for Quotations,KE-SDBE&F-KEMFSED-30-2023-2024-GO-RFQ,"May 23, 2024",21657.72,Post
1880309,P163980,Marine Fisheries and Socio-Economic Development Project,1880309,Goods,Kenya,"April 12, 2026",Ben Okindo Ayako Miranga,Request for Quotations,KE-SDBE&F-KEMFSED-30-2023-2024-GO-RFQ,"May 23, 2024",11523.97,Post
1880310,P163980,Marine Fisheries and Socio-Economic Development Project,1880310,Goods,Kenya,"April 12, 2026",Ben Okindo Ayako Miranga,Request for Quotations,KE-SDBE&F-KEMFSED-30-2023-2024-GO-RFQ,"May 23, 2024",49248.87,Post
1880311,P162594,Multipurpose Cadaster Project,1880311,Consultant Services,Colombia,"April 12, 2026",Ivonne Astrid Moreno Horta,Individual Consultant Selection,CO-ANT-467377-CS-INDV,"April 3, 2025",17130.04,Post
1880312,P161086,BD: Enhancing Digital Government & Economy Project,1880312,Goods,Bangladesh,"April 12, 2026",Suparna Roy,Request for Bids,EDGE-G4B,"February 15, 2026",935453.4,Post
1880313,P162594,Multipurpose Cadaster Project,1880313,Consultant Services,Colombia,"April 12, 2026",Ivonne Astrid Moreno Horta,Individual Consultant Selection,CO-ANT-467377-CS-INDV,"March 19, 2025",19033.37,Post
1880314,P179311,Water Emergency Relief Project,1880314,Works,Afghanistan,"April 12, 2026",Tesfaye Bekalu Wondem,Request for Quotations,WB/WERP/AKF/KUN/GULTAPA/3VIL/177/178/179,"December 2, 2025",226158.36,Post
1880316,P175237,Agro-Climatic Resilience in Semi-Arid Landscapes (ACReSAL),1880316,Goods,Nigeria,"April 12, 2026",Iganya Joy Agene,Request for Quotations,NG-TARABA STATE ACRESAL-514829-GO-RFQ,"February 20, 2026",91865.22,Post
1880317,P181563,Technical Assistance for Repurposing of Agricultural Public Support Towards a Sustainable Food System Transformation in Bangladesh,1880317,Consultant Services,Bangladesh,"April 12, 2026",Asuka Okumura,Individual Consultant Selection,SD/TARAPS-PIU/02,"April 8, 2026",38542.94,Post
1880318,P181563,Technical Assistance for Repurposing of Agricultural Public Support Towards a Sustainable Food System Transformation in Bangladesh,1880318,Goods,Bangladesh,"April 12, 2026",Asuka Okumura,Request for Bids,GD/TARAPS/25-01,"April 9, 2026",12087.91,Post
1880319,P500402,Morocco Sustainable Oasis Ecosystems Management Project,1880319,Consultant Services,Morocco,"April 12, 2026",Taoufiq Bennouna,Individual Consultant Selection,MA-ANDZOA-498175-CS-INDV,"December 22, 2025",30668.24,Post
1880321,P171777,Economic Management and Statistics Development for Policy Making,1880321,Consultant Services,Morocco,"April 12, 2026",Bilal Malaeb,Consultant Qualification Selection,DJ-MOH-258489-CS-CQS,"August 16, 2023",27900.0,Post
1880323,P176702,Kiribati Outer Islands Resilience and Adaptation Project,1880323,Goods,Kiribati,"April 12, 2026",Armando Guzman,Request for Quotations,C2-GO-002,"April 2, 2026",36576.9,Post
1880322,P501662,"Somalia productive, resilient, and inclusive growth (SPRING) project",1880322,Non-consulting Services,Switzerland,"April 12, 2026",Sameer Goyal,Direct Selection,SO-MOF-527338-NC-DIR,"April 5, 2026",3525773.2,Prior
1880320,P164001,Power Sector Recovery Performance Based Operation,1880320,Consultant Services,Nigeria,"April 12, 2026",Daniel Camos Daurella,Consultant Qualification Selection,SAE/PSRO/C/CQS/055/2025,"March 25, 2026",355518.16,Post
1880324,P175237,Agro-Climatic Resilience in Semi-Arid Landscapes (ACReSAL),1880324,Works,Nigeria,"April 12, 2026",Iganya Joy Agene,Request for Quotations,NG-ZAMFARA STATE ACRESA-494746-CW-RFQ,"September 29, 2025",213116.76,Post
1880325,P174178,Social Protection and Youth Productive Inclusion Project,1880325,Non-consulting Services,"Congo, Republic of","April 12, 2026",Gbetoho Joachim Boko,Request for Bids,CG-PSIPJ-180-S-AON-2025,"February 16, 2026",82916.34,Post
1880326,P174178,Social Protection and Youth Productive Inclusion Project,1880326,Non-consulting Services,"Congo, Republic of","April 12, 2026",Gbetoho Joachim Boko,Request for Bids,CG-PSIPJ-180-S-AON-2025,"February 16, 2026",39146.09,Post
1880327,P174178,Social Protection and Youth Productive Inclusion Project,1880327,Non-consulting Services,"Congo, Republic of","April 12, 2026",Gbetoho Joachim Boko,Request for Bids,CG-PSIPJ-180-S-AON-2025,"February 13, 2026",20031.64,Post
1880328,P174178,Social Protection and Youth Productive Inclusion Project,1880328,Non-consulting Services,"Congo, Republic of","April 12, 2026",Gbetoho Joachim Boko,Request for Bids,CG-PSIPJ-180-S-AON-2025,"February 16, 2026",42961.34,Post
1880329,P176459,Mozambique Digital Acceleration Project,1880329,Consultant Services,Mozambique,"April 12, 2026",Anne-Elisabeth Sarah Victoire Emmanuel Costafrolaz,Quality And Cost-Based Selection,57/MDAP/INCM/CS-QCBS/2023,"March 5, 2026",589102.31,Post
1880331,P178032,Somali Sustainable Fisheries Development Project - Badmaal,1880331,Consultant Services,"Somalia, Federal Republic of","April 12, 2026",Stephen Ling,Quality And Cost-Based Selection,SO-MFBE-473134-CS-QCBS,"April 7, 2026",777907.5,Prior
1880330,P166796,Mali Electricity Sector Improvement Project (MESIP),1880330,Goods,Mali,"April 12, 2026",Abdou Mbaye,Request for Quotations,ML-MESIP-491846-GO-RFQ,"August 22, 2025",70853.1,Post
1880332,P162594,Multipurpose Cadaster Project,1880332,Consultant Services,Colombia,"April 12, 2026",Ivonne Astrid Moreno Horta,Individual Consultant Selection,CO-ANT-530936-CS-INDV,"January 23, 2026",35628.4,Post
1880334,P180982,Coastal Resilience and Sustainable Tourism Project,1880334,Goods,Portugal,"April 12, 2026",Juan Jose Miranda Montero,Request for Quotations,60B/G/COMP2/WACA+/2025,"February 11, 2026",7280.24,Post
1880333,P180982,Coastal Resilience and Sustainable Tourism Project,1880333,Goods,Portugal,"April 12, 2026",Juan Jose Miranda Montero,Request for Quotations,60A/G/COMP2/WACA+/2025,"February 11, 2026",63463.8,Post
1880335,P162594,Multipurpose Cadaster Project,1880335,Consultant Services,Colombia,"April 12, 2026",Ivonne Astrid Moreno Horta,Individual Consultant Selection,CO-ANT-467377-CS-INDV,"July 23, 2025",11420.02,Post
1880336,P180925,BDI Human Capital Development Project,1880336,Consultant Services,Canada,"April 12, 2026",Boubakar Lompo,Direct Selection,BI-MENRS-PIU-517897-CS-CDS,"January 30, 2026",90015.6,Post
1880337,P172657,Improving Learning and Empowering Girls in Mozambique,1880337,Works,China,"April 12, 2026",Lucia Jose Nhampossa,Request for Bids,5/W/RFB/ILEGP/24,"February 19, 2026",5440510.57,Prior
1880338,P162594,Multipurpose Cadaster Project,1880338,Consultant Services,Colombia,"April 12, 2026",Ivonne Astrid Moreno Horta,Individual Consultant Selection,CO-ANT-467377-CS-INDV,"August 5, 2025",9516.69,Post
1880339,P172657,Improving Learning and Empowering Girls in Mozambique,1880339,Works,Mozambique,"April 12, 2026",Lucia Jose Nhampossa,Request for Bids,5/W/RFB/ILEGP/24,"December 2, 2025",2587509.4,Prior
1880342,P173197,Regional Sahel Pastoralism Support Project II,1880342,Goods,Mauritania,"April 12, 2026",Franck Berthe,Request for Quotations,13/F/PRAPS II/2023,"January 4, 2024",9654.02,Post
1880341,P173197,Regional Sahel Pastoralism Support Project II,1880341,Consultant Services,Mauritania,"April 12, 2026",Franck Berthe,Individual Consultant Selection,17/PI/PRAPS II/2023,"November 22, 2023",14635.94,Post
1880343,P172657,Improving Learning and Empowering Girls in Mozambique,1880343,Works,Mozambique,"April 12, 2026",Lucia Jose Nhampossa,Request for Bids,5/W/RFB/ILEGP/24,"November 28, 2025",4588839.82,Prior
1880340,P173197,Regional Sahel Pastoralism Support Project II,1880340,Consultant Services,Mauritania,"April 12, 2026",Franck Berthe,Individual Consultant Selection,92/C/PRAPSII-FA/2022,"December 13, 2023",3423.61,Post
1880344,P162594,Multipurpose Cadaster Project,1880344,Consultant Services,Colombia,"April 12, 2026",Ivonne Astrid Moreno Horta,Individual Consultant Selection,CO-ANT-467377-CS-INDV,"July 25, 2025",11420.02,Post
1880345,P173197,Regional Sahel Pastoralism Support Project II,1880345,Consultant Services,Mauritania,"April 12, 2026",Franck Berthe,Individual Consultant Selection,04/PI/PRAPS II/2023,"October 11, 2023",6514.87,Post
1880347,P173197,Regional Sahel Pastoralism Support Project II,1880347,Goods,Mauritania,"April 12, 2026",Franck Berthe,Request for Quotations,25/F/PRAPS II/2022,"October 20, 2023",14698.49,Post
1880346,P165228,Smallholder Agriculture Development Project - II,1880346,Goods,Lesotho,"April 12, 2026",Daniel P. Gerber,Request for Bids,LS-MAFS-508812-GO-RFB,"November 18, 2025",150227.43,Post
1880348,P162594,Multipurpose Cadaster Project,1880348,Consultant Services,Colombia,"April 12, 2026",Ivonne Astrid Moreno Horta,Individual Consultant Selection,CO-ANT-535058-CS-INDV,"March 25, 2026",11510.71,Post
1880349,P173197,Regional Sahel Pastoralism Support Project II,1880349,Consultant Services,Mauritania,"April 12, 2026",Franck Berthe,Consultant Qualification Selection,13/PI/PRAPS II/2023,"August 23, 2023",45784.22,Post
1880350,P173197,Regional Sahel Pastoralism Support Project II,1880350,Consultant Services,Mauritania,"April 12, 2026",Franck Berthe,Individual Consultant Selection,24/FA/PI/PRAPS II/2024,"May 30, 2024",21015.71,Post
1880351,P173197,Regional Sahel Pastoralism Support Project II,1880351,Goods,Mauritania,"April 12, 2026",Franck Berthe,Request for Quotations,21/F/PRAPS II/2023,"February 23, 2023",3986.38,Post
1880352,P177816,Food Systems Resilience Program for Eastern and Southern Africa (Phase 3) FSRP,1880352,Non-consulting Services,Malawi,"April 12, 2026",Benjamin Billard,Request for Quotations,MW-MOA-506847-NC-RFQ,"February 1, 2026",3355.91,Post
1880354,P179643,Access to Basic Services and Performance Improvement Project (PASBAP),1880354,Consultant Services,Burkina Faso,"April 12, 2026",Michael Thibert,Quality And Cost-Based Selection,GA-CN TIPPEE-537248-CS-QCBS,"February 12, 2026",643857.69,Post
1880355,P166189,Northern Congo Agroforestry Project,1880355,Goods,"Congo, Republic of","April 12, 2026",Sandrine Georgette Christiane Jauffret,Request for Quotations,CG-011-MOD-F24,"June 14, 2024",14139.98,Post
1880356,P178750,SENEGAL HIGHER EDUCATION PROJECT - ESPOIR-JEUNES,1880356,Consultant Services,Senegal,"April 12, 2026",Pamela Mulet,Individual Consultant Selection,SN-MESRI-487899-CS-INDV,"February 5, 2026",40599.71,Post
1880359,P162594,Multipurpose Cadaster Project,1880359,Consultant Services,Colombia,"April 13, 2026",Ivonne Astrid Moreno Horta,Individual Consultant Selection,CO-ANT-530938-CS-INDV,"February 12, 2026",32887.75,Post
1880358,P162594,Multipurpose Cadaster Project,1880358,Consultant Services,Colombia,"April 13, 2026",Ivonne Astrid Moreno Horta,Individual Consultant Selection,CO-ANT-535073-CS-INDV,"March 20, 2026",12009.51,Post
1880357,P162594,Multipurpose Cadaster Project,1880357,Consultant Services,Colombia,"April 13, 2026",Ivonne Astrid Moreno Horta,Individual Consultant Selection,CO-ANT-535076-CS-INDV,"March 20, 2026",12009.51,Post
1880362,P180811,Indonesia Health Systems Strengthening Project,1880362,Goods,Indonesia,"April 13, 2026",Lander Bosch,Request for Quotations,BJ.01.03/B.I.10/SWA-SOPHI/1872/2024,"December 10, 2024",37126.97,Post
1880360,P173119,Somalia - Horn of Africa Infrastructure Integration Project,1880360,Consultant Services,World,"April 13, 2026",Adam Stone Diehl,Direct Selection,SO-MPWRH-521452-CS-CDS,"March 11, 2026",3627164.27,Prior
1880363,P174937,Local Government COVID-19 Response & Recovery Project,1880363,Goods,Bangladesh,"April 13, 2026",Mansha Chen,Request for Bids,G-19,"January 26, 2026",220960.52,Post
1880361,P180811,Indonesia Health Systems Strengthening Project,1880361,Goods,Indonesia,"April 13, 2026",Lander Bosch,Request for Quotations,ID-PMU SOPHI-493010-GO-RFQ,"July 1, 2025",46062.97,Post
1880365,P173368,Cambodia Health Equity and Quality Improvement Project - Phase 2,1880365,Goods,Cambodia,"April 13, 2026",Rianna L. Mohammed,Request for Quotations,H-EQIP-II-GO-RFQ-14,"December 30, 2025",13420.0,Post
1880364,P173368,Cambodia Health Equity and Quality Improvement Project - Phase 2,1880364,Consultant Services,Cambodia,"April 13, 2026",Rianna L. Mohammed,Individual Consultant Selection,H-EQIP-II-CS-INDV-63,"April 10, 2026",38117.65,Post
1880366,P169168,Early Childhood Development to Build Tajikistan’s Human Capital Project,1880366,Works,Tajikistan,"April 13, 2026",Saurav Dev Bhatta,Request for Bids,MOF/ECDP/RFB/026/1,"April 3, 2026",1021691.43,Post
1880367,P169168,Early Childhood Development to Build Tajikistan’s Human Capital Project,1880367,Works,Tajikistan,"April 13, 2026",Saurav Dev Bhatta,Request for Bids,MOF/ECDP/RFB/026/1,"April 3, 2026",821624.41,Post
1880369,P165129,Integrated Project for Source Sustainability and Climate Resilient Rain-fed Agriculture in Himachal Pradesh,1880369,Works,India,"April 13, 2026",Saumya Srivastava,Request for Quotations,"IN-DPO, SOLAN-486514-CW-RFQ","August 7, 2025",15791.2,Post
1880368,P169168,Early Childhood Development to Build Tajikistan’s Human Capital Project,1880368,Works,Tajikistan,"April 13, 2026",Saurav Dev Bhatta,Request for Bids,MOF/ECDP/RFB/026/1,"April 3, 2026",1192810.31,Post
1880370,P165129,Integrated Project for Source Sustainability and Climate Resilient Rain-fed Agriculture in Himachal Pradesh,1880370,Works,India,"April 13, 2026",Saumya Srivastava,Request for Quotations,"IN-DPO, SOLAN-486514-CW-RFQ","August 11, 2025",15816.54,Post
1880371,P165129,Integrated Project for Source Sustainability and Climate Resilient Rain-fed Agriculture in Himachal Pradesh,1880371,Works,India,"April 13, 2026",Saumya Srivastava,Request for Quotations,"IN-DPO, KANGRA-511301-CW-RFQ","December 31, 2025",5211.28,Post
1880373,P165129,Integrated Project for Source Sustainability and Climate Resilient Rain-fed Agriculture in Himachal Pradesh,1880373,Works,India,"April 13, 2026",Saumya Srivastava,Request for Quotations,"IN-DPO, SOLAN-486514-CW-RFQ","August 7, 2025",15753.03,Post
1880372,P165129,Integrated Project for Source Sustainability and Climate Resilient Rain-fed Agriculture in Himachal Pradesh,1880372,Works,India,"April 13, 2026",Saumya Srivastava,Request for Quotations,"IN-DPO, KANGRA-511301-CW-RFQ","December 31, 2025",4788.75,Post
1880374,P500764,Indonesia Supporting Health Transformation Project (I-SeHat),1880374,Consultant Services,Indonesia,"April 13, 2026",Pandu Harimurti,Individual Consultant Selection,ID-BOPD-528298-CS-INDV,"November 17, 2025",46723.23,Post
1880375,P500764,Indonesia Supporting Health Transformation Project (I-SeHat),1880375,Consultant Services,Indonesia,"April 13, 2026",Pandu Harimurti,Individual Consultant Selection,ID-BOPD-528298-CS-INDV,"November 17, 2025",43534.23,Post
1880376,P165129,Integrated Project for Source Sustainability and Climate Resilient Rain-fed Agriculture in Himachal Pradesh,1880376,Works,India,"April 13, 2026",Saumya Srivastava,Request for Quotations,"IN-DPO, KANGRA-511301-CW-RFQ","December 31, 2025",2634.24,Post
1880378,P165129,Integrated Project for Source Sustainability and Climate Resilient Rain-fed Agriculture in Himachal Pradesh,1880378,Works,India,"April 13, 2026",Saumya Srivastava,Request for Quotations,"IN-DPO, KANGRA-511301-CW-RFQ","December 31, 2025",3339.29,Post
1880377,P165129,Integrated Project for Source Sustainability and Climate Resilient Rain-fed Agriculture in Himachal Pradesh,1880377,Works,India,"April 13, 2026",Saumya Srivastava,Request for Quotations,"IN-DPO, KANGRA-511301-CW-RFQ","December 31, 2025",5230.24,Post
1880379,P165129,Integrated Project for Source Sustainability and Climate Resilient Rain-fed Agriculture in Himachal Pradesh,1880379,Works,India,"April 13, 2026",Saumya Srivastava,Request for Quotations,"IN-DPO, SOLAN-486514-CW-RFQ","August 18, 2025",8607.79,Post
1880383,P165129,Integrated Project for Source Sustainability and Climate Resilient Rain-fed Agriculture in Himachal Pradesh,1880383,Works,India,"April 13, 2026",Saumya Srivastava,Request for Quotations,"IN-DPO, KANGRA-511301-CW-RFQ","January 5, 2026",1143.65,Post
1880382,P165129,Integrated Project for Source Sustainability and Climate Resilient Rain-fed Agriculture in Himachal Pradesh,1880382,Works,India,"April 13, 2026",Saumya Srivastava,Request for Quotations,"IN-DPO, KANGRA-511301-CW-RFQ","January 5, 2026",5137.62,Post
1880381,P165129,Integrated Project for Source Sustainability and Climate Resilient Rain-fed Agriculture in Himachal Pradesh,1880381,Works,India,"April 13, 2026",Saumya Srivastava,Request for Quotations,"IN-DPO, KANGRA-511301-CW-RFQ","December 31, 2025",3663.02,Post
1880380,P165129,Integrated Project for Source Sustainability and Climate Resilient Rain-fed Agriculture in Himachal Pradesh,1880380,Works,India,"April 13, 2026",Saumya Srivastava,Request for Quotations,"IN-DPO, KANGRA-511301-CW-RFQ","December 31, 2025",4497.58,Post
1880384,P165129,Integrated Project for Source Sustainability and Climate Resilient Rain-fed Agriculture in Himachal Pradesh,1880384,Works,India,"April 13, 2026",Saumya Srivastava,Request for Quotations,"IN-DPO, KANGRA-511301-CW-RFQ","January 5, 2026",5236.5,Post
1880385,P165129,Integrated Project for Source Sustainability and Climate Resilient Rain-fed Agriculture in Himachal Pradesh,1880385,Works,India,"April 13, 2026",Saumya Srivastava,Request for Quotations,"IN-DPO, KANGRA-511301-CW-RFQ","January 5, 2026",1270.76,Post
1880386,P165129,Integrated Project for Source Sustainability and Climate Resilient Rain-fed Agriculture in Himachal Pradesh,1880386,Works,India,"April 13, 2026",Saumya Srivastava,Request for Quotations,"IN-DPO, KANGRA-511301-CW-RFQ","January 5, 2026",1558.78,Post
1880387,P165129,Integrated Project for Source Sustainability and Climate Resilient Rain-fed Agriculture in Himachal Pradesh,1880387,Works,India,"April 13, 2026",Saumya Srivastava,Request for Quotations,"IN-DPO, KANGRA-511301-CW-RFQ","January 5, 2026",5189.19,Post
1880388,P165129,Integrated Project for Source Sustainability and Climate Resilient Rain-fed Agriculture in Himachal Pradesh,1880388,Works,India,"April 13, 2026",Saumya Srivastava,Request for Quotations,"IN-DPO, KANGRA-511301-CW-RFQ","January 5, 2026",1073.16,Post
1880389,P165129,Integrated Project for Source Sustainability and Climate Resilient Rain-fed Agriculture in Himachal Pradesh,1880389,Works,India,"April 13, 2026",Saumya Srivastava,Request for Quotations,"IN-DPO, KANGRA-511301-CW-RFQ","January 5, 2026",1130.98,Post
1880390,P162637,Rural Water Supply and Sanitation Project,1880390,Goods,Tajikistan,"April 13, 2026",Aroha Bahuguna,Request for Quotations,RWSSP-G-026-1 (Lots 1 & 2),"March 19, 2026",28539.72,Post
1880391,P165129,Integrated Project for Source Sustainability and Climate Resilient Rain-fed Agriculture in Himachal Pradesh,1880391,Works,India,"April 13, 2026",Saumya Srivastava,Request for Quotations,"IN-DPO, KANGRA-511301-CW-RFQ","January 5, 2026",5204.97,Post
1880392,P172479,Strengthen Ethiopia’s Adaptive Safety Net,1880392,Goods,Ethiopia,"April 13, 2026",Christabel E. Dadzie,Request for Quotations,ET-TIGRAY FSCO-483120-GO-RFQ,"May 20, 2025",1998.53,Post
1880393,P172479,Strengthen Ethiopia’s Adaptive Safety Net,1880393,Goods,Ethiopia,"April 13, 2026",Christabel E. Dadzie,Request for Quotations,ET-TIGRAY FSCO-483120-GO-RFQ,"May 20, 2025",2015.1,Post
1880394,P149323,Social Safety Net Project,1880394,Consultant Services,Madagascar,"April 13, 2026",John Van Dyck,Individual Consultant Selection,DRP_21013_SCI_AS_FA2_FA3,"June 16, 2022",13253.59,Post
1880395,P171056,Support for Resilient Livelihoods in the South of Madagascar - MIONJO Project,1880395,Consultant Services,Madagascar,"April 13, 2026",Joanna Peace De Berry,Quality And Cost-Based Selection,MG-MIONJO-474142-CS-QCBS,"March 26, 2026",158271.93,Post
1880396,P176758,NATIONAL AGRICULTURAL VALUE CHAIN DEVELOPMENT PROJECT (NAVCDP),1880396,Consultant Services,Kenya,"April 13, 2026",Ghada Elabed,Individual Consultant Selection,KE-MOALF-517117-CS-INDV,"April 2, 2026",4876.16,Post
1880397,P149323,Social Safety Net Project,1880397,Consultant Services,Madagascar,"April 13, 2026",John Van Dyck,Individual Consultant Selection,DRP_21013_SCI_AS_FA2_FA3,"June 16, 2022",3132.67,Post
1880398,P149323,Social Safety Net Project,1880398,Consultant Services,Madagascar,"April 13, 2026",John Van Dyck,Individual Consultant Selection,DRP_21013_SCI_AS_FA2_FA3,"June 16, 2022",3132.67,Post
1880399,P165129,Integrated Project for Source Sustainability and Climate Resilient Rain-fed Agriculture in Himachal Pradesh,1880399,Works,India,"April 13, 2026",Saumya Srivastava,Request for Quotations,"IN-DPO, SOLAN-486506-CW-RFQ","August 14, 2025",15787.26,Post
1880401,P149323,Social Safety Net Project,1880401,Consultant Services,Madagascar,"April 13, 2026",John Van Dyck,Individual Consultant Selection,DRP_21013_SCI_AS_FA2_FA3,"June 16, 2022",13253.59,Post
1880402,P165129,Integrated Project for Source Sustainability and Climate Resilient Rain-fed Agriculture in Himachal Pradesh,1880402,Works,India,"April 13, 2026",Saumya Srivastava,Request for Quotations,"IN-DPO, SOLAN-486506-CW-RFQ","August 14, 2025",15783.38,Post
1880403,P149323,Social Safety Net Project,1880403,Consultant Services,Madagascar,"April 13, 2026",John Van Dyck,Individual Consultant Selection,DRP_21013_SCI_AS_FA2_FA3,"June 16, 2022",3132.67,Post
1880400,P149323,Social Safety Net Project,1880400,Consultant Services,Madagascar,"April 13, 2026",John Van Dyck,Individual Consultant Selection,DRP_21013_SCI_AS_FA2_FA3,"June 16, 2022",3132.67,Post
1880404,P149323,Social Safety Net Project,1880404,Consultant Services,Madagascar,"April 13, 2026",John Van Dyck,Individual Consultant Selection,DRP_21013_SCI_AS_FA2_FA3,"June 16, 2022",3132.67,Post
1880405,P176181,Eastern Africa Regional Digital Integration Project,1880405,Consultant Services,Kenya,"April 13, 2026",Naomi J. Halewood,Consultant Qualification Selection,SS-MICT&PS-527826-CS-CQS,"April 9, 2026",299250.0,Prior
1880406,P149323,Social Safety Net Project,1880406,Consultant Services,Madagascar,"April 13, 2026",John Van Dyck,Individual Consultant Selection,DRP_21013_SCI_AS_FA2_FA3,"June 16, 2022",3132.67,Post
1880407,P149323,Social Safety Net Project,1880407,Consultant Services,Madagascar,"April 13, 2026",John Van Dyck,Individual Consultant Selection,DRP_21013_SCI_AS_FA2_FA3,"June 16, 2022",13253.59,Post
1880408,P165129,Integrated Project for Source Sustainability and Climate Resilient Rain-fed Agriculture in Himachal Pradesh,1880408,Works,India,"April 13, 2026",Saumya Srivastava,Request for Quotations,"IN-DPO, SOLAN-486506-CW-RFQ","August 11, 2025",15813.22,Post
1880410,P175731,SADC Regional Statistics Project,1880410,Non-consulting Services,Mozambique,"April 13, 2026",Maria Gabriela Farfan Betran,Request for Quotations,MZ-INE-436021-NC-RFQ,"January 7, 2026",13627.14,Post
1880409,P149323,Social Safety Net Project,1880409,Consultant Services,Madagascar,"April 13, 2026",John Van Dyck,Individual Consultant Selection,DRP_21013_SCI_AS_FA2_FA3,"June 16, 2022",3132.67,Post
1880411,P149323,Social Safety Net Project,1880411,Consultant Services,Madagascar,"April 13, 2026",John Van Dyck,Individual Consultant Selection,DRP_21013_SCI_AS_FA2_FA3,"June 16, 2022",3132.67,Post
1880412,P172657,Improving Learning and Empowering Girls in Mozambique,1880412,Works,Mozambique,"April 13, 2026",Lucia Jose Nhampossa,Request for Bids,3/W/RFB/ILEGP/24,"October 24, 2025",3446150.98,Prior
1880413,P149323,Social Safety Net Project,1880413,Consultant Services,Madagascar,"April 13, 2026",John Van Dyck,Individual Consultant Selection,DRP_21013_SCI_AS_FA2_FA3,"June 16, 2022",13253.59,Post
1880414,P165129,Integrated Project for Source Sustainability and Climate Resilient Rain-fed Agriculture in Himachal Pradesh,1880414,Works,India,"April 13, 2026",Saumya Srivastava,Request for Quotations,"IN-DPO, SOLAN-486506-CW-RFQ","August 18, 2025",10512.21,Post
1880415,P149323,Social Safety Net Project,1880415,Consultant Services,Madagascar,"April 13, 2026",John Van Dyck,Individual Consultant Selection,DRP_21013_SCI_AS_FA2_FA3,"June 16, 2022",3132.67,Post
1880416,P149323,Social Safety Net Project,1880416,Consultant Services,Madagascar,"April 13, 2026",John Van Dyck,Individual Consultant Selection,DRP_21013_SCI_AS_FA2_FA3,"June 16, 2022",3132.67,Post
1880418,P162637,Rural Water Supply and Sanitation Project,1880418,Goods,Tajikistan,"April 13, 2026",Aroha Bahuguna,Request for Quotations,RWSSP-G-026-1 (Lots 1 & 2),"March 19, 2026",49704.37,Post
1880420,P149323,Social Safety Net Project,1880420,Consultant Services,Madagascar,"April 13, 2026",John Van Dyck,Individual Consultant Selection,DRP_21013_SCI_AS_FA2_FA3,"June 16, 2022",12922.25,Post
1880422,P166013,Comprehensive Approach to Health System Strengthening,1880422,Consultant Services,Netherlands,"April 13, 2026",Cedric Ndizeye,Direct Selection,KM-UGP SN-535170-CS-CDS,"April 2, 2026",581075.0,Post
1880421,P149323,Social Safety Net Project,1880421,Consultant Services,Madagascar,"April 13, 2026",John Van Dyck,Individual Consultant Selection,DRP_21013_SCI_AS_FA2_FA3,"June 16, 2022",3132.67,Post
1880423,P178954,Water and Sanitation Project - I,1880423,Goods,Malawi,"April 13, 2026",Ivaylo Hristov Kolev,Request for Quotations,MW-BWB-505566-GO-RFQ,"March 4, 2026",56435.66,Post
1880424,P178954,Water and Sanitation Project - I,1880424,Goods,Malawi,"April 13, 2026",Ivaylo Hristov Kolev,Request for Quotations,MW-BWB-505566-GO-RFQ,"March 4, 2026",42963.41,Post
1880427,P149323,Social Safety Net Project,1880427,Consultant Services,Madagascar,"April 13, 2026",John Van Dyck,Individual Consultant Selection,DRP_21013_SCI_AS_FA2_FA3,"June 16, 2022",12127.03,Post
1880425,P149323,Social Safety Net Project,1880425,Consultant Services,Madagascar,"April 13, 2026",John Van Dyck,Individual Consultant Selection,DRP_21013_SCI_AS_FA2_FA3,"June 16, 2022",3132.67,Post
1880426,P174066,Beneficiary FIRST Social Protection Project,1880426,Consultant Services,Philippines,"April 13, 2026",Ruth Rodriguez,Direct Selection,PH-DSWD-529019-CS-CDS,"February 13, 2026",9174.54,Post
1880428,P149323,Social Safety Net Project,1880428,Consultant Services,Madagascar,"April 13, 2026",John Van Dyck,Individual Consultant Selection,DRP_21013_SCI_AS_FA2_FA3,"June 16, 2022",3132.67,Post
1880429,P165129,Integrated Project for Source Sustainability and Climate Resilient Rain-fed Agriculture in Himachal Pradesh,1880429,Works,India,"April 13, 2026",Saumya Srivastava,Request for Quotations,"IN-DPO, SOLAN-486506-CW-RFQ","August 14, 2025",10505.06,Post
1880431,P149323,Social Safety Net Project,1880431,Consultant Services,Madagascar,"April 13, 2026",John Van Dyck,Individual Consultant Selection,DRP_21013_SCI_AS_FA2_FA3,"June 16, 2022",3132.67,Post
1880430,P172707,National Health Insurance (JKN) Reforms and Results Program,1880430,Consultant Services,Indonesia,"April 13, 2026",Eko Setyo Pambudi,Direct Selection,ID-CPMU I-HSS-521741-CS-CDS,"October 2, 2025",1448.22,Post
1880432,P177816,Food Systems Resilience Program for Eastern and Southern Africa (Phase 3) FSRP,1880432,Consultant Services,"Somalia, Federal Republic of","April 13, 2026",Benjamin Billard,Consultant Qualification Selection,SO-MOAD-SL-496283-CS-CQS,"March 11, 2026",130478.01,Prior
1880435,P165129,Integrated Project for Source Sustainability and Climate Resilient Rain-fed Agriculture in Himachal Pradesh,1880435,Works,India,"April 13, 2026",Saumya Srivastava,Request for Quotations,"IN-DPO, SOLAN-486506-CW-RFQ","August 18, 2025",8614.01,Post
1880433,P172479,Strengthen Ethiopia’s Adaptive Safety Net,1880433,Goods,Ethiopia,"April 13, 2026",Christabel E. Dadzie,Request for Quotations,ET-TIGRAY FSCO-483214-GO-RFQ,"December 6, 2024",6533.66,Post
1880434,P149323,Social Safety Net Project,1880434,Consultant Services,Madagascar,"April 13, 2026",John Van Dyck,Individual Consultant Selection,DRP_21013_SCI_AS_FA2_FA3,"June 16, 2022",3132.67,Post
1880436,P149323,Social Safety Net Project,1880436,Consultant Services,Madagascar,"April 13, 2026",John Van Dyck,Individual Consultant Selection,DRP_21013_SCI_AS_FA2_FA3,"June 16, 2022",13253.59,Post
1880437,P178985,Bangladesh Resilient Urban and Territorial Development Project,1880437,Works,Bangladesh,"April 13, 2026",Kwabena Amankwah-Ayeh,Request for Bids,RUTDP/GUR/2024-25/W-01,"January 5, 2026",958452.35,Post
1880438,P149323,Social Safety Net Project,1880438,Consultant Services,Madagascar,"April 13, 2026",John Van Dyck,Individual Consultant Selection,DRP_21013_SCI_AS_FA2_FA3,"June 16, 2022",3132.67,Post
1880443,P149323,Social Safety Net Project,1880443,Consultant Services,Madagascar,"April 13, 2026",John Van Dyck,Individual Consultant Selection,DRP_21013_SCI_AS_FA2_FA3,"June 16, 2022",3132.67,Post
1880442,P165129,Integrated Project for Source Sustainability and Climate Resilient Rain-fed Agriculture in Himachal Pradesh,1880442,Works,India,"April 13, 2026",Saumya Srivastava,Request for Quotations,"IN-DPO, SOLAN-486506-CW-RFQ","August 12, 2025",10513.15,Post
1880441,P504532,"Democratic Republic of Congo Health Emergency Preparedness, Response, and Resilience Project",1880441,Goods,"Congo, Democratic Republic of","April 13, 2026",Adama Traore,Direct Selection,ZR-DRC-MSP-522386-GO-DIR,"February 11, 2026",1320859.59,Post
1880444,P149323,Social Safety Net Project,1880444,Consultant Services,Madagascar,"April 13, 2026",John Van Dyck,Individual Consultant Selection,DRP_21013_SCI_AS_FA2_FA3,"June 16, 2022",12922.25,Post
1880445,P169265,Harmonizing and Improving Statistics in West Africa,1880445,Goods,Togo,"April 13, 2026",Aboudrahyme Savadogo,Direct Selection,TG-NISEDS-533526-GO-RFQ,"February 18, 2026",17028.12,Post
1880447,P161534,Climate-Smart Agriculture and Water Management Project,1880447,Works,Bangladesh,"April 13, 2026",Samina Yasmin,Request for Bids,CSAWMP-DOF-WD-01(C),"March 9, 2026",70632.41,Post
1880448,P175483,Djibouti Skills Development for Employment Project,1880448,Consultant Services,France,"April 13, 2026",Ryoko Tomita,Individual Consultant Selection,04/CO/PDCE/MT/ANEFIP/2026,"March 29, 2026",42954.16,Post
1880449,P501274,Host and Rohingya Enhancement of Lives Project,1880449,Consultant Services,Bangladesh,"April 13, 2026",Swarna Kazi,Individual Consultant Selection,HELP/SD-20B,"December 10, 2025",8815.63,Post
1880450,P174477,Madagascar National Water Project,1880450,Works,Madagascar,"April 13, 2026",Pierre Francois-Xavier Boulenger,Request for Bids,N°PAAEP 008/25-WJIR-T,"September 12, 2025",894903.16,Post
1880451,P508917,Palestinian Health System Reform Project,1880451,Goods,West Bank and Gaza,"April 13, 2026",Ramin Ziwary,Request for Bids,MOH-WB/PHSRP-G1,"April 7, 2026",794000.0,Post
1880452,P172479,Strengthen Ethiopia’s Adaptive Safety Net,1880452,Goods,Ethiopia,"April 13, 2026",Christabel E. Dadzie,Request for Quotations,ET-TIGRAY FSCO-483212-GO-RFQ,"January 9, 2025",294.33,Post
1880453,P172479,Strengthen Ethiopia’s Adaptive Safety Net,1880453,Goods,Ethiopia,"April 13, 2026",Christabel E. Dadzie,Request for Quotations,ET-TIGRAY FSCO-483212-GO-RFQ,"January 9, 2025",429.15,Post
1880454,P177816,Food Systems Resilience Program for Eastern and Southern Africa (Phase 3) FSRP,1880454,Goods,Comoros,"April 13, 2026",Benjamin Billard,Request for Quotations,KM-FSRP KM-496177-GO-RFQ,"August 12, 2025",45682.5,Post
1880455,P501274,Host and Rohingya Enhancement of Lives Project,1880455,Consultant Services,Bangladesh,"April 13, 2026",Swarna Kazi,Individual Consultant Selection,HELP/SD-10,"December 14, 2025",75213.68,Post
1880456,P172479,Strengthen Ethiopia’s Adaptive Safety Net,1880456,Goods,Ethiopia,"April 13, 2026",Christabel E. Dadzie,Request for Quotations,ET-TIGRAY FSCO-483212-GO-RFQ,"January 9, 2025",12.91,Post
1880457,P172479,Strengthen Ethiopia’s Adaptive Safety Net,1880457,Goods,Ethiopia,"April 13, 2026",Christabel E. Dadzie,Request for Quotations,ET-TIGRAY FSCO-483212-GO-RFQ,"January 9, 2025",5594.28,Post
1880458,P174477,Madagascar National Water Project,1880458,Works,Madagascar,"April 13, 2026",Pierre Francois-Xavier Boulenger,Request for Bids,N°PAAEP 001/26-WJIR-T,"February 9, 2026",2024020.92,Post
1880459,P172479,Strengthen Ethiopia’s Adaptive Safety Net,1880459,Goods,Ethiopia,"April 13, 2026",Christabel E. Dadzie,Request for Quotations,ET-TIGRAY FSCO-483212-GO-RFQ,"January 9, 2025",340.95,Post
1880461,P173197,Regional Sahel Pastoralism Support Project II,1880461,Works,Mauritania,"April 13, 2026",Franck Berthe,Request for Quotations,14/T/PRAPS II/2023,"November 24, 2023",75049.0,Post
1880463,P174477,Madagascar National Water Project,1880463,Works,Madagascar,"April 13, 2026",Pierre Francois-Xavier Boulenger,Request for Bids,N°PAAEP 002/26-WJIR-T,"February 9, 2026",988717.58,Post
1880460,P172479,Strengthen Ethiopia’s Adaptive Safety Net,1880460,Goods,Ethiopia,"April 13, 2026",Christabel E. Dadzie,Request for Quotations,ET-TIGRAY FSCO-483212-GO-RFQ,"February 17, 2025",277.22,Post
1880462,P172479,Strengthen Ethiopia’s Adaptive Safety Net,1880462,Goods,Ethiopia,"April 13, 2026",Christabel E. Dadzie,Request for Quotations,ET-TIGRAY FSCO-483212-GO-RFQ,"February 17, 2025",1209.95,Post
1880464,P173197,Regional Sahel Pastoralism Support Project II,1880464,Works,Mauritania,"April 13, 2026",Franck Berthe,Request for Quotations,07/T/PRAPS II/2023,"October 20, 2023",46298.16,Post
1880466,P165129,Integrated Project for Source Sustainability and Climate Resilient Rain-fed Agriculture in Himachal Pradesh,1880466,Works,India,"April 13, 2026",Saumya Srivastava,Request for Quotations,"IN-DPO, KANGRA-511301-CW-RFQ","January 13, 2026",1573.47,Post
1880465,P165129,Integrated Project for Source Sustainability and Climate Resilient Rain-fed Agriculture in Himachal Pradesh,1880465,Works,India,"April 13, 2026",Saumya Srivastava,Request for Quotations,"IN-DPO, KANGRA-511301-CW-RFQ","January 13, 2026",2038.05,Post
1880467,P165129,Integrated Project for Source Sustainability and Climate Resilient Rain-fed Agriculture in Himachal Pradesh,1880467,Works,India,"April 13, 2026",Saumya Srivastava,Request for Quotations,"IN-DPO, KANGRA-511301-CW-RFQ","January 13, 2026",1079.46,Post
1880468,P165129,Integrated Project for Source Sustainability and Climate Resilient Rain-fed Agriculture in Himachal Pradesh,1880468,Works,India,"April 13, 2026",Saumya Srivastava,Request for Quotations,"IN-DPO, KANGRA-511301-CW-RFQ","January 13, 2026",1414.77,Post
1880470,P172674,"Togo, Improving Quality and Equity of Basic Education Project",1880470,Works,Togo,"April 13, 2026",Djiby Thiam,Request for Quotations,TG-PCU-PAQEEB-454099-CW-RFQ,"March 4, 2026",522189.29,Post
1880469,P165129,Integrated Project for Source Sustainability and Climate Resilient Rain-fed Agriculture in Himachal Pradesh,1880469,Works,India,"April 13, 2026",Saumya Srivastava,Request for Quotations,"IN-DPO, KANGRA-511301-CW-RFQ","January 14, 2026",1033.21,Post
1880471,P167678,Gazetted Forests Management Project,1880471,Works,Benin,"April 13, 2026",Jean-Dominique Luc Marie Bescond,Request for Quotations,BJ-WACA -322980-CW-RFQ,"February 25, 2026",162777.99,Post
1880472,P165129,Integrated Project for Source Sustainability and Climate Resilient Rain-fed Agriculture in Himachal Pradesh,1880472,Works,India,"April 13, 2026",Saumya Srivastava,Request for Quotations,"IN-DPO, KANGRA-511301-CW-RFQ","January 15, 2026",1466.52,Post
1880473,P165129,Integrated Project for Source Sustainability and Climate Resilient Rain-fed Agriculture in Himachal Pradesh,1880473,Works,India,"April 13, 2026",Saumya Srivastava,Request for Quotations,"IN-DPO, KANGRA-511301-CW-RFQ","January 15, 2026",1537.73,Post
1880474,P165129,Integrated Project for Source Sustainability and Climate Resilient Rain-fed Agriculture in Himachal Pradesh,1880474,Works,India,"April 13, 2026",Saumya Srivastava,Request for Quotations,"IN-DPO, KANGRA-511301-CW-RFQ","January 15, 2026",1641.79,Post
1880475,P165129,Integrated Project for Source Sustainability and Climate Resilient Rain-fed Agriculture in Himachal Pradesh,1880475,Works,India,"April 13, 2026",Saumya Srivastava,Request for Quotations,"IN-DPO, KANGRA-511301-CW-RFQ","December 12, 2025",10508.37,Post
1880476,P165129,Integrated Project for Source Sustainability and Climate Resilient Rain-fed Agriculture in Himachal Pradesh,1880476,Works,India,"April 13, 2026",Saumya Srivastava,Request for Quotations,"IN-DPO, KANGRA-511301-CW-RFQ","December 12, 2025",5467.82,Post
1880477,P171305,Uganda Digital Acceleration Project - GovNet,1880477,Consultant Services,Uganda,"April 13, 2026",Paul Seaden,Consultant Qualification Selection,UG-NITA-U-519193-CS-CQS,"March 24, 2026",289917.58,Post
1880478,P175322,Maputo Metropolitan Area Urban Mobility Project,1880478,Consultant Services,Mozambique,"April 13, 2026",Emmanuel Taban,Individual Consultant Selection,86/CONS/MMAUMP/24,"March 20, 2026",70439.07,Prior
1880479,P167678,Gazetted Forests Management Project,1880479,Consultant Services,Benin,"April 13, 2026",Jean-Dominique Luc Marie Bescond,Direct Selection,BJ-WACA -536321-CS-CDS,"October 9, 2025",354999.67,Post
1880483,P163980,Marine Fisheries and Socio-Economic Development Project,1880483,Consultant Services,France,"April 13, 2026",Ben Okindo Ayako Miranga,Direct Selection,KE-MOMBEMA-C1-2024-042-CS-CDS-NEW,"February 23, 2026",50600.16,Post
1880481,P160865,Livestock Productivity and Resilience Support Project,1880481,Works,Nigeria,"April 13, 2026",Manievel Sene,Request for Quotations,NG-ONDO L-PRES-509786-CW-RFQ,"April 7, 2026",213039.28,Post
1880482,P164293,Burkina Faso Higher Education Support Project,1880482,Works,Burkina Faso,"April 13, 2026",Amina Debissa Denboba,Request for Bids,BF-PAES-382564-CW-RFB,"February 7, 2024",937431.83,Post
1880480,P175834,Stabilization and Recovery in Eastern DRC,1880480,Consultant Services,"Congo, Democratic Republic of","April 13, 2026",Daniel P. Owen,Quality And Cost-Based Selection,ZR-STAR EST-414818-CS-QCBS,"March 23, 2026",788993.0,Prior
1880484,P176898,Somalia Empowering Women through Education and Skills Project - 'Rajo Kaaba',1880484,Consultant Services,"Somalia, Federal Republic of","April 13, 2026",Harisoa Danielle Rasolonjatovo Andriamihamina,Quality And Cost-Based Selection,SO-MOECHE-422045-CS-QCBS,"March 3, 2026",2661900.12,Prior
1880485,P175237,Agro-Climatic Resilience in Semi-Arid Landscapes (ACReSAL),1880485,Works,Nigeria,"April 13, 2026",Iganya Joy Agene,Request for Quotations,NG-KWARA STATE ACRESAL-508268-CW-RFQ,"February 19, 2025",269248.14,Post
1880486,P167328,Water and Sanitation Sectoral Project,1880486,Consultant Services,Mauritania,"April 13, 2026",Mohamed Nanzoul,Consultant Qualification Selection,22/PI/PSEA/2022,"August 23, 2023",112669.22,Post
1880487,P149323,Social Safety Net Project,1880487,Consultant Services,Madagascar,"April 13, 2026",John Van Dyck,Individual Consultant Selection,DRP_21013_SCI_AS_FA2_FA3,"June 16, 2022",3132.67,Post
1880489,P175298,Investing in Inclusive Human Capital Development in Northern Mozambique Project,1880489,Works,Mozambique,"April 13, 2026",Joao Verissimo Figueiredo Rodrigues E Pires,Request for Bids,03-SPS-WB-2026,"January 12, 2026",353916.8,Post
1880488,P175298,Investing in Inclusive Human Capital Development in Northern Mozambique Project,1880488,Works,Mozambique,"April 13, 2026",Joao Verissimo Figueiredo Rodrigues E Pires,Request for Bids,02-CP-SPS-WB-2026,"January 9, 2026",402251.8,Post
1880491,P175298,Investing in Inclusive Human Capital Development in Northern Mozambique Project,1880491,Works,Mozambique,"April 13, 2026",Joao Verissimo Figueiredo Rodrigues E Pires,Request for Bids,04-CP-SPS-WB-2026,"January 9, 2026",920303.06,Post
1880490,P175298,Investing in Inclusive Human Capital Development in Northern Mozambique Project,1880490,Works,Mozambique,"April 13, 2026",Joao Verissimo Figueiredo Rodrigues E Pires,Request for Bids,01-CP-SPS-WB-2026,"January 12, 2026",808937.0,Post
1880493,P149323,Social Safety Net Project,1880493,Consultant Services,Madagascar,"April 13, 2026",John Van Dyck,Individual Consultant Selection,DRP_21013_SCI_AS_FA2_FA3,"June 16, 2022",3132.67,Post
1880494,P167820,Energy Utility Performance and Reliability Improvement Project,1880494,Non-consulting Services,Papua New Guinea,"April 13, 2026",Dmytro Glazkov,Direct Selection,PG-PPL-539369-NC-DIR,"April 6, 2026",10397.86,Post
1880495,P178831,Tajikistan Millati Solim Project,1880495,Consultant Services,Panama,"April 13, 2026",Takahiro Hasumi,Direct Selection,MOHSP/TMSP/DS/025/001,"July 15, 2025",535076.47,Post
1880496,P174684,Economic Transformation for Inclusive Growth Project,1880496,Goods,Madagascar,"April 13, 2026",Sagita Muco,Request for Quotations,055/F/PIC3/2026,"March 24, 2026",46406.59,Post
1880498,P167678,Gazetted Forests Management Project,1880498,Consultant Services,Benin,"April 13, 2026",Jean-Dominique Luc Marie Bescond,Direct Selection,BJ-WACA -536326-CS-CDS,"August 31, 2025",357019.76,Post
1880497,P178831,Tajikistan Millati Solim Project,1880497,Consultant Services,Tajikistan,"April 13, 2026",Takahiro Hasumi,Direct Selection,MOHSP/TMSP/ICS/026/001-2,"March 12, 2026",12000.0,Post
1880501,P167678,Gazetted Forests Management Project,1880501,Consultant Services,Benin,"April 13, 2026",Jean-Dominique Luc Marie Bescond,Direct Selection,BJ-WACA -536330-CS-CDS,"June 23, 2025",355134.69,Post
1880503,P144271,Forest Conservation and Sustainability in the Heart of the Colombian Amazon,1880503,Goods,Colombia,"April 13, 2026",Ana Maria Gonzalez Velosa,Request for Quotations,GEFII-CA-CCOM-010-2026,"March 19, 2026",79077.85,Post
1880500,P178831,Tajikistan Millati Solim Project,1880500,Consultant Services,Tajikistan,"April 13, 2026",Takahiro Hasumi,Consultant Qualification Selection,MOHSP/TMSP/CQS/025/011,"March 10, 2026",61559.18,Post
1880502,P176126,Ghana Digital Acceleration Project,1880502,Consultant Services,Ghana,"April 13, 2026",Stephen R. Davenport,Direct Selection,GH-MOCDTI-522684-CS-CDS,"March 31, 2026",300013.63,Post
1880504,P172800,Cote d'Ivoire Youth Employment and Skills Development Project - Phase 3,1880504,Non-consulting Services,Cote d'Ivoire,"April 13, 2026",Ali Coulibaly,Request for Quotations,CI-BCP-EMPLOI-300777-NC-RFQ,"June 29, 2023",24682.14,Post
1880505,P172425,Competitive Value Chains for Jobs and Economic Transformation Project,1880505,Goods,Cote d'Ivoire,"April 13, 2026",Adja Mansora Dahourou,Request for Quotations,CI-UC - PCCET-536373-GO-RFQ,"March 23, 2026",42953.46,Post
1880506,P149323,Social Safety Net Project,1880506,Consultant Services,Madagascar,"April 13, 2026",John Van Dyck,Individual Consultant Selection,DRP_21013_SCI_AS_FA2_FA3,"June 16, 2022",3132.67,Post
1880507,P180076,"Lowlands Livelihood Resilience Project, Phase Two (LLRP II)",1880507,Works,Ethiopia,"April 13, 2026",Esayas Nigatu Gebremeskel,Request for Quotations,ET-GAM-RPCU-537577-CW-RFQ,"March 13, 2026",7561.36,Post
1880509,P167328,Water and Sanitation Sectoral Project,1880509,Consultant Services,Mauritania,"April 13, 2026",Mohamed Nanzoul,Consultant Qualification Selection,22/PI/PSEA/2022,"August 23, 2023",103015.75,Post
1880508,P149323,Social Safety Net Project,1880508,Consultant Services,Madagascar,"April 13, 2026",John Van Dyck,Individual Consultant Selection,DRP_21013_SCI_AS_FA2_FA3,"June 16, 2022",12922.25,Post
1880510,P172605,Salvador Social Multi-Sector Service Delivery Project II,1880510,Goods,Brazil,"April 13, 2026",Rovane Battaglin Schwengber,Request for Bids,BR-CASA CIVIL-492455-GO-RFB,"March 4, 2026",13165.41,Post
1880511,P149323,Social Safety Net Project,1880511,Consultant Services,Madagascar,"April 13, 2026",John Van Dyck,Individual Consultant Selection,DRP_21013_SCI_AS_FA2_FA3,"June 16, 2022",13253.59,Post
1880512,P172605,Salvador Social Multi-Sector Service Delivery Project II,1880512,Goods,Brazil,"April 13, 2026",Rovane Battaglin Schwengber,Request for Bids,BR-CASA CIVIL-492455-GO-RFB,"March 6, 2026",42929.37,Post
1880514,P149323,Social Safety Net Project,1880514,Consultant Services,Madagascar,"April 13, 2026",John Van Dyck,Individual Consultant Selection,DRP_21013_SCI_AS_FA2_FA3,"June 16, 2022",3132.67,Post
1880513,P149323,Social Safety Net Project,1880513,Consultant Services,Madagascar,"April 13, 2026",John Van Dyck,Individual Consultant Selection,DRP_21013_SCI_AS_FA2_FA3,"June 16, 2022",13253.59,Post
1880515,P179447,Nigeria for Women Program Scale Up Project,1880515,Goods,Nigeria,"April 13, 2026",Michael Gboyega Ilesanmi,Request for Quotations,NG-TARABA NFWP-SU-520966-GO-RFQ,"November 28, 2025",13831.87,Post
1880516,P149323,Social Safety Net Project,1880516,Consultant Services,Madagascar,"April 13, 2026",John Van Dyck,Individual Consultant Selection,DRP_21013_SCI_AS_FA2_FA3,"June 16, 2022",3132.67,Post
1880517,P149323,Social Safety Net Project,1880517,Consultant Services,Madagascar,"April 13, 2026",John Van Dyck,Individual Consultant Selection,DRP_21013_SCI_AS_FA2_FA3,"June 16, 2022",3131.83,Post
1880518,P149323,Social Safety Net Project,1880518,Consultant Services,Madagascar,"April 13, 2026",John Van Dyck,Individual Consultant Selection,DRP_21013_SCI_AS_FA2_FA3,"June 16, 2022",13250.04,Post
1880519,P149323,Social Safety Net Project,1880519,Consultant Services,Madagascar,"April 13, 2026",John Van Dyck,Individual Consultant Selection,DRP_21013_SCI_AS_FA2_FA3,"June 16, 2022",13250.04,Post
1880520,P149323,Social Safety Net Project,1880520,Consultant Services,Madagascar,"April 13, 2026",John Van Dyck,Individual Consultant Selection,DRP_21013_SCI_AS_FA2_FA3,"June 16, 2022",3131.83,Post
1880523,P149323,Social Safety Net Project,1880523,Consultant Services,Madagascar,"April 13, 2026",John Van Dyck,Individual Consultant Selection,DRP_21013_SCI_AS_FA2_FA3,"June 16, 2022",13250.04,Post
1880521,P149323,Social Safety Net Project,1880521,Consultant Services,Madagascar,"April 13, 2026",John Van Dyck,Individual Consultant Selection,DRP_21013_SCI_AS_FA2_FA3,"June 16, 2022",12918.79,Post
1880522,P171664,Economic Linkages for Diversification,1880522,Non-consulting Services,Mozambique,"April 13, 2026",Laurent Olivier Corthay,Request for Bids,MZ-MEF-DNT-487819-NC-RFB,"March 12, 2026",849294.83,Post
1880524,P149323,Social Safety Net Project,1880524,Consultant Services,Madagascar,"April 13, 2026",John Van Dyck,Individual Consultant Selection,DRP_21013_SCI_AS_FA2_FA3,"June 16, 2022",13250.04,Post
1880525,P149323,Social Safety Net Project,1880525,Consultant Services,Madagascar,"April 13, 2026",John Van Dyck,Individual Consultant Selection,DRP_21013_SCI_AS_FA2_FA3,"June 16, 2022",3131.83,Post
1880527,P172605,Salvador Social Multi-Sector Service Delivery Project II,1880527,Goods,Brazil,"April 13, 2026",Rovane Battaglin Schwengber,Request for Bids,BR-CASA CIVIL-492455-GO-RFB,"March 9, 2026",23049.57,Post
1880526,P149323,Social Safety Net Project,1880526,Consultant Services,Madagascar,"April 13, 2026",John Van Dyck,Individual Consultant Selection,DRP_21013_SCI_AS_FA2_FA3,"June 16, 2022",13250.04,Post
1880528,P172657,Improving Learning and Empowering Girls in Mozambique,1880528,Works,Mozambique,"April 13, 2026",Lucia Jose Nhampossa,Request for Bids,64/W/RFB/ILEGP/24,"December 29, 2025",2697184.12,Prior
1880529,P149323,Social Safety Net Project,1880529,Consultant Services,Madagascar,"April 13, 2026",John Van Dyck,Individual Consultant Selection,DRP_21013_SCI_AS_FA2_FA3,"June 16, 2022",13250.04,Post
1880531,P149323,Social Safety Net Project,1880531,Consultant Services,Madagascar,"April 13, 2026",John Van Dyck,Individual Consultant Selection,DRP_21013_SCI_AS_FA2_FA3,"June 16, 2022",13250.04,Post
1880530,P149323,Social Safety Net Project,1880530,Consultant Services,Madagascar,"April 13, 2026",John Van Dyck,Individual Consultant Selection,DRP_21013_SCI_AS_FA2_FA3,"June 16, 2022",3131.83,Post
1880532,P149323,Social Safety Net Project,1880532,Consultant Services,Madagascar,"April 13, 2026",John Van Dyck,Individual Consultant Selection,DRP_21013_SCI_AS_FA2_FA3,"June 16, 2022",3131.83,Post
1880533,P149323,Social Safety Net Project,1880533,Consultant Services,Madagascar,"April 13, 2026",John Van Dyck,Individual Consultant Selection,DRP_21013_SCI_AS_FA2_FA3,"June 16, 2022",3131.83,Post
1880534,P149323,Social Safety Net Project,1880534,Consultant Services,Madagascar,"April 13, 2026",John Van Dyck,Individual Consultant Selection,DRP_21013_SCI_AS_FA2_FA3,"June 16, 2022",12918.79,Post
1880535,P149323,Social Safety Net Project,1880535,Consultant Services,Madagascar,"April 13, 2026",John Van Dyck,Individual Consultant Selection,DRP_21013_SCI_AS_FA2_FA3,"June 16, 2022",13250.04,Post
1880536,P149323,Social Safety Net Project,1880536,Consultant Services,Madagascar,"April 13, 2026",John Van Dyck,Individual Consultant Selection,DRP_21013_SCI_AS_FA2_FA3,"June 16, 2022",13250.04,Post
1880537,P172657,Improving Learning and Empowering Girls in Mozambique,1880537,Works,Mozambique,"April 13, 2026",Lucia Jose Nhampossa,Request for Bids,64/W/RFB/ILEGP/24,"December 29, 2025",2850910.35,Prior
1880538,P149323,Social Safety Net Project,1880538,Consultant Services,Madagascar,"April 13, 2026",John Van Dyck,Individual Consultant Selection,DRP_21013_SCI_AS_FA2_FA3,"June 16, 2022",12918.79,Post
1880539,P149323,Social Safety Net Project,1880539,Consultant Services,Madagascar,"April 13, 2026",John Van Dyck,Individual Consultant Selection,DRP_21013_SCI_AS_FA2_FA3,"June 16, 2022",3131.83,Post
1880540,P149323,Social Safety Net Project,1880540,Consultant Services,Madagascar,"April 13, 2026",John Van Dyck,Individual Consultant Selection,DRP_21013_SCI_AS_FA2_FA3,"June 16, 2022",12918.79,Post
1880542,P174034,Niger Accelerating Electricity Access Project (Haské),1880542,Consultant Services,Nigeria,"April 13, 2026",Emmanuel Py,Quality And Cost-Based Selection,NE-NIGELEC-498521-CS-QCBS,"March 25, 2026",169955.0,Post
1880541,P178567,Piauí Health and Social Protection Development Project,1880541,Consultant Services,Brazil,"April 13, 2026",Daniela Pena De Lima,Individual Consultant Selection,SASC - 09 CI PEDAGOGIA,"March 31, 2026",1997.76,Post
1880543,P174684,Economic Transformation for Inclusive Growth Project,1880543,Consultant Services,Madagascar,"April 13, 2026",Sagita Muco,Individual Consultant Selection,358/C/PIC3/2026,"April 10, 2026",12569.21,Post
1880545,P174684,Economic Transformation for Inclusive Growth Project,1880545,Consultant Services,France,"April 13, 2026",Sagita Muco,Individual Consultant Selection,358/C/PIC3/2026,"April 10, 2026",24067.86,Post
1880544,P172657,Improving Learning and Empowering Girls in Mozambique,1880544,Works,Mozambique,"April 13, 2026",Lucia Jose Nhampossa,Request for Bids,64/W/RFB/ILEGP/24,"December 29, 2025",2702635.9,Prior
1880546,P172657,Improving Learning and Empowering Girls in Mozambique,1880546,Works,Mozambique,"April 13, 2026",Lucia Jose Nhampossa,Request for Bids,64/W/RFB/ILEGP/24,"December 29, 2025",2663728.75,Prior
1880547,P180245,Health Enhancement And Lifesaving (HEAL) Ukraine Project,1880547,Non-consulting Services,Ukraine,"April 13, 2026",Jakub Jan Kakietek,Request for Quotations,HEAL-RFQ-4.1.1.9.1/58,"March 26, 2026",132483.51,Post
1880548,P174177,Peru: Strengthening of the Public Health Emergency Preparedness and Response,1880548,Consultant Services,Peru,"April 13, 2026",Gabriel Aguirre Martens,Individual Consultant Selection,PE-INS-516919-CS-INDV,"November 6, 2025",20763.29,Post
1880549,P180027,Bolivia Improving Sustainable Access to Electricity Project (IDTR III),1880549,Consultant Services,Bolivia,"April 13, 2026",Lara Born,Individual Consultant Selection,BO-ENDE-492239-CS-INDV,"March 18, 2026",15120.64,Post
1880550,P167512,Strengthening Primary Health Care and Surveillance in Haiti,1880550,Consultant Services,Rwanda,"April 13, 2026",Nicolas Collin Dit De Montesson,Direct Selection,HT-UGP-542541-CS-CDS,"November 4, 2025",58906.83,Post
1880551,P172657,Improving Learning and Empowering Girls in Mozambique,1880551,Consultant Services,Mozambique,"April 13, 2026",Lucia Jose Nhampossa,Quality And Cost-Based Selection,9/CS/QCBS/ILEGP/24,"December 30, 2025",196488.69,Prior
1880552,P180925,BDI Human Capital Development Project,1880552,Consultant Services,Burundi,"April 13, 2026",Boubakar Lompo,Individual Consultant Selection,BI-MOH-534461-CS-INDV,"March 31, 2026",63760.93,Post
1880553,P172592,Climate Resilient and Sustainable Agriculture Project,1880553,Consultant Services,Belize,"April 13, 2026",Melissa Brown,Individual Consultant Selection,BZ-SIF-485854-CS-CDS,"July 16, 2025",28639.62,Post
1880555,P176126,Ghana Digital Acceleration Project,1880555,Consultant Services,Ghana,"April 13, 2026",Stephen R. Davenport,Direct Selection,GH-MOCDTI-522757-CS-CDS,"March 31, 2026",298641.54,Post
1880554,P180982,Coastal Resilience and Sustainable Tourism Project,1880554,Works,Sao Tome and Principe,"April 13, 2026",Juan Jose Miranda Montero,Request for Bids,61/W/COMP2/WACA+/2025,"March 17, 2026",1696802.86,Post
1880556,P180982,Coastal Resilience and Sustainable Tourism Project,1880556,Works,Sao Tome and Principe,"April 13, 2026",Juan Jose Miranda Montero,Request for Bids,62/W/COMP2/WACA+/2025,"March 17, 2026",1029135.99,Post
1880557,P172657,Improving Learning and Empowering Girls in Mozambique,1880557,Consultant Services,Mozambique,"April 13, 2026",Lucia Jose Nhampossa,Quality And Cost-Based Selection,11/CS/QCBS/ILEGP/24,"December 30, 2025",93688.53,Prior
1880559,P172657,Improving Learning and Empowering Girls in Mozambique,1880559,Consultant Services,Mozambique,"April 13, 2026",Lucia Jose Nhampossa,Quality And Cost-Based Selection,10/CS/QCBS/ILEGP/24,"December 30, 2025",136503.43,Prior
1880558,P167678,Gazetted Forests Management Project,1880558,Consultant Services,Benin,"April 13, 2026",Jean-Dominique Luc Marie Bescond,Consultant Qualification Selection,BJ-WACA -462232-CS-CQS,"December 30, 2025",172205.61,Post
1880562,P165228,Smallholder Agriculture Development Project - II,1880562,Goods,Lesotho,"April 13, 2026",Daniel P. Gerber,Request for Bids,LS-MAFS-508814-GO-RFB,"February 2, 2026",27851.86,Post
1880560,P163023,"Integrated Forest Landscape Management Project in Atalaya, Ucayali",1880560,Non-consulting Services,Peru,"April 13, 2026",Mizushi Satoh,Request for Quotations,PE-PNCB-515889-NC-RFQ,"November 18, 2025",57276.0,Post
1880561,P162833,Improving the Performance of Non-Criminal Justice Services,1880561,Consultant Services,Peru,"April 13, 2026",Ruben Leonel Ruano Chinchilla,Individual Consultant Selection,PE-PJ-482759-CS-INDV,"July 17, 2025",1274.11,Post
1880563,P162833,Improving the Performance of Non-Criminal Justice Services,1880563,Consultant Services,Peru,"April 13, 2026",Ruben Leonel Ruano Chinchilla,Individual Consultant Selection,PE-PJ-482789-CS-INDV,"July 14, 2025",1769.6,Post
1880564,P172592,Climate Resilient and Sustainable Agriculture Project,1880564,Consultant Services,Belize,"April 13, 2026",Melissa Brown,Individual Consultant Selection,BZ-SIF-470101-CS-INDV,"June 12, 2025",51551.31,Post
1880565,P171316,Growing Up and Learning Together: Comprehensive Early Childhood Development in El Salvador,1880565,Goods,El Salvador,"April 13, 2026",Isy Faingold Vigil,Request for Quotations,SDC 74/2025-MINEDUCYT-BIRF,"March 12, 2026",10978.0,Post
1880566,P172479,Strengthen Ethiopia’s Adaptive Safety Net,1880566,Goods,Ethiopia,"April 13, 2026",Christabel E. Dadzie,Request for Quotations,ET-SOMALI BRANOWOFED-479425-GO-RFQ,"May 21, 2025",20635.65,Post
1880567,P175594,Côte d'Ivoire Productive Social Safety Nets System Strengthening Program,1880567,Consultant Services,Cote d'Ivoire,"April 13, 2026",Giorgia Demarchi,Consultant Qualification Selection,CI-BCPFS-527843-CS-CQS-2025,"March 11, 2026",89021.71,Post
1880568,P171528,Caribbean Digital Transformation Project,1880568,Consultant Services,St. Vincent and the Grenadines,"April 13, 2026",Marolla Haddad,Individual Consultant Selection,SVG-CARDTP-C-IC-15,"March 20, 2026",72088.72,Post
1880569,P180244,WEST AFRICA FOOD SYSTEM RESILIENCE PROGRAM (FSRP) PHASE 3,1880569,Consultant Services,Senegal,"April 13, 2026",Aifa Fatimata Niane Ndoye,Quality And Cost-Based Selection,SN-FSRP-SN-463585-CS-QCBS,"December 17, 2025",178245.42,Post
1880570,P171528,Caribbean Digital Transformation Project,1880570,Consultant Services,United States,"April 13, 2026",Marolla Haddad,Direct Selection,SVGCARDTP-C-DIR-2,"March 24, 2026",66401.6,Post
1880571,P172479,Strengthen Ethiopia’s Adaptive Safety Net,1880571,Goods,Ethiopia,"April 13, 2026",Christabel E. Dadzie,Request for Quotations,ET-SOMALI BRANOWOFED-479428-GO-RFQ,"May 23, 2025",13069.45,Post
1880572,P172479,Strengthen Ethiopia’s Adaptive Safety Net,1880572,Works,Ethiopia,"April 13, 2026",Christabel E. Dadzie,Request for Quotations,ET-SOMALI KHLEWOFED-485731-CW-RFQ,"July 18, 2025",13682.51,Post
1880573,P172479,Strengthen Ethiopia’s Adaptive Safety Net,1880573,Works,Ethiopia,"April 13, 2026",Christabel E. Dadzie,Request for Quotations,ET-SOMALI DBWYNWOFED-479365-CW-RFQ,"May 2, 2025",20725.13,Post
1880575,P162278,National Urban Cadaster and Municipal Support Project,1880575,Consultant Services,Peru,"April 13, 2026",Gabriel Sergio Arrisueno Fajardo,Individual Consultant Selection,CONTRATO N°362-2025-UE003/COFOPRI,"November 18, 2025",2807.76,Post
1880574,P171158,Central African Republic Human Capital and Women and Girls' Empowerment (Maïngo) Project,1880574,Consultant Services,Benin,"April 13, 2026",Abdoulaye Ka,Consultant Qualification Selection,CF-MEPC-340896-CS-CQS,"May 17, 2024",219071.4,Post
1880576,P162833,Improving the Performance of Non-Criminal Justice Services,1880576,Consultant Services,Peru,"April 13, 2026",Ruben Leonel Ruano Chinchilla,Individual Consultant Selection,PE-PJ-482785-CS-INDV,"September 5, 2025",1274.11,Post
1880577,P165821,Kiribati: Pacific Islands Regional Oceanscape Program,1880577,Consultant Services,New Zealand,"April 13, 2026",Xavier F. P. Vincent,Individual Consultant Selection,KI-MFMRD-520557-CS-INDV,"March 30, 2026",42457.41,Post
1880578,P178237,Pacific Islands Regional Oceanscape Program - Second Phase for Economic Resilience: Federated States of Micronesia (FSM PROPER),1880578,Consultant Services,"Micronesia, Federated States of","April 13, 2026",Aimee Terese Hall,Individual Consultant Selection,FM-NORMA-457830-CS-INDV,"March 10, 2026",43223.44,Post
1880579,P163023,"Integrated Forest Landscape Management Project in Atalaya, Ucayali",1880579,Consultant Services,Peru,"April 13, 2026",Mizushi Satoh,Individual Consultant Selection,PE-PNCB-462511-CS-INDV,"February 10, 2025",17695.98,Post
1880582,P162833,Improving the Performance of Non-Criminal Justice Services,1880582,Consultant Services,Peru,"April 13, 2026",Ruben Leonel Ruano Chinchilla,Individual Consultant Selection,PE-PJ-515908-CS-INDV,"October 23, 2025",1858.08,Post
1880580,P174178,Social Protection and Youth Productive Inclusion Project,1880580,Consultant Services,"Congo, Republic of","April 13, 2026",Gbetoho Joachim Boko,Individual Consultant Selection,CG-PSIPJ-95BIS-CI-ED-2025,"June 12, 2025",49914.55,Post
1880583,P176478,South Tarawa Sanitation Project,1880583,Consultant Services,Papua New Guinea,"April 14, 2026",Rebecca Jean Gilsdorf,Individual Consultant Selection,KI-MISE-507721-CS-INDV,"September 17, 2025",110250.0,Post
1880581,P162833,Improving the Performance of Non-Criminal Justice Services,1880581,Consultant Services,Peru,"April 13, 2026",Ruben Leonel Ruano Chinchilla,Individual Consultant Selection,PE-PJ-515907-CS-INDV,"October 22, 2025",1858.08,Post
1880584,P154840,Pacific Resilience Program,1880584,Goods,Tonga,"April 14, 2026",Simone Lillian Esler,Request for Quotations,PREPTONGA/GOODS43,"April 10, 2026",92311.98,Post
1880585,P162594,Multipurpose Cadaster Project,1880585,Non-consulting Services,Colombia,"April 14, 2026",Ivonne Astrid Moreno Horta,Request for Quotations,CO-ANT-512639-NC-RFQ,"September 17, 2025",103104.12,Post
1880587,P154778,Sustainable Rural Water Supply and Sanitation Project,1880587,Works,Kyrgyz Republic,"April 14, 2026",Odete Duarte Muximpua,Request for Quotations,IDA-SRWSSDP-AF-CW-2026-1,"March 24, 2026",219896.85,Post
1880586,P154778,Sustainable Rural Water Supply and Sanitation Project,1880586,Works,Kyrgyz Republic,"April 14, 2026",Odete Duarte Muximpua,Request for Quotations,IDA-SRWSSDP-AF-CW-2026-2,"March 24, 2026",191222.17,Post
1880588,P180811,Indonesia Health Systems Strengthening Project,1880588,Goods,Indonesia,"April 14, 2026",Lander Bosch,Request for Bids,ID-PMU SOPHI-516269-GO-RFB,"March 17, 2026",525172.38,Prior
1880590,P154778,Sustainable Rural Water Supply and Sanitation Project,1880590,Consultant Services,Kyrgyz Republic,"April 14, 2026",Odete Duarte Muximpua,Individual Consultant Selection,IDA-SRWSSDP-AF-IC-FIDS-2025-4,"February 16, 2026",49.41,Post
1880591,P172945,Punjab Urban Land Systems Enhancement Project,1880591,Non-consulting Services,Pakistan,"April 14, 2026",Dong Kyu Kwak,Request for Quotations,PK-BOR PUNJAB-532989-NC-RFQ,"March 31, 2026",95461.59,Post
1880592,P154778,Sustainable Rural Water Supply and Sanitation Project,1880592,Consultant Services,Kyrgyz Republic,"April 14, 2026",Odete Duarte Muximpua,Individual Consultant Selection,IDA-SRWSSDP-AF-IC-FIDS-2025-6,"February 16, 2026",49.41,Post
1880593,P172945,Punjab Urban Land Systems Enhancement Project,1880593,Consultant Services,Pakistan,"April 14, 2026",Dong Kyu Kwak,Individual Consultant Selection,PK-BOR PUNJAB-529952-CS-INDV,"March 31, 2026",10755.58,Post
1880594,P154778,Sustainable Rural Water Supply and Sanitation Project,1880594,Goods,Kyrgyz Republic,"April 14, 2026",Odete Duarte Muximpua,Request for Quotations,IDA-SRWSSDP-AF-RFQ-G-2025-4,"March 16, 2026",6287.46,Post
1880595,P154778,Sustainable Rural Water Supply and Sanitation Project,1880595,Goods,Kyrgyz Republic,"April 14, 2026",Odete Duarte Muximpua,Request for Quotations,IDA-SRWSSDP-AF-RFQ-G-2025-4,"March 16, 2026",2869.37,Post
1880596,P154778,Sustainable Rural Water Supply and Sanitation Project,1880596,Goods,Kyrgyz Republic,"April 14, 2026",Odete Duarte Muximpua,Request for Quotations,IDA-SRWSSDP-AF-RFQ-G-2025-4,"March 16, 2026",887.33,Post
1880597,P167794,"One WASH—Consolidated Water Supply, Sanitation, and Hygiene Account Project (One WASH—CWA)",1880597,Works,Ethiopia,"April 14, 2026",Taibou Adamou Maiga,Request for Quotations,ET-HARARI RWB-392920-CW-RFQ,"February 15, 2024",30585.22,Post
1880598,P167794,"One WASH—Consolidated Water Supply, Sanitation, and Hygiene Account Project (One WASH—CWA)",1880598,Works,Ethiopia,"April 14, 2026",Taibou Adamou Maiga,Request for Quotations,ET-HARARI RWB-392920-CW-RFQ,"June 21, 2024",15121.41,Post
1880599,P167794,"One WASH—Consolidated Water Supply, Sanitation, and Hygiene Account Project (One WASH—CWA)",1880599,Works,Ethiopia,"April 14, 2026",Taibou Adamou Maiga,Request for Quotations,ET-HARARI RWB-392920-CW-RFQ,"February 15, 2024",20041.67,Post
1880603,P178566,Food Systems Resilience Program for Eastern and Southern Africa,1880603,Goods,Ethiopia,"April 14, 2026",Hanane Ahmed,Request for Bids,ET-OROMIA-OBA-FSRP-517514-GO-RFB,"March 18, 2026",77469.67,Post
1880600,P179242,"Transforming Fisheries Sector Management in South-West Indian Ocean Region and Maldives Project (TransFORM, SWIOFish5)",1880600,Consultant Services,Kenya,"April 14, 2026",Lan Thi Thu Nguyen,Individual Consultant Selection,SW5-Y2-NC007,"April 10, 2026",101000.0,Prior
1880601,P172479,Strengthen Ethiopia’s Adaptive Safety Net,1880601,Goods,Ethiopia,"April 14, 2026",Christabel E. Dadzie,Request for Quotations,ET-TIGRAY FSCO-483118-GO-RFQ,"January 15, 2025",4531.07,Post
1880602,P172479,Strengthen Ethiopia’s Adaptive Safety Net,1880602,Goods,Ethiopia,"April 14, 2026",Christabel E. Dadzie,Request for Quotations,ET-TIGRAY FSCO-483118-GO-RFQ,"January 15, 2025",267.66,Post
1880604,P165228,Smallholder Agriculture Development Project - II,1880604,Goods,Lesotho,"April 14, 2026",Daniel P. Gerber,Request for Bids,LS-MAFS-508809-GO-RFB,"November 18, 2025",74927.57,Post
1880605,P165228,Smallholder Agriculture Development Project - II,1880605,Works,Lesotho,"April 14, 2026",Daniel P. Gerber,Request for Quotations,LS-MAFS-521499-CW-RFQ,"April 2, 2026",89141.22,Post
1880607,P172479,Strengthen Ethiopia’s Adaptive Safety Net,1880607,Goods,Ethiopia,"April 14, 2026",Christabel E. Dadzie,Request for Quotations,ET-TIGRAY FSCO-486326-GO-RFQ,"May 12, 2025",50982.82,Post
1880606,P177329,RMI Multisectoral Early Childhood Development Project - II,1880606,Non-consulting Services,Australia,"April 14, 2026",Nang Mo Kham,Direct Selection,MH-ECD PMO-507360-NC-DIR,"April 9, 2026",248738.75,Post
1880608,P161402,Competitive and Livable City of Karachi Project,1880608,Goods,Pakistan,"April 14, 2026",Davison Muchadenyika,Request for Bids,PK-SID-531201-GO-RFB,"March 24, 2026",548032.46,Post
1880610,P167794,"One WASH—Consolidated Water Supply, Sanitation, and Hygiene Account Project (One WASH—CWA)",1880610,Works,Ethiopia,"April 14, 2026",Taibou Adamou Maiga,Request for Quotations,ET-MOH-320365-CW-RFQ,"May 8, 2023",7494.4,Post
1880609,P178566,Food Systems Resilience Program for Eastern and Southern Africa,1880609,Goods,Ethiopia,"April 14, 2026",Hanane Ahmed,Request for Quotations,ET-OROMIA-BOA-FSRP-518535-GO-RFQ,"December 26, 2025",33801.61,Post
1880611,P177329,RMI Multisectoral Early Childhood Development Project - II,1880611,Goods,Marshall Islands,"April 14, 2026",Nang Mo Kham,Request for Quotations,MH-ECD PMO-466593-GO-RFQ,"April 1, 2026",198100.3,Post
1880612,P174684,Economic Transformation for Inclusive Growth Project,1880612,Consultant Services,Madagascar,"April 14, 2026",Sagita Muco,Individual Consultant Selection,355/C/PIC3/2026,"April 8, 2026",28909.18,Post
1880613,P174477,Madagascar National Water Project,1880613,Works,Madagascar,"April 14, 2026",Pierre Francois-Xavier Boulenger,Request for Bids,N°PAAEP- 005/26-WJIR-T,"March 26, 2026",352413.29,Post
1880614,P172707,National Health Insurance (JKN) Reforms and Results Program,1880614,Consultant Services,Indonesia,"April 14, 2026",Eko Setyo Pambudi,Direct Selection,ID-CPMU I-HSS-521735-CS-CDS,"October 2, 2025",1157.89,Post
1880615,P500764,Indonesia Supporting Health Transformation Project (I-SeHat),1880615,Consultant Services,Indonesia,"April 14, 2026",Pandu Harimurti,Individual Consultant Selection,ID-BOPD-528296-CS-INDV,"November 17, 2025",24853.8,Post
1880616,P500764,Indonesia Supporting Health Transformation Project (I-SeHat),1880616,Consultant Services,Indonesia,"April 14, 2026",Pandu Harimurti,Individual Consultant Selection,ID-BOPD-528296-CS-INDV,"November 17, 2025",24415.2,Post
1880618,P500764,Indonesia Supporting Health Transformation Project (I-SeHat),1880618,Consultant Services,Indonesia,"April 14, 2026",Pandu Harimurti,Individual Consultant Selection,ID-BOPD-528296-CS-INDV,"November 17, 2025",11695.91,Post
1880617,P500764,Indonesia Supporting Health Transformation Project (I-SeHat),1880617,Consultant Services,Indonesia,"April 14, 2026",Pandu Harimurti,Individual Consultant Selection,ID-BOPD-528296-CS-INDV,"November 17, 2025",5847.95,Post
1880623,P169150,Fostering and Leveraging Opportunities for Water Security Program,1880623,Consultant Services,Kosovo,"April 14, 2026",Hector Alexander Serrano,Direct Selection,FLOWS-CS-DS-15,"March 11, 2026",175402.5,Post
1880622,P172707,National Health Insurance (JKN) Reforms and Results Program,1880622,Consultant Services,Indonesia,"April 14, 2026",Eko Setyo Pambudi,Direct Selection,ID-CPMU I-HSS-521735-CS-CDS,"October 2, 2025",1157.89,Post
1880621,P175731,SADC Regional Statistics Project,1880621,Goods,Mozambique,"April 14, 2026",Maria Gabriela Farfan Betran,Request for Bids,MZ-INE-493496-GO-RFB,"March 23, 2026",155808.78,Post
1880620,P175731,SADC Regional Statistics Project,1880620,Goods,Mozambique,"April 14, 2026",Maria Gabriela Farfan Betran,Request for Bids,MZ-INE-493496-GO-RFB,"March 17, 2026",76392.11,Post
1880625,P172707,National Health Insurance (JKN) Reforms and Results Program,1880625,Consultant Services,Indonesia,"April 14, 2026",Eko Setyo Pambudi,Direct Selection,ID-CPMU I-HSS-521735-CS-CDS,"October 2, 2025",1157.89,Post
1880627,P164424,Montenegro Second Institutional Development and Agriculture Strengthening Project,1880627,Consultant Services,Montenegro,"April 14, 2026",Teklu Tesfaye,Direct Selection,1.2.2.1.8,"April 7, 2026",2806.44,Post
1880626,P172657,Improving Learning and Empowering Girls in Mozambique,1880626,Consultant Services,Mozambique,"April 14, 2026",Lucia Jose Nhampossa,Quality And Cost-Based Selection,8/CS/QCBS/ILEGP/24,"December 30, 2025",267509.64,Prior
1880628,P172657,Improving Learning and Empowering Girls in Mozambique,1880628,Consultant Services,Mozambique,"April 14, 2026",Lucia Jose Nhampossa,Quality And Cost-Based Selection,14/CS/QCBS/ILEGP/24,"December 30, 2025",135456.51,Prior
1880630,P174178,Social Protection and Youth Productive Inclusion Project,1880630,Goods,"Congo, Republic of","April 14, 2026",Gbetoho Joachim Boko,Request for Quotations,CG-PSIPJ-080-F-CF-2025,"August 20, 2025",9626.38,Post
1880631,P172657,Improving Learning and Empowering Girls in Mozambique,1880631,Consultant Services,Mozambique,"April 14, 2026",Lucia Jose Nhampossa,Quality And Cost-Based Selection,12/CS/QCBS/ILEGP/24,"December 30, 2025",102005.17,Prior
1880632,P162337,West Africa Coastal Areas Resilience Investment Project,1880632,Consultant Services,Togo,"April 14, 2026",Manuela Ravina da Silva,Quality And Cost-Based Selection,TG-WACA TOGO-466356-CS-CQS,"January 23, 2026",394324.96,Post
1880634,P174477,Madagascar National Water Project,1880634,Goods,Madagascar,"April 14, 2026",Pierre Francois-Xavier Boulenger,Request for Bids,MARCHÉ N°PAAEP-06/26-WJIR-F,"March 17, 2026",1449953.66,Post
1880635,P501343,Strengthening Electricity Services Project,1880635,Consultant Services,France,"April 14, 2026",Daniel Camos Daurella,Quality And Cost-Based Selection,CG-037-PASEL-SC-25,"April 1, 2026",262812.35,Post
1880637,P156433,Second Ethiopia Urban Water Supply and Sanitation Project,1880637,Works,Ethiopia,"April 14, 2026",Fook Chuan Eng,Request for Bids,ET-MOWIE-466032-CW-RFB,"November 14, 2025",18467366.63,Prior
1880638,P173151,Strengthening Early Childhood Development and Basic Education Systems to Support Human Capital Development in Eswatini Project,1880638,Goods,Eswatini,"April 14, 2026",Innocent Kibira Najjumba Mulindwa,Request for Quotations,SZ-MOET-532844-GO-RFQ,"April 10, 2026",95365.84,Post
1880639,P173070,Gambia Inclusive and Resilient Agricultural Value Chain Development Project (GIRAV),1880639,Goods,"Gambia, The","April 14, 2026",Aifa Fatimata Niane Ndoye,Request for Quotations,GM-CPCU-539653-GO-RFQ,"February 18, 2026",188742.84,Post
1880640,P172657,Improving Learning and Empowering Girls in Mozambique,1880640,Consultant Services,Mozambique,"April 14, 2026",Lucia Jose Nhampossa,Quality And Cost-Based Selection,137/CS/ILEGP/23,"January 1, 2026",234024.89,Prior
1880641,P158215,Gansu Revitalization and Innovation Project,1880641,Consultant Services,China,"April 14, 2026",Linus Pott,Direct Selection,MJJL-01,"April 8, 2026",21954.38,Post
1880642,P162635,Enhancing Resilience in Kyrgyzstan Project,1880642,Consultant Services,Russian Federation,"April 14, 2026",Tolkun Jukusheva,Direct Selection,KG-CS/CQS-10,"December 15, 2025",58700.74,Post
1880643,P172657,Improving Learning and Empowering Girls in Mozambique,1880643,Consultant Services,Mozambique,"April 14, 2026",Lucia Jose Nhampossa,Quality And Cost-Based Selection,138/CS/ILEGP/23,"January 1, 2026",140387.51,Prior
1880645,P172657,Improving Learning and Empowering Girls in Mozambique,1880645,Consultant Services,Mozambique,"April 14, 2026",Lucia Jose Nhampossa,Quality And Cost-Based Selection,139/CS/ILEGP/23,"January 30, 2026",224531.51,Prior
1880647,P173178,Managing Public Resources for Service Delivery,1880647,Goods,Mozambique,"April 14, 2026",Ana Cristina Hirata Barros,Request for Bids,MZ-MEF - GEPRES-526952-GO-RFB,"February 27, 2026",115856.62,Post
1880644,P171762,Enhancing Collection of Revenue and Expenditure Management Project,1880644,Consultant Services,Tunisia,"April 14, 2026",Ruxandra Burdescu,Consultant Qualification Selection,ZR-COREF-369149-CS-CQS,"April 1, 2024",91996.0,Post
1880646,P181490,Sudan - Enhancing Community Resilience Project,1880646,Non-consulting Services,Sudan,"April 14, 2026",Adrian Morel,Request for Quotations,SD-CRS-531713-NC-RFQ,"March 30, 2026",49485.92,Post
1880648,P181490,Sudan - Enhancing Community Resilience Project,1880648,Non-consulting Services,Sudan,"April 14, 2026",Adrian Morel,Request for Quotations,SD-CRS-531717-NC-RFQ,"April 10, 2026",6998.01,Post
1880649,P174814,Great Lakes Trade Facilitation and Integration Project,1880649,Goods,World,"April 14, 2026",Marie Christine Apedo Amah,Direct Selection,BI-BI-MOF-418993-GO-DIR,"April 23, 2024",48051.11,Post
1880650,P172834,Sindh Early Learning Enhancement through Classroom Transformation,1880650,Goods,Pakistan,"April 14, 2026",Elena Maria Roseo,Request for Bids,PK-RSU-SINDH-518175-GO-RFB,"January 15, 2026",1460277.14,Post
1880651,P164424,Montenegro Second Institutional Development and Agriculture Strengthening Project,1880651,Goods,Montenegro,"April 14, 2026",Teklu Tesfaye,Request for Bids,2.10,"April 3, 2026",386650.58,Post
1880652,P173178,Managing Public Resources for Service Delivery,1880652,Goods,Mozambique,"April 14, 2026",Ana Cristina Hirata Barros,Request for Bids,MZ-MEF - GEPRES-526952-GO-RFB,"March 16, 2026",22503.38,Post
1880653,P163881,CM- Rural Electricity Access Project for Underserved Regions,1880653,Goods,Cameroon,"April 14, 2026",Nash Fiifi Eyison,Request for Quotations,CM-PERACE-514059-GO-RFQ,"March 25, 2026",17155.28,Post
1880654,P180860,Integrated Land Administration and Spatial Planning Project,1880654,Non-consulting Services,Indonesia,"April 14, 2026",Willem Van Der Muur,Request for Quotations,ID-ATR-BPN-507085-NC-RFQ,"September 16, 2025",39473.68,Post
1880655,P173197,Regional Sahel Pastoralism Support Project II,1880655,Consultant Services,Mauritania,"April 14, 2026",Franck Berthe,Individual Consultant Selection,17/PI/FA/PRAPS II/2023,"August 11, 2023",25560.87,Post
1880656,P171762,Enhancing Collection of Revenue and Expenditure Management Project,1880656,Consultant Services,Tunisia,"April 14, 2026",Ruxandra Burdescu,Consultant Qualification Selection,ZR-COREF-368173-CS-CQS,"March 15, 2024",134014.0,Post
1880657,P173178,Managing Public Resources for Service Delivery,1880657,Goods,Mozambique,"April 14, 2026",Ana Cristina Hirata Barros,Request for Bids,MZ-MEF - GEPRES-526952-GO-RFB,"March 26, 2026",180346.09,Post
1880659,P173197,Regional Sahel Pastoralism Support Project II,1880659,Consultant Services,Mauritania,"April 14, 2026",Franck Berthe,Individual Consultant Selection,07/PI/FA/PRAPS II /2023,"May 16, 2023",21050.13,Post
1880658,P173197,Regional Sahel Pastoralism Support Project II,1880658,Consultant Services,Mauritania,"April 14, 2026",Franck Berthe,Individual Consultant Selection,16/FA/PRAPS II/2023,"May 16, 2023",28568.03,Post
1880663,P178566,Food Systems Resilience Program for Eastern and Southern Africa,1880663,Consultant Services,Madagascar,"April 14, 2026",Hanane Ahmed,Direct Selection,C 07-24 BIS/CN,"March 19, 2026",61695.38,Post
1880662,P180245,Health Enhancement And Lifesaving (HEAL) Ukraine Project,1880662,Goods,Ukraine,"April 14, 2026",Jakub Jan Kakietek,Request for Quotations,HEAL-RFQ-4.1.1.9/1/56,"March 24, 2026",1288822.49,Post
1880661,P501274,Host and Rohingya Enhancement of Lives Project,1880661,Works,Bangladesh,"April 14, 2026",Swarna Kazi,Request for Bids,HELP/WD-11,"April 12, 2026",1260851.12,Post
1880660,P503369,"Jordan: Modernizing Education, Skills, and Administrative Reforms (MASAR) Operation",1880660,Consultant Services,Jordan,"April 14, 2026",Zaina Dawani,Individual Consultant Selection,JO-MOE-527754-CS-INDV,"January 3, 2026",50775.74,Post
1880664,P180905,Productive Economic Inclusion in Lebanon,1880664,Goods,Lebanon,"April 14, 2026",Angela Elzir,Direct Selection,LB-RMF-546574-GO-DIR,"April 6, 2026",28852.0,Post
1880666,P506825,Accelerate Bhutan’s Job Transformation through Renewable Natural Resource Value Chains,1880666,Goods,Bhutan,"April 14, 2026",Joachim Vandercasteelen,Request for Quotations,MOAL/PMU/GD 14,"March 30, 2026",1255.56,Post
1880665,P176690,"Micro, Small and Medium Enterprises Business Development Services Project",1880665,Consultant Services,Djibouti,"April 14, 2026",Mahaman Sani,Individual Consultant Selection,DJ-CEL-522217-CS-INDV,"January 14, 2026",1235.43,Post
1880667,P500764,Indonesia Supporting Health Transformation Project (I-SeHat),1880667,Goods,Indonesia,"April 14, 2026",Pandu Harimurti,Request for Quotations,EP-01KC0Q2C5W7WZ0B66J9496FNPH,"December 11, 2025",28450.29,Post
1880668,P174620,CAR- Public Sector Digital Governance Project,1880668,Consultant Services,Central African Republic,"April 14, 2026",Amadou Makhtar Fall,Individual Consultant Selection,106,"November 4, 2025",49329.84,Post
1880669,P181490,Sudan - Enhancing Community Resilience Project,1880669,Non-consulting Services,Sudan,"April 14, 2026",Adrian Morel,Request for Quotations,SD-CRS-531712-NC-RFQ,"March 25, 2026",5228.76,Post
1880670,P175237,Agro-Climatic Resilience in Semi-Arid Landscapes (ACReSAL),1880670,Works,Nigeria,"April 14, 2026",Iganya Joy Agene,Request for Quotations,NG-KWARA STATE ACRESAL-508324-CW-RFQ,"February 19, 2025",227700.24,Post
1880671,P173114,Comoros Interisland Connectivity Project,1880671,Consultant Services,Senegal,"April 14, 2026",Atsushi Iimi,Direct Selection,KM-PICMC-529830-CS-CDS,"April 2, 2026",274157.62,Post
1880672,P178701,Digital and Energy Connectivity for Inclusion in Madagascar Project,1880672,Consultant Services,India,"April 14, 2026",Komenan Koffi,Quality And Cost-Based Selection,MG-MEH - PAGOSE-443151-CS-QCBS,"March 17, 2026",631720.0,Prior
1880673,P166302,Strengthening Disaster Risk Management Project,1880673,Works,Romania,"April 14, 2026",Alexandra Calin,Request for Quotations,RO-GIES-533000-CW-RFQ,"March 23, 2026",168620.07,Post
1880674,P180076,"Lowlands Livelihood Resilience Project, Phase Two (LLRP II)",1880674,Goods,World,"April 14, 2026",Esayas Nigatu Gebremeskel,Direct Selection,ET-ILLD-527799-GO-DIR,"March 17, 2026",3316340.0,Prior
1880675,P177044,N’Djamena Urban Resilience Project,1880675,Works,Chad,"April 14, 2026",Edouard Ereno Blanchet,Request for Bids,TD-PILIER-475915-CW-RFB,"February 25, 2026",1355826.95,Post
1880676,P500611,Second Real Estate Management Project,1880676,Consultant Services,Serbia,"April 14, 2026",Olivera Jordanovic,Individual Consultant Selection,SRB-REMP2-97110YF-IC-CS-26-063,"March 6, 2026",22049.26,Post
1880677,P175803,CHAD Improving Learning Outcomes Project,1880677,Goods,Chad,"April 14, 2026",Harisoa Danielle Rasolonjatovo Andriamihamina,Request for Quotations,TD-CILOP-537793-GO-RFQ,"March 28, 2026",89097.48,Post
1880679,P179537,Strengthening Productive Capacity and Resilience of Smallholder Sweet Potato Producer Organizations in Uganda,1880679,Works,Kenya,"April 14, 2026",Armine Juergenliemk,Request for Quotations,UG-SOSPPA-499446-CW-RFQ,"February 17, 2026",1583.01,Post
1880678,P164336,Lowlands Livelihood Resilience Project,1880678,Works,Ethiopia,"April 14, 2026",Esayas Nigatu Gebremeskel,Request for Quotations,"ET-SOMALI, RLLP -280987-CW-RFQ","April 6, 2022",44609.97,Post
1880683,P165861,Bolivia Urban Resilience,1880683,Consultant Services,Bolivia,"April 14, 2026",Rodrigo Donoso,Individual Consultant Selection,GAMLP-391/2016,"March 27, 2026",2368.72,Prior
1880680,P164293,Burkina Faso Higher Education Support Project,1880680,Works,Burkina Faso,"April 14, 2026",Amina Debissa Denboba,Request for Bids,BF-PAES-382564-CW-RFB,"January 29, 2024",349042.8,Post
1880682,P164001,Power Sector Recovery Performance Based Operation,1880682,Consultant Services,Nigeria,"April 14, 2026",Daniel Camos Daurella,Consultant Qualification Selection,OVP/PSRO/C/CQS/053/2025,"March 25, 2026",103381.82,Post
1880681,P180811,Indonesia Health Systems Strengthening Project,1880681,Goods,Indonesia,"April 14, 2026",Lander Bosch,Request for Bids,ID-PMU SOPHI-516269-GO-RFB,"March 17, 2026",518018.66,Prior
1880684,P176126,Ghana Digital Acceleration Project,1880684,Consultant Services,Ghana,"April 14, 2026",Stephen R. Davenport,Direct Selection,GH-MOCDTI-522915-CS-CDS,"March 31, 2026",178371.04,Post
1880685,P164293,Burkina Faso Higher Education Support Project,1880685,Works,Burkina Faso,"April 14, 2026",Amina Debissa Denboba,Request for Bids,BF-PAES-382564-CW-RFB,"January 30, 2024",278801.27,Post
1880686,P177741,Guyana Strengthening Human Capital through Education Project,1880686,Consultant Services,Guyana,"April 14, 2026",Lauren Justine Marston,Direct Selection,GY-MOE-542882-CS-CDS,"April 1, 2026",44628.0,Post
1880687,P163353,Nigeria Rural Access and Agricultural Marketing Project,1880687,Consultant Services,Nigeria,"April 14, 2026",Rakesh Tripathi,Consultant Qualification Selection,NG-ABIA RAAMP-432119-CS-CQS,"February 2, 2026",41013.18,Post
1880688,P177741,Guyana Strengthening Human Capital through Education Project,1880688,Consultant Services,Guyana,"April 14, 2026",Lauren Justine Marston,Direct Selection,GY-MOE-542894-CS-CDS,"April 1, 2026",59451.12,Post
1880689,P162278,National Urban Cadaster and Municipal Support Project,1880689,Consultant Services,Peru,"April 14, 2026",Gabriel Sergio Arrisueno Fajardo,Individual Consultant Selection,CONTRATO N°004-2026-UE003/COFOPRI,"January 17, 2026",10673.94,Post
1880691,P175263,Liberia: Rural Economic Transformation Project,1880691,Consultant Services,India,"April 14, 2026",Kadir Osman Gyasi,Quality And Cost-Based Selection,LR-IIU-318424-CS-QCBS,"March 26, 2026",1700900.0,Prior
1880690,P166279,Second Rural Economic Development Initiative (REDI II) Project,1880690,Works,Jamaica,"April 14, 2026",Kilara C Suit,Request for Bids,JM-JSIF-467823-CW-RFB,"February 13, 2026",132982.29,Post
1880692,P169315,Burundi Integrated Community Development Project,1880692,Consultant Services,Burundi,"April 14, 2026",Dario Zanardi,Consultant Qualification Selection,BI-TURIKUMWE PIU-329964-CS-CQS,"April 22, 2025",80835.21,Post
1880693,P176126,Ghana Digital Acceleration Project,1880693,Consultant Services,Ghana,"April 14, 2026",Stephen R. Davenport,Direct Selection,GH-MOCDTI-522702-CS-CDS,"March 31, 2026",298791.86,Post
1880695,P166279,Second Rural Economic Development Initiative (REDI II) Project,1880695,Consultant Services,Jamaica,"April 14, 2026",Kilara C Suit,Quality And Cost-Based Selection,JM-JSIF-457012-CS-CQS,"February 17, 2026",126654.42,Post
1880694,P170664,Adolescent Girls Initiative for Learning and Empowerment,1880694,Consultant Services,Nigeria,"April 14, 2026",Shinsaku Nomura,Consultant Qualification Selection,NG-NPCU-312039-CS-CQS,"October 12, 2022",153796.65,Post
1880696,P162833,Improving the Performance of Non-Criminal Justice Services,1880696,Consultant Services,Peru,"April 14, 2026",Ruben Leonel Ruano Chinchilla,Individual Consultant Selection,PE-PJ-482765-CS-INDV,"July 17, 2025",1280.87,Post
1880697,P178497,Harmonizing and Improving Statistics in West and Central Africa - Series of Projects 1 (HISWACA - SOP 1),1880697,Non-consulting Services,Guinea-Bissau,"April 14, 2026",Abdoullahi Beidou,Request for Quotations,GW-INE-BISSAU-512356-NC-RFQ,"April 8, 2026",55749.31,Post
1880698,P166796,Mali Electricity Sector Improvement Project (MESIP),1880698,Consultant Services,"Egypt, Arab Republic of","April 14, 2026",Abdou Mbaye,Quality And Cost-Based Selection,CS-REF-08,"January 4, 2023",227899.38,Prior
1880699,P176327,Ethiopia Flood Management Project,1880699,Goods,Ethiopia,"April 14, 2026",Saurabh Dani,Request for Bids,ET-MOWE-476951-GO-RFQ,"February 16, 2026",12747.38,Post
1880701,P162833,Improving the Performance of Non-Criminal Justice Services,1880701,Consultant Services,Peru,"April 14, 2026",Ruben Leonel Ruano Chinchilla,Individual Consultant Selection,PE-PJ-482751-CS-INDV,"July 17, 2025",1695.97,Post
1880703,P166279,Second Rural Economic Development Initiative (REDI II) Project,1880703,Works,Jamaica,"April 14, 2026",Kilara C Suit,Request for Bids,JM-JSIF-479745-CW-RFB,"January 13, 2026",186886.3,Post
1880700,P166279,Second Rural Economic Development Initiative (REDI II) Project,1880700,Goods,Jamaica,"April 14, 2026",Kilara C Suit,Request for Quotations,JM-JSIF-490570-CW-RFQ,"March 24, 2026",1789.65,Post
1880702,P166279,Second Rural Economic Development Initiative (REDI II) Project,1880702,Goods,Jamaica,"April 14, 2026",Kilara C Suit,Request for Quotations,JM-JSIF-490570-CW-RFQ,"March 24, 2026",874.87,Post
1880704,P168539,OECS Regional Health Project,1880704,Consultant Services,St. Vincent and the Grenadines,"April 14, 2026",Thulani Matsebula,Direct Selection,SVGRHP-C-IC-15,"December 20, 2024",79852.13,Post
1880705,P162833,Improving the Performance of Non-Criminal Justice Services,1880705,Consultant Services,Peru,"April 14, 2026",Ruben Leonel Ruano Chinchilla,Individual Consultant Selection,PE-PJ-482779-CS-INDV,"July 24, 2025",1280.87,Post
1880706,P177816,Food Systems Resilience Program for Eastern and Southern Africa (Phase 3) FSRP,1880706,Consultant Services,"Somalia, Federal Republic of","April 14, 2026",Benjamin Billard,Individual Consultant Selection,SO-MOAI-JS-479059-CS-INDV,"March 24, 2026",45120.0,Prior
1880707,P170664,Adolescent Girls Initiative for Learning and Empowerment,1880707,Consultant Services,Nigeria,"April 14, 2026",Shinsaku Nomura,Individual Consultant Selection,NG-NPCU-373460-CS-INDV,"October 4, 2023",8707.75,Post
1880709,P180982,Coastal Resilience and Sustainable Tourism Project,1880709,Consultant Services,Portugal,"April 14, 2026",Juan Jose Miranda Montero,Consultant Qualification Selection,51/C/COMP1/WACA+/2025,"March 23, 2026",110100.0,Post
1880708,P167945,Burkina Faso Agriculture Resilience and Competitiveness Project,1880708,Works,Burkina Faso,"April 14, 2026",Idriss Serme,Request for Quotations,BF-PRECA-532829-CW-RFQ,"March 31, 2026",116893.71,Post
1880710,P167945,Burkina Faso Agriculture Resilience and Competitiveness Project,1880710,Works,Burkina Faso,"April 14, 2026",Idriss Serme,Request for Bids,BF-PRECA-235380-CW-RFB,"December 3, 2021",55992.99,Post
1880711,P167945,Burkina Faso Agriculture Resilience and Competitiveness Project,1880711,Works,Burkina Faso,"April 14, 2026",Idriss Serme,Request for Bids,BF-PRECA-235380-CW-RFB,"December 3, 2021",63259.41,Post
1880712,P162833,Improving the Performance of Non-Criminal Justice Services,1880712,Consultant Services,Peru,"April 14, 2026",Ruben Leonel Ruano Chinchilla,Individual Consultant Selection,PE-PJ-482767-CS-INDV,"August 22, 2025",1695.97,Post
1880713,P167945,Burkina Faso Agriculture Resilience and Competitiveness Project,1880713,Works,Burkina Faso,"April 14, 2026",Idriss Serme,Request for Bids,BF-PRECA-235380-CW-RFB,"December 3, 2021",64722.12,Post
1880714,P162833,Improving the Performance of Non-Criminal Justice Services,1880714,Consultant Services,Peru,"April 14, 2026",Ruben Leonel Ruano Chinchilla,Individual Consultant Selection,PE-PJ-482786-CS-INDV,"September 5, 2025",1280.87,Post
1880715,P162833,Improving the Performance of Non-Criminal Justice Services,1880715,Consultant Services,Peru,"April 14, 2026",Ruben Leonel Ruano Chinchilla,Individual Consultant Selection,PE-PJ-482780-CS-INDV,"July 24, 2025",1280.87,Post
1880716,P162833,Improving the Performance of Non-Criminal Justice Services,1880716,Consultant Services,Peru,"April 14, 2026",Ruben Leonel Ruano Chinchilla,Individual Consultant Selection,PE-PJ-515906-CS-INDV,"October 16, 2025",1867.94,Post
1880717,P500764,Indonesia Supporting Health Transformation Project (I-SeHat),1880717,Consultant Services,Indonesia,"April 14, 2026",Pandu Harimurti,Individual Consultant Selection,ID-BOPD-528297-CS-INDV,"November 17, 2025",23751.1,Post
1880718,P500764,Indonesia Supporting Health Transformation Project (I-SeHat),1880718,Consultant Services,Indonesia,"April 14, 2026",Pandu Harimurti,Individual Consultant Selection,ID-BOPD-528297-CS-INDV,"November 17, 2025",19631.9,Post
1880719,P500764,Indonesia Supporting Health Transformation Project (I-SeHat),1880719,Consultant Services,Indonesia,"April 14, 2026",Pandu Harimurti,Individual Consultant Selection,ID-BOPD-528297-CS-INDV,"November 17, 2025",20888.11,Post
1880721,P508408,"Bulsho: Strengthening Community and Local Institutions for Social Cohesion, Inclusion, and Resilience",1880721,Consultant Services,"Somalia, Federal Republic of","April 14, 2026",Muratha Kinuthia,Individual Consultant Selection,SO-MOIFAR-498757-CS-INDV,"April 13, 2026",54480.0,Prior
1880720,P180965,Health Enhancement and Resiliency in Tonga Project,1880720,Goods,Tonga,"April 14, 2026",Wezi Marianne Msisha,Request for Quotations,TO-MOH-533820-GO-RFQ,"April 13, 2026",6287.97,Post
1880724,P163023,"Integrated Forest Landscape Management Project in Atalaya, Ucayali",1880724,Consultant Services,Peru,"April 14, 2026",Mizushi Satoh,Individual Consultant Selection,PE-PNCB-522435-CS-INDV,"March 2, 2026",21347.88,Post
1880725,P162833,Improving the Performance of Non-Criminal Justice Services,1880725,Consultant Services,Peru,"April 14, 2026",Ruben Leonel Ruano Chinchilla,Individual Consultant Selection,PE-PJ-504142-CS-INDV,"September 11, 2025",52.52,Post
1880722,P500764,Indonesia Supporting Health Transformation Project (I-SeHat),1880722,Consultant Services,Indonesia,"April 14, 2026",Pandu Harimurti,Individual Consultant Selection,ID-BOPD-528297-CS-INDV,"November 17, 2025",8939.53,Post
1880723,P165821,Kiribati: Pacific Islands Regional Oceanscape Program,1880723,Consultant Services,Australia,"April 14, 2026",Xavier F. P. Vincent,Direct Selection,KI-MFMRD-540505-CS-CDS,"March 30, 2026",41613.05,Post
1880728,P163023,"Integrated Forest Landscape Management Project in Atalaya, Ucayali",1880728,Consultant Services,Peru,"April 14, 2026",Mizushi Satoh,Individual Consultant Selection,I-15-2025-0-FIP/BM,"June 16, 2025",23057.19,Post
1880726,P162833,Improving the Performance of Non-Criminal Justice Services,1880726,Consultant Services,Peru,"April 14, 2026",Ruben Leonel Ruano Chinchilla,Individual Consultant Selection,PE-PJ-504137-CS-INDV,"August 15, 2025",30776.54,Post
1880729,P170846,Leveraging Eco-Tourism for Biodiversity Protection in Dominica,1880729,Consultant Services,Mexico,"April 14, 2026",Nicolas Benjamin Claude Desramaut,Consultant Qualification Selection,DM-MOERMKU-385658-CS-CQS,"April 8, 2026",134632.65,Post
1880727,P163023,"Integrated Forest Landscape Management Project in Atalaya, Ucayali",1880727,Consultant Services,Peru,"April 14, 2026",Mizushi Satoh,Individual Consultant Selection,I-32-2025-0-FIP/BM,"November 20, 2025",18679.4,Post
1880730,P163023,"Integrated Forest Landscape Management Project in Atalaya, Ucayali",1880730,Consultant Services,Peru,"April 15, 2026",Mizushi Satoh,Individual Consultant Selection,I-43-2025-0-FIP/BM,"December 5, 2025",9265.57,Post
1880731,P177329,RMI Multisectoral Early Childhood Development Project - II,1880731,Goods,Marshall Islands,"April 15, 2026",Nang Mo Kham,Request for Quotations,MH-ECD PMO-466593-GO-RFQ,"February 19, 2026",10776.0,Post
1880732,P170664,Adolescent Girls Initiative for Learning and Empowerment,1880732,Goods,Nigeria,"April 15, 2026",Shinsaku Nomura,Request for Bids,NG-KANO STATE-325271-GO-RFB,"March 26, 2025",153571.02,Post
1880733,P170664,Adolescent Girls Initiative for Learning and Empowerment,1880733,Goods,Nigeria,"April 15, 2026",Shinsaku Nomura,Request for Bids,NG-KANO STATE-325271-GO-RFB,"March 26, 2025",730843.29,Post
1880734,P166672,ID: Jambi Sustainable Landscape Management Project (J-SLMP),1880734,Consultant Services,Indonesia,"April 15, 2026",Tini Gumartini,Individual Consultant Selection,2024_01. IC SOCIAL DEV SP,"May 29, 2024",43803.68,Post
1880736,P162594,Multipurpose Cadaster Project,1880736,Consultant Services,Colombia,"April 15, 2026",Ivonne Astrid Moreno Horta,Individual Consultant Selection,CO-ANT-493333-CS-INDV,"September 10, 2025",5843.66,Post
1880735,P172352,Costa Rica Fiscal Management Improvement Project,1880735,Consultant Services,Costa Rica,"April 15, 2026",Henry Forero,Individual Consultant Selection,CR-MOF-511488-CS-INDV,"January 23, 2026",37894.0,Post
1880737,P165821,Kiribati: Pacific Islands Regional Oceanscape Program,1880737,Goods,Singapore,"April 15, 2026",Xavier F. P. Vincent,Request for Quotations,KI-MFMRD-520351-GO-RFQ,"April 13, 2026",28115.78,Post
1880738,P500764,Indonesia Supporting Health Transformation Project (I-SeHat),1880738,Non-consulting Services,Indonesia,"April 15, 2026",Pandu Harimurti,Direct Selection,ID-BOPD-518570-NC-DIR,"November 21, 2025",12503.65,Post
1880739,P162594,Multipurpose Cadaster Project,1880739,Consultant Services,Colombia,"April 15, 2026",Ivonne Astrid Moreno Horta,Individual Consultant Selection,CO-ANT-440360-CS-INDV,"November 14, 2024",5008.85,Post
1880741,P166656,"Vietnam University Development of VNU-Hanoi, VNU-HCM, and UD",1880741,Works,Viet Nam,"April 15, 2026",Dung Kieu Vo,Request for Bids,DN-CW--03,"December 25, 2025",14886552.6,Prior
1880740,P162594,Multipurpose Cadaster Project,1880740,Consultant Services,Colombia,"April 15, 2026",Ivonne Astrid Moreno Horta,Individual Consultant Selection,CO-ANT-440360-CS-INDV,"October 24, 2024",10017.7,Post
1880743,P162594,Multipurpose Cadaster Project,1880743,Consultant Services,Colombia,"April 15, 2026",Ivonne Astrid Moreno Horta,Individual Consultant Selection,CO-ANT-440360-CS-INDV,"October 29, 2024",7513.27,Post
1880742,P500764,Indonesia Supporting Health Transformation Project (I-SeHat),1880742,Non-consulting Services,Indonesia,"April 15, 2026",Pandu Harimurti,Direct Selection,ID-BOPD-518494-NC-DIR,"October 14, 2025",11568.8,Post
1880744,P162594,Multipurpose Cadaster Project,1880744,Consultant Services,Colombia,"April 15, 2026",Ivonne Astrid Moreno Horta,Individual Consultant Selection,CO-ANT-440360-CS-INDV,"October 30, 2024",7513.27,Post
1880746,P162594,Multipurpose Cadaster Project,1880746,Consultant Services,Colombia,"April 15, 2026",Ivonne Astrid Moreno Horta,Individual Consultant Selection,CO-ANT-440360-CS-INDV,"November 28, 2024",5008.85,Post
1880747,P168180,Institutional Capacity Building Project,1880747,Consultant Services,Georgia,"April 15, 2026",Yeraly Beksultan,Consultant Qualification Selection,MEF-LOCBUD-CQS,"March 3, 2026",421068.0,Post
1880748,P165228,Smallholder Agriculture Development Project - II,1880748,Goods,Lesotho,"April 15, 2026",Daniel P. Gerber,Request for Bids,LS-MAFS-508811-GO-RFB,"February 9, 2026",86663.41,Post
1880749,P175269,Rural Livelihoods Productivity and Resilience Project,1880749,Goods,Madagascar,"April 15, 2026",Stephen D'Alessandro,Request for Bids,FRN-010-25/RIZPLUS/RFB,"March 19, 2026",660628.05,Post
1880751,P180076,"Lowlands Livelihood Resilience Project, Phase Two (LLRP II)",1880751,Goods,Ethiopia,"April 15, 2026",Esayas Nigatu Gebremeskel,Request for Quotations,ET-ORO-RPCU-530716-GO-RFQ,"March 18, 2026",12858.87,Post
1880750,P178566,Food Systems Resilience Program for Eastern and Southern Africa,1880750,Goods,Ethiopia,"April 15, 2026",Hanane Ahmed,Request for Quotations,ET-ORO-KERSA MALIM-FSRP-516993-GO-RFQ/25,"March 6, 2026",8197.67,Post
1880752,P180076,"Lowlands Livelihood Resilience Project, Phase Two (LLRP II)",1880752,Goods,Ethiopia,"April 15, 2026",Esayas Nigatu Gebremeskel,Request for Quotations,ET-ORO-RPCU-530716-GO-RFQ,"March 18, 2026",272.52,Post
1880753,P172479,Strengthen Ethiopia’s Adaptive Safety Net,1880753,Goods,Ethiopia,"April 15, 2026",Christabel E. Dadzie,Request for Quotations,ET-TIGRAY FSCO-486324-GO-RFQ,"May 20, 2025",51258.52,Post
1880755,P156433,Second Ethiopia Urban Water Supply and Sanitation Project,1880755,Works,Ethiopia,"April 15, 2026",Fook Chuan Eng,Request for Bids,ET-MOWIE-466031-CW-RFB,"November 5, 2025",8872298.59,Prior
1880754,P162594,Multipurpose Cadaster Project,1880754,Consultant Services,Colombia,"April 15, 2026",Ivonne Astrid Moreno Horta,Individual Consultant Selection,CO-ANT-440360-CS-INDV,"November 7, 2024",5008.85,Post
1880757,P172479,Strengthen Ethiopia’s Adaptive Safety Net,1880757,Goods,Ethiopia,"April 15, 2026",Christabel E. Dadzie,Request for Quotations,ET-TIGRAY FSCO-483127-GO-RFQ,"May 12, 2025",2100.78,Post
1880758,P168061,HUBEI SMART AND SUSTAINABLE AGRICULTURE PROJECT,1880758,Consultant Services,China,"April 15, 2026",Wendao Cao,Consultant Qualification Selection,ZX-C1,"November 20, 2025",29049.08,Post
1880759,P180811,Indonesia Health Systems Strengthening Project,1880759,Goods,Indonesia,"April 15, 2026",Lander Bosch,Request for Bids,ID-PMU SOPHI-516269-GO-RFB,"March 17, 2026",687075.0,Prior
1880763,P506569,Transforming Access and Learning in Madagascar,1880763,Non-consulting Services,Madagascar,"April 15, 2026",Almedina Music,Request for Bids,MG-TALIM-UFP-2025-509706-NC-RFB,"April 10, 2026",29572.75,Post
1880761,P500392,Integrated Solid Waste Management Project-Phase I,1880761,Consultant Services,West Bank and Gaza,"April 15, 2026",Haji Huseynov,Quality And Cost-Based Selection,GZ-MDLF-495913-CS-QCBS,"April 13, 2026",106795.0,Post
1880762,P178701,Digital and Energy Connectivity for Inclusion in Madagascar Project,1880762,Goods,China,"April 15, 2026",Komenan Koffi,Request for Bids,MG-DECIM-P178701-464274-GO-RFB,"August 19, 2025",2961881.74,Prior
1880760,P174385,Second Ethiopia Resilient Landscapes and Livelihoods Project,1880760,Consultant Services,Ethiopia,"April 15, 2026",Pablo Cesar Benitez Ponce,Individual Consultant Selection,ET-OBANR-444146-CS-INDV,"December 10, 2025",185.73,Prior
1880764,P180905,Productive Economic Inclusion in Lebanon,1880764,Goods,Lebanon,"April 15, 2026",Angela Elzir,Request for Quotations,LB-RMF-543084-GO-RFQ,"April 2, 2026",47153.0,Post
1880766,P178701,Digital and Energy Connectivity for Inclusion in Madagascar Project,1880766,Consultant Services,Argentina,"April 15, 2026",Komenan Koffi,Direct Selection,MG-MEH - PAGOSE-384237-CS-CDS,"November 21, 2023",337843.0,Post
1880765,P506569,Transforming Access and Learning in Madagascar,1880765,Non-consulting Services,Madagascar,"April 15, 2026",Almedina Music,Request for Bids,MG-TALIM-UFP-2025-509706-NC-RFB,"April 10, 2026",29572.75,Post
1880767,P506569,Transforming Access and Learning in Madagascar,1880767,Non-consulting Services,Madagascar,"April 15, 2026",Almedina Music,Request for Bids,MG-TALIM-UFP-2025-509706-NC-RFB,"April 10, 2026",29572.75,Post
1880768,P172479,Strengthen Ethiopia’s Adaptive Safety Net,1880768,Goods,Ethiopia,"April 15, 2026",Christabel E. Dadzie,Request for Quotations,ET-TIGRAY FSCO-483127-GO-RFQ,"May 13, 2025",311.26,Post
1880769,P506569,Transforming Access and Learning in Madagascar,1880769,Non-consulting Services,Madagascar,"April 15, 2026",Almedina Music,Request for Bids,MG-TALIM-UFP-2025-509706-NC-RFB,"April 10, 2026",29572.75,Post
1880770,P506569,Transforming Access and Learning in Madagascar,1880770,Non-consulting Services,Madagascar,"April 15, 2026",Almedina Music,Request for Bids,MG-TALIM-UFP-2025-509706-NC-RFB,"April 10, 2026",29572.75,Post
1880771,P172479,Strengthen Ethiopia’s Adaptive Safety Net,1880771,Goods,Ethiopia,"April 15, 2026",Christabel E. Dadzie,Request for Quotations,ET-TIGRAY FSCO-483127-GO-RFQ,"May 12, 2025",1944.39,Post
1880772,P506569,Transforming Access and Learning in Madagascar,1880772,Non-consulting Services,Madagascar,"April 15, 2026",Almedina Music,Request for Bids,MG-TALIM-UFP-2025-509706-NC-RFB,"April 10, 2026",29572.75,Post
1880774,P156433,Second Ethiopia Urban Water Supply and Sanitation Project,1880774,Works,Ethiopia,"April 15, 2026",Fook Chuan Eng,Request for Bids,ET-MOWIE-466034-CW-RFB,"October 24, 2025",14826803.19,Prior
1880773,P180076,"Lowlands Livelihood Resilience Project, Phase Two (LLRP II)",1880773,Goods,Ethiopia,"April 15, 2026",Esayas Nigatu Gebremeskel,Request for Quotations,ET-ORO-RPCU-531953-GO-RFQ,"March 19, 2026",51702.99,Post
1880775,P174477,Madagascar National Water Project,1880775,Goods,Madagascar,"April 15, 2026",Pierre Francois-Xavier Boulenger,Request for Bids,MARCHÉ N°PAAEP-07/26-WJIR-F,"March 17, 2026",2974618.27,Post
1880776,P166672,ID: Jambi Sustainable Landscape Management Project (J-SLMP),1880776,Goods,Indonesia,"April 15, 2026",Tini Gumartini,Request for Quotations,2025_SAHIR_03_GOODS,"July 23, 2025",6804.63,Post
1880779,P175731,SADC Regional Statistics Project,1880779,Consultant Services,Portugal,"April 15, 2026",Maria Gabriela Farfan Betran,Individual Consultant Selection,MZ-INE-436035-CS-INDV,"June 23, 2025",3080.0,Post
1880777,P174867,Horn of Africa - Groundwater for Resilience Program,1880777,Consultant Services,Ethiopia,"April 15, 2026",Victor Vazquez,Quality And Cost-Based Selection,ET-MOWE-432317-CS-QCBS,"October 1, 2025",359365.22,Post
1880778,P500488,Climate Resilient Roads for the North Project,1880778,Consultant Services,Mozambique,"April 15, 2026",Emmanuel Taban,Individual Consultant Selection,47A003041/CP/29/2024,"March 31, 2026",65919.23,Post
1880780,P172707,National Health Insurance (JKN) Reforms and Results Program,1880780,Consultant Services,Indonesia,"April 15, 2026",Eko Setyo Pambudi,Direct Selection,ID-CPMU I-HSS-521937-CS-CDS,"October 2, 2025",2716.91,Post
1880781,P172499,Jamuna River Sustainable Management Project 1,1880781,Consultant Services,Bangladesh,"April 15, 2026",Yukio Tanaka,Individual Consultant Selection,JARSMP-WDB-PMO-SD-09,"October 29, 2025",53314.9,Post
1880782,P167794,"One WASH—Consolidated Water Supply, Sanitation, and Hygiene Account Project (One WASH—CWA)",1880782,Works,Ethiopia,"April 15, 2026",Taibou Adamou Maiga,Request for Quotations,ET-MOH-196606-CW-RFQ,"March 11, 2021",2125.14,Post
1880783,P505094,Digital Zambia Acceleration Project (DZAP),1880783,Consultant Services,Zambia,"April 15, 2026",Paul Ndungutse,Individual Consultant Selection,ZM-SZ-530990-CS-INDV,"April 1, 2026",99764.71,Post
1880784,P167794,"One WASH—Consolidated Water Supply, Sanitation, and Hygiene Account Project (One WASH—CWA)",1880784,Works,Ethiopia,"April 15, 2026",Taibou Adamou Maiga,Request for Quotations,ET-MOH-196598-CW-RFQ,"April 15, 2021",2125.14,Post
1880787,P177044,N’Djamena Urban Resilience Project,1880787,Consultant Services,Chad,"April 15, 2026",Edouard Ereno Blanchet,Consultant Qualification Selection,TD-PILIER-499670-CS-CQS,"March 30, 2026",287476.94,Post
1880785,P503369,"Jordan: Modernizing Education, Skills, and Administrative Reforms (MASAR) Operation",1880785,Consultant Services,Jordan,"April 15, 2026",Zaina Dawani,Direct Selection,JO-MOE-509505-CS-CDS,"March 31, 2026",1748942.17,Prior
1880786,P175731,SADC Regional Statistics Project,1880786,Goods,Madagascar,"April 15, 2026",Maria Gabriela Farfan Betran,Request for Quotations,Mcé N°023-FR/STATCAP/UGP/2026,"April 9, 2026",33315.24,Post
1880788,P500553,South Sudan Resilient Livestock Sector Project,1880788,Consultant Services,Uganda,"April 15, 2026",Sheu Salau,Individual Consultant Selection,SS-MLF-507600-CS-INDV,"February 10, 2026",337400.0,Prior
1880789,P166672,ID: Jambi Sustainable Landscape Management Project (J-SLMP),1880789,Goods,Indonesia,"April 15, 2026",Tini Gumartini,Request for Quotations,2025_SAHIR_05_GOODS,"July 15, 2025",820.88,Post
1880790,P160829,Moldova Power System Development Project,1880790,Consultant Services,Romania,"April 15, 2026",Manuel Jose Millan Sanchez,Direct Selection,6380-A19-DS,"April 2, 2026",31600.0,Post
1880791,P156433,Second Ethiopia Urban Water Supply and Sanitation Project,1880791,Consultant Services,Ethiopia,"April 15, 2026",Fook Chuan Eng,Individual Consultant Selection,ET-MOWIE-516218-CS-INDV,"March 31, 2026",15408.15,Post
1880792,P167814,Second Kenya Informal Settlements Improvement Project,1880792,Consultant Services,Kenya,"April 15, 2026",Beatriz Eraso Puig,Direct Selection,KE-MOTI-503289-CS-CDS,"January 30, 2026",278902.87,Post
1880793,P180925,BDI Human Capital Development Project,1880793,Goods,World,"April 15, 2026",Boubakar Lompo,Direct Selection,BI-MOH-469166-GO-DIR,"April 8, 2026",7000000.0,Prior
1880794,P167814,Second Kenya Informal Settlements Improvement Project,1880794,Consultant Services,Kenya,"April 15, 2026",Beatriz Eraso Puig,Direct Selection,KE-MOTI-503281-CS-CDS,"February 2, 2026",262794.74,Post
1880795,P167814,Second Kenya Informal Settlements Improvement Project,1880795,Consultant Services,Kenya,"April 15, 2026",Beatriz Eraso Puig,Direct Selection,KE-MOTI-503283-CS-CDS,"January 30, 2026",262891.38,Post
1880796,P503369,"Jordan: Modernizing Education, Skills, and Administrative Reforms (MASAR) Operation",1880796,Consultant Services,Jordan,"April 15, 2026",Zaina Dawani,Direct Selection,JO-MOE-530381-CS-CDS,"March 12, 2026",1159808.6,Post
1880797,P167814,Second Kenya Informal Settlements Improvement Project,1880797,Consultant Services,Kenya,"April 15, 2026",Beatriz Eraso Puig,Direct Selection,KE-MOTI-503288-CS-CDS,"January 30, 2026",294681.1,Post
1880798,P151847,Eastern and Southern Africa Higher Education Centers of Excellence,1880798,Goods,Mozambique,"April 15, 2026",Roberta Malee Bassett,Request for Quotations,MZ-UEM- FA-388932-GO-RFQ,"February 5, 2024",55005.35,Post
1880799,P167814,Second Kenya Informal Settlements Improvement Project,1880799,Consultant Services,Kenya,"April 15, 2026",Beatriz Eraso Puig,Direct Selection,KE-MOTI-503285-CS-CDS,"January 30, 2026",735251.49,Post
1880803,P161915,Sustainable Cities Project 2,1880803,Goods,Turkiye,"April 15, 2026",Xueman Wang,Request for Bids,BASK?-G5,"April 8, 2026",2175746.46,Prior
1880802,P167814,Second Kenya Informal Settlements Improvement Project,1880802,Consultant Services,Kenya,"April 15, 2026",Beatriz Eraso Puig,Direct Selection,KE-MOTI-503290-CS-CDS,"January 30, 2026",337449.56,Post
1880801,P167814,Second Kenya Informal Settlements Improvement Project,1880801,Consultant Services,Italy,"April 15, 2026",Beatriz Eraso Puig,Direct Selection,KE-MOTI-503287-CS-CDS,"January 30, 2026",393726.32,Post
1880800,P162337,West Africa Coastal Areas Resilience Investment Project,1880800,Consultant Services,Togo,"April 15, 2026",Manuela Ravina da Silva,Quality And Cost-Based Selection,TG-WACA TOGO-339841-CS-CQS,"March 27, 2023",134167.01,Post
1880804,P175237,Agro-Climatic Resilience in Semi-Arid Landscapes (ACReSAL),1880804,Goods,Nigeria,"April 15, 2026",Iganya Joy Agene,Request for Quotations,NG-KWARA STATE ACRESAL-508673-GO-RFQ,"February 19, 2025",176433.38,Post
1880805,P169332,Decentralization and Productive Intermediate Cities Support Project,1880805,Consultant Services,Tunisia,"April 15, 2026",Emilie Jourdan,Quality And Cost-Based Selection,MR-PNIDDLE-462783-CS-QCBS,"June 26, 2025",228296.48,Post
1880806,P167814,Second Kenya Informal Settlements Improvement Project,1880806,Consultant Services,Kenya,"April 15, 2026",Beatriz Eraso Puig,Direct Selection,KE-MOTI-503284-CS-CDS,"January 30, 2026",147502.9,Post
1880807,P177044,N’Djamena Urban Resilience Project,1880807,Works,Chad,"April 15, 2026",Edouard Ereno Blanchet,Request for Bids,TD-PILIER-480108-CW-RFB,"May 30, 2025",191267.79,Post
1880810,P508058,"Bangladesh Sustainable Recovery, Emergency Preparedness and Response Project",1880810,Works,Bangladesh,"April 15, 2026",Swarna Kazi,Request for Bids,BSTRONG/ BADC/WD-44,"February 25, 2026",35383.13,Post
1880808,P170688,Bangladesh Private Investment & Digital Entrepreneurship Project,1880808,Goods,Bangladesh,"April 15, 2026",Hosna Ferdous Sumi,Request for Quotations,CCU-G 3 (C),"June 26, 2024",807.48,Post
1880811,P170688,Bangladesh Private Investment & Digital Entrepreneurship Project,1880811,Goods,Bangladesh,"April 15, 2026",Hosna Ferdous Sumi,Request for Quotations,CCU-G 1 (C),"June 24, 2024",1081.96,Post
1880809,P174635,Northern Mozambique Rural Resilience Project,1880809,Non-consulting Services,Mozambique,"April 15, 2026",Andrew Zakharenka,Request for Quotations,65/BIOFUND/MOZNORTE/RFQ/NCS/25,"April 1, 2026",6747.37,Post
1880813,P160865,Livestock Productivity and Resilience Support Project,1880813,Works,Nigeria,"April 15, 2026",Manievel Sene,Request for Quotations,NG-ONDO L-PRES-508551-CW-RFQ,"April 2, 2026",75246.06,Post
1880812,P175237,Agro-Climatic Resilience in Semi-Arid Landscapes (ACReSAL),1880812,Consultant Services,Nigeria,"April 15, 2026",Iganya Joy Agene,Direct Selection,NG-KWARA STATE ACRESAL-423018-CS-CDS,"May 20, 2024",23205.61,Post
1880815,P158622,Hezhou Urban Water Infrastructure and Environment Improvement Project,1880815,Goods,China,"April 15, 2026",Gang Qin,Request for Proposals,HZ-SL-IS-21,"February 5, 2026",1245226.5,Post
1880814,P172800,Cote d'Ivoire Youth Employment and Skills Development Project - Phase 3,1880814,Consultant Services,Cote d'Ivoire,"April 15, 2026",Ali Coulibaly,Direct Selection,CI-BCP-EMPLOI-352154-CS-CDS,"December 6, 2023",131280.63,Post
1880816,P172800,Cote d'Ivoire Youth Employment and Skills Development Project - Phase 3,1880816,Consultant Services,Cote d'Ivoire,"April 15, 2026",Ali Coulibaly,Direct Selection,CI-BCP-EMPLOI-352358-CS-CDS,"October 23, 2023",201416.86,Post
1880817,P164293,Burkina Faso Higher Education Support Project,1880817,Works,Burkina Faso,"April 15, 2026",Amina Debissa Denboba,Request for Bids,BF-PAES-382564-CW-RFB,"January 29, 2024",357345.57,Post
1880818,P506127,Support for Social Recovery Needs of Vulnerable Groups Phase II,1880818,Goods,Lebanon,"April 15, 2026",Jeremy Mark Tomlinson,Request for Quotations,5LB/BEY/24/LB1077,"March 27, 2026",2000.0,Post
1880819,P177816,Food Systems Resilience Program for Eastern and Southern Africa (Phase 3) FSRP,1880819,Works,Kenya,"April 15, 2026",Benjamin Billard,Request for Quotations,KE-SAMBURU COUNTY-524977-CW-RFQ,"March 16, 2026",15168.15,Post
1880821,P178750,SENEGAL HIGHER EDUCATION PROJECT - ESPOIR-JEUNES,1880821,Consultant Services,Senegal,"April 15, 2026",Pamela Mulet,Individual Consultant Selection,SN-MESRI-435133-CS-INDV,"May 16, 2025",34074.27,Post
1880823,P500390,Community-based Wildfire Risk Management in Lebanon’s Vulnerable Landscapes,1880823,Consultant Services,Lebanon,"April 15, 2026",Andrea Kutter,Individual Consultant Selection,LB-MOE-532967-CS-INDV,"April 1, 2026",30000.0,Post
1880820,P156433,Second Ethiopia Urban Water Supply and Sanitation Project,1880820,Works,Ethiopia,"April 15, 2026",Fook Chuan Eng,Request for Bids,ET-MOWIE-466030-CW-RFB,"October 14, 2025",12360420.33,Prior
1880822,P174178,Social Protection and Youth Productive Inclusion Project,1880822,Consultant Services,"Congo, Republic of","April 15, 2026",Gbetoho Joachim Boko,Direct Selection,CG-PL-RUC-FRM/56,"November 17, 2023",58531.92,Post
1880824,P504171,Lifting Education Access and Resilience in times of Need in Ukraine Program,1880824,Consultant Services,Ukraine,"April 15, 2026",Enrique O. Alasino Massetti,Individual Consultant Selection,LEARN-IC-NUS-1.5.1-R3,"March 5, 2026",10400.0,Post
1880825,P174620,CAR- Public Sector Digital Governance Project,1880825,Consultant Services,France,"April 15, 2026",Amadou Makhtar Fall,Direct Selection,128,"February 27, 2026",18449.73,Post
1880826,P171471,Support for Transition to Labor Market Project,1880826,Non-consulting Services,Turkiye,"April 15, 2026",Dhushyanth Raju,Direct Selection,FRIT2.NCS-2.2.03-F,"April 13, 2026",4470.79,Post
1880827,P171762,Enhancing Collection of Revenue and Expenditure Management Project,1880827,Goods,"Congo, Democratic Republic of","April 15, 2026",Ruxandra Burdescu,Request for Bids,ZR-COREF-379125-GO-RFB,"December 29, 2023",407289.6,Post
1880828,P501274,Host and Rohingya Enhancement of Lives Project,1880828,Works,Bangladesh,"April 15, 2026",Swarna Kazi,Request for Bids,HELP/WD-01,"April 12, 2026",2548503.35,Post
1880829,P171762,Enhancing Collection of Revenue and Expenditure Management Project,1880829,Goods,"Congo, Democratic Republic of","April 15, 2026",Ruxandra Burdescu,Request for Bids,ZR-COREF-379126-GO-RFB,"December 29, 2023",238525.3,Post
1880830,P501274,Host and Rohingya Enhancement of Lives Project,1880830,Consultant Services,Bangladesh,"April 15, 2026",Swarna Kazi,Individual Consultant Selection,HELP/SD-14,"November 11, 2025",69119.74,Post
1880831,P167156,Nigeria: Improved Child Survival Program for Human Capital MPA,1880831,Consultant Services,Nigeria,"April 15, 2026",Onoriode Ezire,Individual Consultant Selection,NG-CROSS RIVER STATE IM-523624-CS-INDV,"April 28, 2025",11244.39,Post
1880832,P180982,Coastal Resilience and Sustainable Tourism Project,1880832,Consultant Services,Netherlands,"April 15, 2026",Juan Jose Miranda Montero,Consultant Qualification Selection,55/COMP2/WACA+/2025,"March 31, 2026",165900.0,Post
1880833,P501274,Host and Rohingya Enhancement of Lives Project,1880833,Consultant Services,Bangladesh,"April 15, 2026",Swarna Kazi,Individual Consultant Selection,HELP/SD-8,"February 23, 2026",66273.63,Post
1880835,P151847,Eastern and Southern Africa Higher Education Centers of Excellence,1880835,Goods,Mozambique,"April 15, 2026",Roberta Malee Bassett,Request for Bids,MZ-UEM- FA-336128-GO-RFB,"November 19, 2025",416363.36,Post
1880834,P151847,Eastern and Southern Africa Higher Education Centers of Excellence,1880834,Goods,Mozambique,"April 15, 2026",Roberta Malee Bassett,Request for Bids,MZ-UEM- FA-336128-GO-RFB,"November 19, 2025",22672.75,Post
1880836,P501274,Host and Rohingya Enhancement of Lives Project,1880836,Works,Bangladesh,"April 15, 2026",Swarna Kazi,Request for Bids,HELP/WD-33,"April 5, 2026",2698434.64,Post
1880837,P151847,Eastern and Southern Africa Higher Education Centers of Excellence,1880837,Goods,Mozambique,"April 15, 2026",Roberta Malee Bassett,Request for Bids,MZ-UEM- FA-336128-GO-RFB,"November 19, 2025",23321.25,Post
1880839,P160865,Livestock Productivity and Resilience Support Project,1880839,Works,Nigeria,"April 15, 2026",Manievel Sene,Request for Quotations,NG-YOBE L-PRES-539533-CW-RFQ,"March 25, 2026",322906.38,Post
1880838,P180076,"Lowlands Livelihood Resilience Project, Phase Two (LLRP II)",1880838,Goods,Ethiopia,"April 15, 2026",Esayas Nigatu Gebremeskel,Request for Quotations,ET-SOM- RPCU-521231-GO-RFQ,"December 17, 2025",19110.96,Post
1880842,P172627,Skills for A Vibrant Economy Project,1880842,Consultant Services,Malawi,"April 15, 2026",Nobuyuki Tanaka,Quality And Cost-Based Selection,MW-MZUNI--07-2023,"April 24, 2023",15165.75,Post
1880843,P173866,Mindanao Inclusive Agriculture Development Project,1880843,Goods,Philippines,"April 15, 2026",Maria Theresa G. Quinones,Request for Quotations,0006-04-2024,"May 2, 2024",6572.63,Post
1880841,P176272,Samoa Aviation and Roads Investment Project,1880841,Consultant Services,Samoa,"April 15, 2026",Naoki Kakuta,Individual Consultant Selection,WS-LTA-419075-CS-INDV,"July 8, 2024",62811.97,Post
1880840,P179751,SPF: Dominican Republic Multisectoral Response to Human Mobility,1880840,Non-consulting Services,Dominican Republic,"April 15, 2026",Ana Isabel Aguilera De Llano,Request for Quotations,DO-MRHM-442883-NC-RFQ,"December 10, 2025",1884.83,Post
1880844,P164336,Lowlands Livelihood Resilience Project,1880844,Works,Ethiopia,"April 15, 2026",Esayas Nigatu Gebremeskel,Request for Quotations,"ET-SOMALI, RLLP -281127-CW-RFQ","April 6, 2022",50210.75,Post
1880846,P174178,Social Protection and Youth Productive Inclusion Project,1880846,Consultant Services,Mali,"April 15, 2026",Gbetoho Joachim Boko,Consultant Qualification Selection,CG-PSIP-047-SC-SQC-2025,"May 21, 2025",35535.69,Post
1880847,P161885,Nigeria Electrification Project,1880847,Goods,Nigeria,"April 15, 2026",Arsh Sharma,Request for Quotations,REA-NEP/GO/RFQ/170/2024,"November 8, 2024",23154.99,Post
1880845,P164336,Lowlands Livelihood Resilience Project,1880845,Works,Ethiopia,"April 15, 2026",Esayas Nigatu Gebremeskel,Request for Quotations,"ET-SOMALI, RLLP -281127-CW-RFQ","April 6, 2022",44816.62,Post
1880848,P178774,CAR Inclusive and Resilient Cities Project,1880848,Consultant Services,Central African Republic,"April 15, 2026",Laurent Corroyer,Individual Consultant Selection,CF-PIU-PROVIR-529188-CS-INDV,"April 8, 2026",32318.43,Post
1880849,P180244,WEST AFRICA FOOD SYSTEM RESILIENCE PROGRAM (FSRP) PHASE 3,1880849,Consultant Services,Senegal,"April 15, 2026",Aifa Fatimata Niane Ndoye,Individual Consultant Selection,SN-FSRP-SN-494676-CS-INDV,"January 30, 2026",26883.55,Post
1880851,P166279,Second Rural Economic Development Initiative (REDI II) Project,1880851,Goods,Jamaica,"April 15, 2026",Kilara C Suit,Request for Quotations,JM-JSIF-457041-GO-RFQ,"February 13, 2026",36807.55,Post
1880850,P162833,Improving the Performance of Non-Criminal Justice Services,1880850,Consultant Services,Peru,"April 15, 2026",Ruben Leonel Ruano Chinchilla,Individual Consultant Selection,PE-PJ-482709-CS-INDV,"May 15, 2025",42988.54,Post
1880852,P166279,Second Rural Economic Development Initiative (REDI II) Project,1880852,Goods,Jamaica,"April 15, 2026",Kilara C Suit,Request for Quotations,JM-JSIF-457041-GO-RFQ,"February 19, 2026",4211.22,Post
1880853,P180085,Harmonizing and Improving Statistics in West and Central Africa - Series of Projects Two (HISWACA - SOP 2),1880853,Consultant Services,Gabon,"April 15, 2026",Mervy Ever Viboudoulou Vilpoux,Individual Consultant Selection,GA-CN TIPPEE-428653-CS-INDV,"January 27, 2025",99109.85,Post
1880855,P180085,Harmonizing and Improving Statistics in West and Central Africa - Series of Projects Two (HISWACA - SOP 2),1880855,Consultant Services,Gabon,"April 15, 2026",Mervy Ever Viboudoulou Vilpoux,Consultant Qualification Selection,GA-CN TIPPEE-472810-CS-CQS,"February 10, 2026",61439.11,Post
1880854,P171099,Digital Cabo Verde Project,1880854,Consultant Services,Cabo Verde,"April 15, 2026",Camila Mejia Giraldo,Individual Consultant Selection,097/DCVP/UGPE/2025,"April 9, 2026",29601.28,Post
1880856,P169425,Msimbazi Basin Development Project,1880856,Consultant Services,France,"April 15, 2026",Ignacio Urrutia,Consultant Qualification Selection,TZ-PO-RALG-406417-CS-CQS,"April 22, 2025",818682.29,Prior
1880857,P156880,Enhancing Waterway Connectivity and Water Service Provision in Colombia’s Plan Pazcifico,1880857,Consultant Services,Colombia,"April 15, 2026",Liljana Sekerinska,Quality And Cost-Based Selection,57833-PTSP-148-2025,"November 5, 2025",463748.26,Post
1880858,P174635,Northern Mozambique Rural Resilience Project,1880858,Goods,Mozambique,"April 15, 2026",Andrew Zakharenka,Request for Quotations,MZ-PROAZUL-518321-GO-RFQ,"March 6, 2026",83500.57,Post
1880859,P177305,Smallholder Agricultural Transformation Project,1880859,Consultant Services,Angola,"April 15, 2026",Aniceto Timoteo Bila,Individual Consultant Selection,151/C3/C/MOSAP3/25,"April 8, 2026",38502.24,Post
1880861,P157097,Municipal and Agglomerations Support Program,1880861,Consultant Services,Senegal,"April 15, 2026",Jonas Ingemann Parby,Individual Consultant Selection,SN-ADM-535298-CS-INDV,"January 17, 2024",13555.79,Post
1880863,P505179,Supporting the Federal Policy for Enhancing Foundational Literacy,1880863,Consultant Services,Argentina,"April 15, 2026",Alonso Sanchez,Direct Selection,AR-ME-468837-CS-CDS,"January 1, 2025",23890.95,Post
1880860,P505179,Supporting the Federal Policy for Enhancing Foundational Literacy,1880860,Consultant Services,Argentina,"April 15, 2026",Alonso Sanchez,Direct Selection,AR-ME-468829-CS-CDS,"January 1, 2025",20431.65,Post
1880862,P166279,Second Rural Economic Development Initiative (REDI II) Project,1880862,Goods,Jamaica,"April 15, 2026",Kilara C Suit,Request for Quotations,JM-JSIF-457041-GO-RFQ,"February 13, 2026",13718.35,Post
1880864,P166279,Second Rural Economic Development Initiative (REDI II) Project,1880864,Goods,Jamaica,"April 15, 2026",Kilara C Suit,Request for Quotations,JM-JSIF-502436-GO-RFQ,"March 11, 2026",21856.66,Post
1880867,P179520,Belize Reliant and Resilient Energy System Project,1880867,Consultant Services,Belize,"April 15, 2026",Rutu Dave,Individual Consultant Selection,MOF # 70 of 2025/2026,"March 13, 2026",73090.69,Post
1880866,P162594,Multipurpose Cadaster Project,1880866,Consultant Services,Colombia,"April 15, 2026",Ivonne Astrid Moreno Horta,Individual Consultant Selection,CO-ANT-467377-CS-INDV,"July 24, 2025",11624.09,Post
1880865,P162833,Improving the Performance of Non-Criminal Justice Services,1880865,Consultant Services,Peru,"April 15, 2026",Ruben Leonel Ruano Chinchilla,Individual Consultant Selection,PE-PJ-482710-CS-INDV,"May 21, 2025",42398.31,Post
1880868,P177786,Climate-Resilient and Inclusive Livelihoods Project (ProClimat Congo),1880868,Consultant Services,"Congo, Republic of","April 15, 2026",Sandrine Georgette Christiane Jauffret,Consultant Qualification Selection,CG-PROCLIMAT-083-C-QC-25,"March 4, 2026",172122.57,Post
1880869,P167794,"One WASH—Consolidated Water Supply, Sanitation, and Hygiene Account Project (One WASH—CWA)",1880869,Works,Ethiopia,"April 15, 2026",Taibou Adamou Maiga,Request for Quotations,ET-OROMIA WERDB-500550-CW-RFQ,"February 25, 2026",2363.64,Post
1880871,P176327,Ethiopia Flood Management Project,1880871,Consultant Services,Ethiopia,"April 15, 2026",Saurabh Dani,Consultant Qualification Selection,ET-MOWE-503366-CS-CQS,"April 8, 2026",64546.61,Post
1880870,P167794,"One WASH—Consolidated Water Supply, Sanitation, and Hygiene Account Project (One WASH—CWA)",1880870,Works,Ethiopia,"April 15, 2026",Taibou Adamou Maiga,Request for Quotations,ET-OROMIA WERDB-500550-CW-RFQ,"March 2, 2026",5616.94,Post
1880872,P177800,Côte d'Ivoire Strengthening Basic Education System Operation,1880872,Consultant Services,Cote d'Ivoire,"April 15, 2026",Modibo Sidibe,Individual Consultant Selection,CI-BCPENA-501131-CS-INDV,"February 2, 2026",91959.4,Post
1880873,P161798,Salado Integrated River Basin Management Support Project,1880873,Consultant Services,Argentina,"April 15, 2026",Carina Lakovits,Individual Consultant Selection,AR-UCEPO-470062-CS-INDV,"February 3, 2025",14294.58,Post
1880874,P177800,Côte d'Ivoire Strengthening Basic Education System Operation,1880874,Consultant Services,Cote d'Ivoire,"April 15, 2026",Modibo Sidibe,Individual Consultant Selection,CI-BCPENA-507765-CS-INDV,"April 10, 2026",18852.42,Post
1880875,P162594,Multipurpose Cadaster Project,1880875,Consultant Services,Colombia,"April 15, 2026",Ivonne Astrid Moreno Horta,Individual Consultant Selection,CO-ANT-467377-CS-INDV,"July 21, 2025",21827.46,Post
1880876,P505094,Digital Zambia Acceleration Project (DZAP),1880876,Consultant Services,Zambia,"April 15, 2026",Paul Ndungutse,Individual Consultant Selection,ZM-SZ-501752-CS-INDV,"April 1, 2026",99504.56,Post
1880878,P167794,"One WASH—Consolidated Water Supply, Sanitation, and Hygiene Account Project (One WASH—CWA)",1880878,Works,Ethiopia,"April 15, 2026",Taibou Adamou Maiga,Request for Quotations,ET-OROMIA WERDB-500584-CW-RFQ,"February 23, 2026",25397.16,Post
1880877,P505094,Digital Zambia Acceleration Project (DZAP),1880877,Consultant Services,Zambia,"April 15, 2026",Paul Ndungutse,Individual Consultant Selection,ZM-SZ-539185-CS-INDV,"April 1, 2026",99504.56,Post
1880879,P505094,Digital Zambia Acceleration Project (DZAP),1880879,Consultant Services,Zambia,"April 15, 2026",Paul Ndungutse,Individual Consultant Selection,ZM-SZ-530984-CS-INDV,"April 1, 2026",99504.56,Post
1880881,P167455,Ceara Rural Sustainable Development and Competitiveness Phase II,1880881,Goods,Brazil,"April 15, 2026",Marie Paviot,Request for Bids,BR-SDA-CE-389217-GO-RFB,"July 17, 2025",37713.17,Prior
1880880,P167455,Ceara Rural Sustainable Development and Competitiveness Phase II,1880880,Goods,Brazil,"April 15, 2026",Marie Paviot,Request for Bids,BR-SDA-CE-389217-GO-RFB,"July 23, 2025",35089.13,Prior
1880883,P167455,Ceara Rural Sustainable Development and Competitiveness Phase II,1880883,Goods,Brazil,"April 15, 2026",Marie Paviot,Request for Bids,BR-SDA-CE-389217-GO-RFB,"August 4, 2025",26363.31,Prior
1880882,P505094,Digital Zambia Acceleration Project (DZAP),1880882,Consultant Services,Zimbabwe,"April 15, 2026",Paul Ndungutse,Individual Consultant Selection,ZM-SZ-530986-CS-INDV,"April 1, 2026",99504.56,Post
1880884,P505094,Digital Zambia Acceleration Project (DZAP),1880884,Consultant Services,Zambia,"April 15, 2026",Paul Ndungutse,Individual Consultant Selection,ZM-SZ-530988-CS-INDV,"April 1, 2026",71968.71,Post
1880886,P162833,Improving the Performance of Non-Criminal Justice Services,1880886,Consultant Services,Peru,"April 15, 2026",Ruben Leonel Ruano Chinchilla,Individual Consultant Selection,PE-PJ-482727-CS-INDV,"May 16, 2025",51468.2,Post
1880887,P170664,Adolescent Girls Initiative for Learning and Empowerment,1880887,Goods,Nigeria,"April 15, 2026",Shinsaku Nomura,Request for Bids,NG-KANO STATE-325271-GO-RFB,"March 26, 2025",231466.03,Post
1880888,P181295,Community Access and Urban Services Enhancement Project II,1880888,Goods,Solomon Islands,"April 15, 2026",Ifeta Smajic,Request for Quotations,SB-HCC-462165-GO-RFQ,"September 20, 2024",19070.91,Post
1880889,P505094,Digital Zambia Acceleration Project (DZAP),1880889,Consultant Services,Zambia,"April 15, 2026",Paul Ndungutse,Individual Consultant Selection,ZM-SZ-530989-CS-INDV,"April 1, 2026",72000.0,Post
1880890,P156880,Enhancing Waterway Connectivity and Water Service Provision in Colombia’s Plan Pazcifico,1880890,Consultant Services,Colombia,"April 15, 2026",Liljana Sekerinska,Individual Consultant Selection,57833-PTSP-008-2026,"February 11, 2026",2962.81,Post
1880891,P162833,Improving the Performance of Non-Criminal Justice Services,1880891,Consultant Services,Peru,"April 15, 2026",Ruben Leonel Ruano Chinchilla,Individual Consultant Selection,PE-PJ-482726-CS-INDV,"May 13, 2025",51822.34,Post
1880892,P177239,Solomon Islands: Pacific Islands Regional Oceanscape Program - Second Phase for Economic Resilience,1880892,Non-consulting Services,Solomon Islands,"April 15, 2026",Xavier F. P. Vincent,Request for Quotations,SB-MFMR-524143-NC-RFQ,"April 13, 2026",4304.77,Post
1880894,P177239,Solomon Islands: Pacific Islands Regional Oceanscape Program - Second Phase for Economic Resilience,1880894,Non-consulting Services,Solomon Islands,"April 15, 2026",Xavier F. P. Vincent,Request for Quotations,SB-MFMR-524143-NC-RFQ,"April 13, 2026",4304.77,Post
1880893,P173197,Regional Sahel Pastoralism Support Project II,1880893,Consultant Services,Mauritania,"April 15, 2026",Franck Berthe,Quality And Cost-Based Selection,02/PI/PRAPS II/2025-2,"November 27, 2025",91654.61,Post
1880895,P173197,Regional Sahel Pastoralism Support Project II,1880895,Consultant Services,Mauritania,"April 15, 2026",Franck Berthe,Quality And Cost-Based Selection,02/PI/PRAPS II/2025-2,"November 27, 2025",67596.53,Post
1880896,P177239,Solomon Islands: Pacific Islands Regional Oceanscape Program - Second Phase for Economic Resilience,1880896,Non-consulting Services,Solomon Islands,"April 15, 2026",Xavier F. P. Vincent,Request for Quotations,SB-MFMR-524143-NC-RFQ,"April 13, 2026",4304.77,Post
1880897,P173197,Regional Sahel Pastoralism Support Project II,1880897,Consultant Services,Mauritania,"April 15, 2026",Franck Berthe,Quality And Cost-Based Selection,02/PI/PRAPS II/2025-2,"November 27, 2025",92474.93,Post
1880898,P177239,Solomon Islands: Pacific Islands Regional Oceanscape Program - Second Phase for Economic Resilience,1880898,Non-consulting Services,Solomon Islands,"April 15, 2026",Xavier F. P. Vincent,Request for Quotations,SB-MFMR-524143-NC-RFQ,"April 13, 2026",4304.77,Post
1880899,P173197,Regional Sahel Pastoralism Support Project II,1880899,Consultant Services,Mauritania,"April 15, 2026",Franck Berthe,Individual Consultant Selection,07/PI/PRAPS II/2025,"October 1, 2025",28686.1,Post
1880901,P162833,Improving the Performance of Non-Criminal Justice Services,1880901,Consultant Services,Peru,"April 16, 2026",Ruben Leonel Ruano Chinchilla,Individual Consultant Selection,PE-PJ-504150-CS-INDV,"October 7, 2025",33761.25,Post
1880903,P162594,Multipurpose Cadaster Project,1880903,Consultant Services,Colombia,"April 16, 2026",Ivonne Astrid Moreno Horta,Individual Consultant Selection,CO-ANT-467377-CS-INDV,"July 21, 2025",21827.46,Post
1880900,P174637,Child Nutrition and Social Protection Project,1880900,Goods,Papua New Guinea,"April 16, 2026",Ning Fu,Request for Quotations,PG-DFCDR-536479-GO-RFQ,"April 15, 2026",104696.13,Post
1880905,P154840,Pacific Resilience Program,1880905,Goods,Tonga,"April 16, 2026",Simone Lillian Esler,Request for Quotations,PREPTONGA/GOODS42,"April 15, 2026",43801.42,Post
1880904,P173283,"Territorial Economic Empowerment for the Indigenous, Afro-Ecuadorians and Montubian Peoples and Nationalities (TEEIPAM)",1880904,Consultant Services,Ecuador,"April 16, 2026",Kosuke Anan,Individual Consultant Selection,IEPS-PROFECPIAM-007-2025,"June 2, 2025",12424.28,Post
1880906,P162594,Multipurpose Cadaster Project,1880906,Consultant Services,Colombia,"April 16, 2026",Ivonne Astrid Moreno Horta,Individual Consultant Selection,CO-ANT-467377-CS-INDV,"July 23, 2025",11624.09,Post
1880907,P166328,Emergency Agricultural Livelihoods and Climate Resilience Project,1880907,Consultant Services,Dominica,"April 16, 2026",Winston Dawes,Direct Selection,DM-MAF-546041-CS-CDS,"January 28, 2025",33271.71,Post
1880910,P162594,Multipurpose Cadaster Project,1880910,Consultant Services,Colombia,"April 16, 2026",Ivonne Astrid Moreno Horta,Individual Consultant Selection,CO-ANT-467377-CS-INDV,"March 26, 2025",29282.54,Post
1880911,P162594,Multipurpose Cadaster Project,1880911,Consultant Services,Colombia,"April 16, 2026",Ivonne Astrid Moreno Horta,Individual Consultant Selection,CO-ANT-467377-CS-INDV,"March 19, 2025",19373.48,Post
1880913,P162594,Multipurpose Cadaster Project,1880913,Consultant Services,Colombia,"April 16, 2026",Ivonne Astrid Moreno Horta,Individual Consultant Selection,CO-ANT-467377-CS-INDV,"May 22, 2025",7749.39,Post
1880914,P162594,Multipurpose Cadaster Project,1880914,Consultant Services,Colombia,"April 16, 2026",Ivonne Astrid Moreno Horta,Individual Consultant Selection,CO-ANT-467377-CS-INDV,"May 22, 2025",15498.78,Post
1880916,P177325,Tajikistan Water Supply and Sanitation Investment Project,1880916,Works,Tajikistan,"April 16, 2026",Odete Duarte Muximpua,Request for Bids,WSIP-W-PMU/005 (LOTS 1&2&3),"April 7, 2026",2326762.62,Prior
1880917,P175952,Strengthening Resilience of the Agriculture Sector Project,1880917,Goods,Tajikistan,"April 16, 2026",Hazem Ibrahim Hanbal,Request for Bids,SRASP-RFB-GO-2025-06,"February 27, 2026",502000.0,Post
1880918,P172945,Punjab Urban Land Systems Enhancement Project,1880918,Goods,Pakistan,"April 16, 2026",Dong Kyu Kwak,Request for Quotations,PK-PLRA-539035-GO-RFQ,"April 7, 2026",83718.37,Post
1880919,P175952,Strengthening Resilience of the Agriculture Sector Project,1880919,Goods,Tajikistan,"April 16, 2026",Hazem Ibrahim Hanbal,Request for Bids,SRASP-RFB-GO-2025-06,"February 27, 2026",47523.81,Post
1880923,P172800,Cote d'Ivoire Youth Employment and Skills Development Project - Phase 3,1880923,Non-consulting Services,Cote d'Ivoire,"April 16, 2026",Ali Coulibaly,Direct Selection,CI-BCP-EMPLOI-529123-NC-DIR,"March 12, 2026",38135.76,Post
1880922,P178701,Digital and Energy Connectivity for Inclusion in Madagascar Project,1880922,Consultant Services,Madagascar,"April 16, 2026",Komenan Koffi,Individual Consultant Selection,MG-MEH - PAGOSE-448884-CS-INDV,"November 19, 2025",141446.0,Prior
1880921,P166570,Uganda Secondary Education Expansion Project,1880921,Works,Uganda,"April 16, 2026",Julia Liberman,Request for Bids,UG-MOES-470272-CW-RFB,"February 17, 2026",1866160.96,Prior
1880920,P172800,Cote d'Ivoire Youth Employment and Skills Development Project - Phase 3,1880920,Consultant Services,Cote d'Ivoire,"April 16, 2026",Ali Coulibaly,Direct Selection,CI-BCP-EMPLOI-352402-CS-CDS,"October 30, 2023",175955.89,Post
1880925,P172479,Strengthen Ethiopia’s Adaptive Safety Net,1880925,Goods,Ethiopia,"April 16, 2026",Christabel E. Dadzie,Request for Quotations,ET-TIGRAY FSCO-483156-GO-RFQ,"May 26, 2025",477.13,Post
1880924,P172945,Punjab Urban Land Systems Enhancement Project,1880924,Non-consulting Services,Pakistan,"April 16, 2026",Dong Kyu Kwak,Request for Bids,PK-BOR PUNJAB-452801-NC-RFB,"February 11, 2025",1427235.62,Post
1880927,P172479,Strengthen Ethiopia’s Adaptive Safety Net,1880927,Goods,Ethiopia,"April 16, 2026",Christabel E. Dadzie,Request for Quotations,ET-TIGRAY FSCO-483157-GO-RFQ,"November 10, 2024",547.74,Post
1880926,P158622,Hezhou Urban Water Infrastructure and Environment Improvement Project,1880926,Goods,China,"April 16, 2026",Gang Qin,Request for Quotations,HZ-SZ-10-5,"March 24, 2026",394494.43,Post
1880928,P172707,National Health Insurance (JKN) Reforms and Results Program,1880928,Consultant Services,Indonesia,"April 16, 2026",Eko Setyo Pambudi,Direct Selection,ID-CPMU I-HSS-521937-CS-CDS,"October 2, 2025",2713.74,Post
1880929,P172479,Strengthen Ethiopia’s Adaptive Safety Net,1880929,Goods,Ethiopia,"April 16, 2026",Christabel E. Dadzie,Request for Quotations,ET-TIGRAY FSCO-483155-GO-RFQ,"May 26, 2025",3401.75,Post
1880930,P178935,Integrated Persistent Organic Pollutants (POPs) and Chemical Hotspots Management Project,1880930,Consultant Services,World,"April 16, 2026",Nicholas Stephen Zmijewski,Direct Selection,POP-UN-CS01,"February 19, 2026",17750000.0,Prior
1880931,P176690,"Micro, Small and Medium Enterprises Business Development Services Project",1880931,Consultant Services,Djibouti,"April 16, 2026",Mahaman Sani,Direct Selection,DJ-CEL-531587-CS-CDS,"January 8, 2026",33132.11,Post
1880932,P503369,"Jordan: Modernizing Education, Skills, and Administrative Reforms (MASAR) Operation",1880932,Consultant Services,Jordan,"April 16, 2026",Zaina Dawani,Direct Selection,JO-MOE-528856-CS-CDS,"January 7, 2026",6346.97,Post
1880933,P165129,Integrated Project for Source Sustainability and Climate Resilient Rain-fed Agriculture in Himachal Pradesh,1880933,Works,India,"April 16, 2026",Saumya Srivastava,Request for Quotations,"IN-DPO, SOLAN-486534-CW-RFQ","August 7, 2025",15667.63,Post
1880934,P165129,Integrated Project for Source Sustainability and Climate Resilient Rain-fed Agriculture in Himachal Pradesh,1880934,Works,India,"April 16, 2026",Saumya Srivastava,Request for Quotations,"IN-DPO, SOLAN-486534-CW-RFQ","August 7, 2025",15686.0,Post
1880935,P172945,Punjab Urban Land Systems Enhancement Project,1880935,Goods,Pakistan,"April 16, 2026",Dong Kyu Kwak,Request for Quotations,PK-BOR PUNJAB-538705-GO-RFQ,"April 14, 2026",18462.03,Post
1880936,P172479,Strengthen Ethiopia’s Adaptive Safety Net,1880936,Goods,Ethiopia,"April 16, 2026",Christabel E. Dadzie,Request for Quotations,ET-TIGRAY FSCO-483154-GO-RFQ,"December 10, 2024",5553.28,Post
1880937,P165129,Integrated Project for Source Sustainability and Climate Resilient Rain-fed Agriculture in Himachal Pradesh,1880937,Works,India,"April 16, 2026",Saumya Srivastava,Request for Quotations,"IN-DPO, SOLAN-486534-CW-RFQ","August 7, 2025",15700.44,Post
1880938,P166672,ID: Jambi Sustainable Landscape Management Project (J-SLMP),1880938,Goods,Indonesia,"April 16, 2026",Tini Gumartini,Request for Quotations,S.11/K.11/PPK/DIPA/11/2025,"November 7, 2025",1704.25,Post
1880939,P174915,Türkiye Water Circularity and Efficiency Improvement Project,1880939,Works,Turkiye,"April 16, 2026",Ahmed Shawky,Request for Bids,KONYA2-W1,"April 6, 2026",139728180.47,Prior
1880941,P161915,Sustainable Cities Project 2,1880941,Works,Turkiye,"April 16, 2026",Xueman Wang,Request for Bids,BOZDOGAN-W1,"April 14, 2026",1795988.4,Prior
1880943,P174684,Economic Transformation for Inclusive Growth Project,1880943,Consultant Services,France,"April 16, 2026",Sagita Muco,Consultant Qualification Selection,350/C/PIC3/2026,"February 13, 2026",574742.0,Post
1880942,P172479,Strengthen Ethiopia’s Adaptive Safety Net,1880942,Goods,Ethiopia,"April 16, 2026",Christabel E. Dadzie,Request for Quotations,ET-TIGRAY FSCO-483154-GO-RFQ,"May 26, 2025",4005.52,Post
1880940,P165129,Integrated Project for Source Sustainability and Climate Resilient Rain-fed Agriculture in Himachal Pradesh,1880940,Works,India,"April 16, 2026",Saumya Srivastava,Request for Quotations,"IN-DPO, SOLAN-486534-CW-RFQ","August 7, 2025",15712.58,Post
1880944,P165129,Integrated Project for Source Sustainability and Climate Resilient Rain-fed Agriculture in Himachal Pradesh,1880944,Works,India,"April 16, 2026",Saumya Srivastava,Request for Quotations,"IN-DPO, SOLAN-486534-CW-RFQ","August 7, 2025",10423.99,Post
1880945,P156433,Second Ethiopia Urban Water Supply and Sanitation Project,1880945,Consultant Services,Ethiopia,"April 16, 2026",Fook Chuan Eng,Individual Consultant Selection,ET-MOWIE-527427-CS-INDV,"April 1, 2026",16687.21,Post
1880946,P172479,Strengthen Ethiopia’s Adaptive Safety Net,1880946,Goods,Ethiopia,"April 16, 2026",Christabel E. Dadzie,Request for Quotations,ET-TIGRAY FSCO-483154-GO-RFQ,"January 21, 2025",3042.57,Post
1880947,P180085,Harmonizing and Improving Statistics in West and Central Africa - Series of Projects Two (HISWACA - SOP 2),1880947,Consultant Services,Morocco,"April 16, 2026",Mervy Ever Viboudoulou Vilpoux,Consultant Qualification Selection,GA-CN TIPPEE-512036-CS-QCBS,"March 2, 2026",28016.27,Post
1880948,P167794,"One WASH—Consolidated Water Supply, Sanitation, and Hygiene Account Project (One WASH—CWA)",1880948,Works,Ethiopia,"April 16, 2026",Taibou Adamou Maiga,Request for Quotations,ET-MOH-196591-CW-RFQ,"June 16, 2021",4585.37,Post
1880949,P172479,Strengthen Ethiopia’s Adaptive Safety Net,1880949,Goods,Ethiopia,"April 16, 2026",Christabel E. Dadzie,Request for Quotations,ET-TIGRAY FSCO-483154-GO-RFQ,"April 11, 2025",1607.71,Post
1880950,P169943,Urban Productive Safety Net and Jobs Project,1880950,Goods,Ethiopia,"April 16, 2026",Ayuba Sani Hussein,Request for Quotations,ET-AMHARA-WOLDYA-515005-GO-RFQ,"March 30, 2026",43279.14,Post
1880951,P169943,Urban Productive Safety Net and Jobs Project,1880951,Goods,Ethiopia,"April 16, 2026",Ayuba Sani Hussein,Request for Quotations,ET-AMHARA-WOLDYA-515005-GO-RFQ,"March 30, 2026",7153.11,Post
1880952,P169943,Urban Productive Safety Net and Jobs Project,1880952,Goods,Ethiopia,"April 16, 2026",Ayuba Sani Hussein,Request for Quotations,ET-AMHARA-MOTA-515348-GO-RFQ,"March 11, 2026",9666.59,Post
1880953,P169943,Urban Productive Safety Net and Jobs Project,1880953,Goods,Ethiopia,"April 16, 2026",Ayuba Sani Hussein,Request for Quotations,ET-AMHARA-MOTA-515348-GO-RFQ,"March 11, 2026",4096.28,Post
1880954,P177816,Food Systems Resilience Program for Eastern and Southern Africa (Phase 3) FSRP,1880954,Goods,Kenya,"April 16, 2026",Benjamin Billard,Request for Quotations,KE-SAMBURU COUNTY-524983-GO-RFQ,"March 16, 2026",3811.92,Post
1880955,P180849,Türkiye Earthquake Recovery and Reconstruction Project,1880955,Works,Turkiye,"April 16, 2026",Bontje Marie Zangerling,Request for Bids,ADANA-TERRP-W4,"April 8, 2026",13326049.14,Post
1880957,P176589,Water Sector Governance and Infrastructure Support Project,1880957,Works,Nepal,"April 16, 2026",Amelia Midgley,Request for Bids,NP-DWSSM-511278-CW-RFB,"March 23, 2026",1319035.01,Post
1880956,P167794,"One WASH—Consolidated Water Supply, Sanitation, and Hygiene Account Project (One WASH—CWA)",1880956,Works,Ethiopia,"April 16, 2026",Taibou Adamou Maiga,Request for Quotations,ET-MOH-196611-CW-RFQ,"January 29, 2021",2121.22,Post
1880958,P172945,Punjab Urban Land Systems Enhancement Project,1880958,Non-consulting Services,Pakistan,"April 16, 2026",Dong Kyu Kwak,Request for Bids,PK-BOR PUNJAB-530016-NC-RFB,"April 14, 2026",190569.25,Post
1880959,P172945,Punjab Urban Land Systems Enhancement Project,1880959,Non-consulting Services,Pakistan,"April 16, 2026",Dong Kyu Kwak,Request for Bids,PK-BOR PUNJAB-530014-NC-RFB,"April 14, 2026",315371.62,Post
1880960,P172479,Strengthen Ethiopia’s Adaptive Safety Net,1880960,Goods,Ethiopia,"April 16, 2026",Christabel E. Dadzie,Request for Quotations,ET-CENTRAL ETH FSCD-482514-GO-RFQ,"April 18, 2025",3300.91,Post
1880961,P172479,Strengthen Ethiopia’s Adaptive Safety Net,1880961,Goods,Ethiopia,"April 16, 2026",Christabel E. Dadzie,Request for Quotations,ET-CENTRAL ETH FSCD-490811-GO-RFQ,"April 24, 2025",4084.63,Post
1880963,P172479,Strengthen Ethiopia’s Adaptive Safety Net,1880963,Goods,Ethiopia,"April 16, 2026",Christabel E. Dadzie,Request for Quotations,ET-CENTRAL ETH FSCD-490813-GO-RFQ,"May 8, 2025",7973.42,Post
1880962,P507066,"Meghalaya Multisectoral Project for Adolescent Wellbeing, Empowerment and Resilience (MPOWER)",1880962,Non-consulting Services,India,"April 16, 2026",Pravesh Kumar,Direct Selection,NCS-1,"April 14, 2026",39118.25,Post
1880964,P172479,Strengthen Ethiopia’s Adaptive Safety Net,1880964,Goods,Ethiopia,"April 16, 2026",Christabel E. Dadzie,Request for Quotations,ET-CENTRAL ETH FSCD-490813-GO-RFQ,"May 9, 2025",4273.36,Post
1880965,P172479,Strengthen Ethiopia’s Adaptive Safety Net,1880965,Goods,Ethiopia,"April 16, 2026",Christabel E. Dadzie,Request for Quotations,ET-CENTRAL ETH FSCD-490819-GO-RFQ,"April 23, 2025",2657.84,Post
1880966,P177298,Somalia Enhancing Public Resource Management Project,1880966,Consultant Services,Uganda,"April 16, 2026",May Olalia,Direct Selection,SO-MOF-530325-CS-CDS,"April 13, 2026",987566.0,Prior
1880967,P178530,Sindh Integrated Health and Population Project,1880967,Works,Pakistan,"April 16, 2026",Kazumi Inden,Request for Bids,PK-SIHPP-518528-CW-RFB,"April 7, 2026",3316366.33,Post
1880968,P167814,Second Kenya Informal Settlements Improvement Project,1880968,Consultant Services,Kenya,"April 16, 2026",Beatriz Eraso Puig,Direct Selection,KE-MOTI-508642-CS-CDS,"January 30, 2026",98684.21,Post
1880969,P178530,Sindh Integrated Health and Population Project,1880969,Works,Pakistan,"April 16, 2026",Kazumi Inden,Request for Bids,PK-SIHPP-519079-CW-RFB,"April 8, 2026",8485618.76,Post
1880971,P172479,Strengthen Ethiopia’s Adaptive Safety Net,1880971,Goods,Ethiopia,"April 16, 2026",Christabel E. Dadzie,Request for Quotations,ET-TIGRAY FSCO-483126-GO-RFQ,"December 20, 2024",3989.96,Post
1880970,P172479,Strengthen Ethiopia’s Adaptive Safety Net,1880970,Goods,Ethiopia,"April 16, 2026",Christabel E. Dadzie,Request for Quotations,ET-TIGRAY FSCO-483126-GO-RFQ,"December 24, 2024",7883.95,Post
1880972,P168847,Mauritania Agriculture Development and Innovation Support Project,1880972,Goods,Mauritania,"April 16, 2026",Fred Kizito,Request for Quotations,MR-PADISAM-511048-GO-RFQ,"November 26, 2025",45595.8,Post
1880974,P172479,Strengthen Ethiopia’s Adaptive Safety Net,1880974,Goods,Ethiopia,"April 16, 2026",Christabel E. Dadzie,Request for Quotations,ET-TIGRAY FSCO-483126-GO-RFQ,"December 20, 2024",2256.6,Post
1880975,P165129,Integrated Project for Source Sustainability and Climate Resilient Rain-fed Agriculture in Himachal Pradesh,1880975,Works,India,"April 16, 2026",Saumya Srivastava,Request for Quotations,"IN-DPO, SOLAN-486520-CW-RFQ","August 7, 2025",15677.46,Post
1880973,P175237,Agro-Climatic Resilience in Semi-Arid Landscapes (ACReSAL),1880973,Consultant Services,Nigeria,"April 16, 2026",Iganya Joy Agene,Individual Consultant Selection,KNSPMU-INDV-CS-C9,"August 9, 2023",21001.13,Post
1880976,P172479,Strengthen Ethiopia’s Adaptive Safety Net,1880976,Goods,Ethiopia,"April 16, 2026",Christabel E. Dadzie,Request for Quotations,ET-TIGRAY FSCO-483126-GO-RFQ,"December 20, 2024",4308.9,Post
1880977,P165129,Integrated Project for Source Sustainability and Climate Resilient Rain-fed Agriculture in Himachal Pradesh,1880977,Works,India,"April 16, 2026",Saumya Srivastava,Request for Quotations,"IN-DPO, SOLAN-486520-CW-RFQ","August 7, 2025",15683.94,Post
1880979,P172479,Strengthen Ethiopia’s Adaptive Safety Net,1880979,Goods,Ethiopia,"April 16, 2026",Christabel E. Dadzie,Request for Quotations,ET-TIGRAY FSCO-483126-GO-RFQ,"December 20, 2024",3989.96,Post
1880978,P176517,"De-risking, inclusion and value enhancement of pastoral economies in the Horn of Africa",1880978,Consultant Services,Kenya,"April 16, 2026",Isaku Endo,Individual Consultant Selection,KE-SDOL-532466-CS-INDV,"April 7, 2026",107605.26,Post
1880981,P165129,Integrated Project for Source Sustainability and Climate Resilient Rain-fed Agriculture in Himachal Pradesh,1880981,Works,India,"April 16, 2026",Saumya Srivastava,Request for Quotations,"IN-DPO, SOLAN-486520-CW-RFQ","August 7, 2025",10438.74,Post
1880983,P178530,Sindh Integrated Health and Population Project,1880983,Works,Pakistan,"April 16, 2026",Kazumi Inden,Request for Bids,PK-SIHPP-518531-CW-RFB,"April 7, 2026",7865413.81,Post
1880980,P160865,Livestock Productivity and Resilience Support Project,1880980,Consultant Services,Nigeria,"April 16, 2026",Manievel Sene,Individual Consultant Selection,NG-KADUNA L-PRES-418780-CS-INDV,"June 26, 2024",5193.15,Post
1880982,P172479,Strengthen Ethiopia’s Adaptive Safety Net,1880982,Goods,Ethiopia,"April 16, 2026",Christabel E. Dadzie,Request for Quotations,ET-TIGRAY FSCO-483126-GO-RFQ,"February 11, 2025",694.75,Post
1880984,P179293,East Africa Girls' Empowerment and Resilience,1880984,Goods,Mozambique,"April 16, 2026",Sara Troiano,Request for Quotations,MZ-SEJE-535027-GO-RFQ,"February 16, 2026",198610.0,Post
1880985,P172479,Strengthen Ethiopia’s Adaptive Safety Net,1880985,Goods,Ethiopia,"April 16, 2026",Christabel E. Dadzie,Request for Quotations,ET-TIGRAY FSCO-483126-GO-RFQ,"May 12, 2025",2400.06,Post
1880987,P172479,Strengthen Ethiopia’s Adaptive Safety Net,1880987,Goods,Ethiopia,"April 16, 2026",Christabel E. Dadzie,Request for Quotations,ET-TIGRAY FSCO-483126-GO-RFQ,"May 12, 2025",242.22,Post
1880988,P172479,Strengthen Ethiopia’s Adaptive Safety Net,1880988,Goods,Ethiopia,"April 16, 2026",Christabel E. Dadzie,Request for Quotations,ET-TIGRAY FSCO-483126-GO-RFQ,"May 12, 2025",1229.65,Post
1880990,P172479,Strengthen Ethiopia’s Adaptive Safety Net,1880990,Goods,Ethiopia,"April 16, 2026",Christabel E. Dadzie,Request for Quotations,ET-TIGRAY FSCO-483126-GO-RFQ,"February 26, 2025",2541.92,Post
1880991,P172479,Strengthen Ethiopia’s Adaptive Safety Net,1880991,Goods,Ethiopia,"April 16, 2026",Christabel E. Dadzie,Request for Quotations,ET-TIGRAY FSCO-483126-GO-RFQ,"April 2, 2025",2555.95,Post
1880989,P500390,Community-based Wildfire Risk Management in Lebanon’s Vulnerable Landscapes,1880989,Consultant Services,Lebanon,"April 16, 2026",Andrea Kutter,Quality And Cost-Based Selection,LB-MOE-501280-CS-QCBS,"April 14, 2026",385443.47,Post
1880992,P156433,Second Ethiopia Urban Water Supply and Sanitation Project,1880992,Works,Ethiopia,"April 16, 2026",Fook Chuan Eng,Request for Bids,ET-MOWIE-460640-CW-RFB-RE-BID,"November 25, 2025",4578221.31,Post
1880993,P180638,Institutional Strengthening for Greater Competitiveness in Uruguay,1880993,Goods,Uruguay,"April 16, 2026",Silvana Kostenbaum,Request for Quotations,UY-MEF-514688-GO-RFQ-2,"April 9, 2026",3703.92,Post
1880994,P167794,"One WASH—Consolidated Water Supply, Sanitation, and Hygiene Account Project (One WASH—CWA)",1880994,Goods,Ethiopia,"April 16, 2026",Taibou Adamou Maiga,Request for Quotations,ET-OROMIA WERDB-310398-GO-RFQ,"July 16, 2025",896.62,Post
1880995,P156433,Second Ethiopia Urban Water Supply and Sanitation Project,1880995,Works,Ethiopia,"April 16, 2026",Fook Chuan Eng,Request for Bids,ET-MOWIE-460634-CW-RFB-RE-BID,"November 25, 2025",4355978.03,Post
1880996,P167794,"One WASH—Consolidated Water Supply, Sanitation, and Hygiene Account Project (One WASH—CWA)",1880996,Works,Ethiopia,"April 16, 2026",Taibou Adamou Maiga,Request for Quotations,ET-OROMIA WERDB-500562-CW-RFQ,"March 4, 2026",11931.0,Post
1880997,P180638,Institutional Strengthening for Greater Competitiveness in Uruguay,1880997,Non-consulting Services,Uruguay,"April 16, 2026",Silvana Kostenbaum,Request for Bids,UY-MEF-503826-NC-RFB,"March 4, 2026",305000.0,Post
1880998,P167794,"One WASH—Consolidated Water Supply, Sanitation, and Hygiene Account Project (One WASH—CWA)",1880998,Works,Ethiopia,"April 16, 2026",Taibou Adamou Maiga,Request for Quotations,ET-OROMIA WERDB-500570-CW-RFQ,"February 13, 2026",29377.41,Post
1880999,P167512,Strengthening Primary Health Care and Surveillance in Haiti,1880999,Consultant Services,Haiti,"April 16, 2026",Nicolas Collin Dit De Montesson,Direct Selection,HT-UGP-532884-CS-CDS,"January 5, 2026",5000.0,Post
1881001,P177816,Food Systems Resilience Program for Eastern and Southern Africa (Phase 3) FSRP,1881001,Consultant Services,"Somalia, Federal Republic of","April 16, 2026",Benjamin Billard,Individual Consultant Selection,SO-MOAI-SWS-479300-CS-INDV,"March 30, 2026",46200.0,Prior
1881003,P180638,Institutional Strengthening for Greater Competitiveness in Uruguay,1881003,Consultant Services,Uruguay,"April 16, 2026",Silvana Kostenbaum,Direct Selection,UY-MEF-519016-CS-INDV,"April 8, 2026",49648.63,Post
1881002,P167156,Nigeria: Improved Child Survival Program for Human Capital MPA,1881002,Works,Nigeria,"April 16, 2026",Onoriode Ezire,Request for Bids,NG-CROSS RIVER STATE IM-458077-CW-RFB,"January 9, 2025",1141934.31,Post
1881000,P177816,Food Systems Resilience Program for Eastern and Southern Africa (Phase 3) FSRP,1881000,Consultant Services,"Somalia, Federal Republic of","April 16, 2026",Benjamin Billard,Individual Consultant Selection,SO-MOAI-SWS-479290-CS-INDV,"March 31, 2026",45120.0,Prior
1881004,P167156,Nigeria: Improved Child Survival Program for Human Capital MPA,1881004,Works,Nigeria,"April 16, 2026",Onoriode Ezire,Request for Bids,NG-CROSS RIVER STATE IM-458077-CW-RFB,"January 9, 2025",1183489.42,Post
1881005,P174477,Madagascar National Water Project,1881005,Consultant Services,Madagascar,"April 16, 2026",Pierre Francois-Xavier Boulenger,Consultant Qualification Selection,MG-MEAH-502787-NC-RFB,"March 25, 2026",314604.46,Post
1881006,P179466,Madagascar Safety Nets and Resilience Project,1881006,Non-consulting Services,Madagascar,"April 16, 2026",John Van Dyck,Request for Bids,P1a124G223,"October 21, 2024",57752.62,Post
1881007,P506486,Improving Health Care in El Salvador Project,1881007,Consultant Services,El Salvador,"April 16, 2026",Gianluca Cafagna,Direct Selection,PROMAS-10-MINSAL-CS-CDS,"April 13, 2026",48000.0,Post
1881008,P167156,Nigeria: Improved Child Survival Program for Human Capital MPA,1881008,Works,Nigeria,"April 16, 2026",Onoriode Ezire,Request for Bids,NG-CROSS RIVER STATE IM-458077-CW-RFB,"January 9, 2025",1040756.65,Post
1881009,P172657,Improving Learning and Empowering Girls in Mozambique,1881009,Consultant Services,Mozambique,"April 16, 2026",Lucia Jose Nhampossa,Quality And Cost-Based Selection,13/CS/QCBS/ILEGP/24,"January 30, 2026",76688.89,Prior
1881010,P167156,Nigeria: Improved Child Survival Program for Human Capital MPA,1881010,Works,Nigeria,"April 16, 2026",Onoriode Ezire,Request for Bids,NG-CROSS RIVER STATE IM-458077-CW-RFB,"January 9, 2025",1279999.22,Post
1881011,P171316,Growing Up and Learning Together: Comprehensive Early Childhood Development in El Salvador,1881011,Works,El Salvador,"April 16, 2026",Isy Faingold Vigil,Request for Bids,3.2.1.1.2 BIS,"April 9, 2025",1196867.38,Prior
1881013,P178567,Piauí Health and Social Protection Development Project,1881013,Consultant Services,Brazil,"April 16, 2026",Daniela Pena De Lima,Individual Consultant Selection,SASC-18 CI NUTRICIONISTA COMP. 03,"March 12, 2026",2403.87,Post
1881012,P172657,Improving Learning and Empowering Girls in Mozambique,1881012,Consultant Services,World,"April 16, 2026",Lucia Jose Nhampossa,Direct Selection,60-R/DC/CS-UN/ILEGP/24,"July 17, 2025",1499136.34,Prior
1881014,P169405,"Sustainable Procurement, Environmental and Social Standards Enhancement Project (SPESSE)",1881014,Goods,Nigeria,"April 16, 2026",Ishtiak Siddique,Request for Quotations,NG-BPP SPESSE-518393-GO-RFQ,"December 30, 2025",42842.14,Post
1881015,P161915,Sustainable Cities Project 2,1881015,Consultant Services,India,"April 16, 2026",Xueman Wang,Consultant Qualification Selection,GOLBASI-C1,"October 6, 2025",166804.8,Post
1881016,P147158,Paraiba Sustainable Rural Development,1881016,Goods,Brazil,"April 16, 2026",Leonardo Bichara Rocha,Request for Quotations,BR-COOPERAR - PB-484524-GO-RFQ,"July 21, 2025",6600.63,Post
1881017,P164293,Burkina Faso Higher Education Support Project,1881017,Works,Burkina Faso,"April 16, 2026",Amina Debissa Denboba,Direct Selection,BF-PAES-407460-CW-DIR,"July 17, 2024",698318.47,Post
1881018,P156239,CO Plan PAZcifico:Water Supply and Basic Sanitation Infrastructure and Service Delivery Project,1881018,Consultant Services,Colombia,"April 16, 2026",Daniela Villalba,Individual Consultant Selection,57833-PTSP-010-2026,"February 26, 2026",4836.27,Post
1881020,P165017,Second Rwanda Urban Development Project,1881020,Consultant Services,Rwanda,"April 16, 2026",Sheila W. Kamunyori,Direct Selection,RW-REMA-478806-CS-QCBS,"July 31, 2025",60555.05,Post
1881023,P164293,Burkina Faso Higher Education Support Project,1881023,Works,Burkina Faso,"April 16, 2026",Amina Debissa Denboba,Request for Bids,BF-PAES-343982-CW-RFB,"September 23, 2023",64535.05,Post
1881021,P162594,Multipurpose Cadaster Project,1881021,Consultant Services,Colombia,"April 16, 2026",Ivonne Astrid Moreno Horta,Individual Consultant Selection,CO-ANT-467377-CS-INDV,"July 21, 2025",11534.17,Post
1881022,P167794,"One WASH—Consolidated Water Supply, Sanitation, and Hygiene Account Project (One WASH—CWA)",1881022,Works,Ethiopia,"April 16, 2026",Taibou Adamou Maiga,Request for Quotations,ET-OROMIA WERDB-522990-CW-RFQ,"February 19, 2026",10927.54,Post
1881025,P151224,Second Water Sector Institutional Development Project,1881025,Goods,Angola,"April 16, 2026",Marco Antonio Aguero,Request for Quotations,181G3/ BÍE/EPAS/25,"June 3, 2025",183867.3,Post
1881024,P178040,Angola Strengthening Governance for Enhanced Service Delivery Project,1881024,Consultant Services,Angola,"April 16, 2026",Eduardo Andres Estrada,Quality And Cost-Based Selection,64/C2/C/PROFOGMEPS/24,"April 7, 2026",799865.0,Prior
1881026,P151224,Second Water Sector Institutional Development Project,1881026,Goods,Angola,"April 16, 2026",Marco Antonio Aguero,Request for Quotations,184G3/BÍE/EPAS/25,"June 3, 2025",144487.11,Post
1881027,P162833,Improving the Performance of Non-Criminal Justice Services,1881027,Consultant Services,Peru,"April 16, 2026",Ruben Leonel Ruano Chinchilla,Individual Consultant Selection,PE-PJ-504141-CS-INDV,"September 11, 2025",27554.14,Post
1881028,P164293,Burkina Faso Higher Education Support Project,1881028,Goods,Burkina Faso,"April 16, 2026",Amina Debissa Denboba,Request for Quotations,BF-PAES-407388-GO-RFQ,"April 29, 2024",9818.99,Post
1881029,P175237,Agro-Climatic Resilience in Semi-Arid Landscapes (ACReSAL),1881029,Works,Nigeria,"April 16, 2026",Iganya Joy Agene,Request for Bids,NG-NASARAWA STATE ACRES-457975-CW-RFQ,"April 7, 2026",314237.28,Post
1881030,P162594,Multipurpose Cadaster Project,1881030,Consultant Services,Colombia,"April 16, 2026",Ivonne Astrid Moreno Horta,Individual Consultant Selection,CO-ANT-467377-CS-INDV,"May 22, 2025",15378.9,Post
1881031,P180244,WEST AFRICA FOOD SYSTEM RESILIENCE PROGRAM (FSRP) PHASE 3,1881031,Consultant Services,Mali,"April 16, 2026",Aifa Fatimata Niane Ndoye,Consultant Qualification Selection,SN-FSRP-SN-484615-CS-CQS,"January 30, 2026",287338.48,Post
1881032,P160708,Regional Off-Grid Electricity Access Project,1881032,Consultant Services,Togo,"April 16, 2026",Elisa Portale,Direct Selection,NG-ECOWAS-OCEM-501356-CS-CDS,"March 25, 2026",22448.12,Post
1881033,P166796,Mali Electricity Sector Improvement Project (MESIP),1881033,Consultant Services,Cote d'Ivoire,"April 16, 2026",Abdou Mbaye,Consultant Qualification Selection,CS-REF-12,"November 26, 2021",349916.24,Prior
1881035,P162594,Multipurpose Cadaster Project,1881035,Consultant Services,Colombia,"April 16, 2026",Ivonne Astrid Moreno Horta,Individual Consultant Selection,DNP-OR-049-2026,"April 13, 2026",11651.6,Post
1881034,P164293,Burkina Faso Higher Education Support Project,1881034,Works,Burkina Faso,"April 16, 2026",Amina Debissa Denboba,Request for Bids,BF-PAES-343982-CW-RFB,"October 10, 2023",166754.53,Post
1881036,P162594,Multipurpose Cadaster Project,1881036,Consultant Services,Colombia,"April 16, 2026",Ivonne Astrid Moreno Horta,Individual Consultant Selection,CO-ANT-467377-CS-INDV,"May 21, 2025",25503.34,Post
1881037,P162833,Improving the Performance of Non-Criminal Justice Services,1881037,Consultant Services,Peru,"April 16, 2026",Ruben Leonel Ruano Chinchilla,Individual Consultant Selection,PE-PJ-488145-CS-INDV,"August 29, 2025",25577.68,Post
1881038,P160865,Livestock Productivity and Resilience Support Project,1881038,Consultant Services,Nigeria,"April 16, 2026",Manievel Sene,Consultant Qualification Selection,NG-NIGER L-PRES-541181-CS-CDS,"September 24, 2025",31987.49,Post
1881039,P179520,Belize Reliant and Resilient Energy System Project,1881039,Consultant Services,Belize,"April 16, 2026",Rutu Dave,Direct Selection,BZ-MFEDI - CEU-522095-CS-CDS,"January 13, 2025",16482.7,Post
1881042,P176594,Getting Results: Access and Delivery of Quality Education Services in Punjab Project,1881042,Goods,Pakistan,"April 16, 2026",Izza Farrakh,Request for Quotations,PK-SED PUNJAB-539320-GO-RFQ,"March 26, 2026",2129.99,Post
1881043,P176594,Getting Results: Access and Delivery of Quality Education Services in Punjab Project,1881043,Goods,Pakistan,"April 16, 2026",Izza Farrakh,Request for Quotations,PK-SED PUNJAB-539320-GO-RFQ,"March 30, 2026",18996.29,Post
1881040,P162594,Multipurpose Cadaster Project,1881040,Consultant Services,Colombia,"April 16, 2026",Ivonne Astrid Moreno Horta,Individual Consultant Selection,CO-ANT-467377-CS-INDV,"July 21, 2025",11534.17,Post
1881041,P176594,Getting Results: Access and Delivery of Quality Education Services in Punjab Project,1881041,Goods,Pakistan,"April 16, 2026",Izza Farrakh,Request for Quotations,PK-SED PUNJAB-539320-GO-RFQ,"March 26, 2026",44867.77,Post
1881044,P179520,Belize Reliant and Resilient Energy System Project,1881044,Consultant Services,Belize,"April 16, 2026",Rutu Dave,Direct Selection,BZ-MFEDI - CEU-522093-CS-CDS,"January 13, 2025",9695.7,Post
1881045,P162833,Improving the Performance of Non-Criminal Justice Services,1881045,Consultant Services,Peru,"April 16, 2026",Ruben Leonel Ruano Chinchilla,Individual Consultant Selection,PE-PJ-504143-CS-INDV,"September 11, 2025",27554.14,Post
1881046,P179520,Belize Reliant and Resilient Energy System Project,1881046,Goods,Belize,"April 16, 2026",Rutu Dave,Request for Bids,BZ-MFEDI - CEU-522097-GO-RFB,"January 22, 2025",49211.51,Post
1881048,P179520,Belize Reliant and Resilient Energy System Project,1881048,Consultant Services,Belize,"April 16, 2026",Rutu Dave,Direct Selection,BZ-CEU-4317540-CS-CDS,"May 27, 2024",11928.52,Post
1881049,P162594,Multipurpose Cadaster Project,1881049,Consultant Services,Colombia,"April 16, 2026",Ivonne Astrid Moreno Horta,Individual Consultant Selection,CO-ANT-467377-CS-INDV,"May 23, 2025",7689.45,Post
1881050,P161319,Tina River Hydropower Development Project,1881050,Consultant Services,Solomon Islands,"April 16, 2026",Nicolas Jean Marie Sans,Individual Consultant Selection,SB-MMERE-535397-CS-INDV,"April 10, 2026",55367.08,Post
1881051,P500764,Indonesia Supporting Health Transformation Project (I-SeHat),1881051,Consultant Services,Indonesia,"April 17, 2026",Pandu Harimurti,Direct Selection,ID-BOPD-518496-CS-CDS,"October 14, 2025",11587.86,Post
1881052,P166328,Emergency Agricultural Livelihoods and Climate Resilience Project,1881052,Consultant Services,Dominica,"April 17, 2026",Winston Dawes,Direct Selection,DM-MAF-546024-CS-CDS,"June 22, 2023",36598.89,Post
1881054,P169943,Urban Productive Safety Net and Jobs Project,1881054,Goods,Ethiopia,"April 17, 2026",Ayuba Sani Hussein,Request for Quotations,ET-AMHARA -SHEWA ROBIT-513809-GO-RFQ,"March 2, 2026",7710.07,Post
1881055,P169943,Urban Productive Safety Net and Jobs Project,1881055,Goods,Ethiopia,"April 17, 2026",Ayuba Sani Hussein,Request for Quotations,ET-AMHARA-WOLDYA-515015-GO-RFQ,"March 30, 2026",6974.43,Post
1881056,P163734,Dushanbe Water Supply and Wastewater Project,1881056,Consultant Services,Tajikistan,"April 17, 2026",Aleix Serrat Capdevila,Direct Selection,DWSWP-DS-CQS-12,"April 9, 2026",20021.09,Post
1881058,P169943,Urban Productive Safety Net and Jobs Project,1881058,Goods,Ethiopia,"April 17, 2026",Ayuba Sani Hussein,Request for Quotations,ET-AMHARA-WOLDYA-515015-GO-RFQ,"March 30, 2026",19279.84,Post
1881057,P169943,Urban Productive Safety Net and Jobs Project,1881057,Goods,Ethiopia,"April 17, 2026",Ayuba Sani Hussein,Request for Quotations,ET-AMHARA-WOLDYA-515015-GO-RFQ,"March 30, 2026",2329.61,Post
1881059,P165821,Kiribati: Pacific Islands Regional Oceanscape Program,1881059,Goods,Kiribati,"April 17, 2026",Xavier F. P. Vincent,Request for Quotations,KI-MFMRD-503671-GO-RFQ,"March 18, 2026",72716.38,Post
1881061,P177871,Electricity Sector Modernization and Sustainability Project,1881061,Consultant Services,Uzbekistan,"April 17, 2026",Maksudjon Safarov,Individual Consultant Selection,KG/KEMS/CS/2026/IC-02,"April 10, 2026",30000.0,Post
1881060,P165821,Kiribati: Pacific Islands Regional Oceanscape Program,1881060,Goods,New Caledonia,"April 17, 2026",Xavier F. P. Vincent,Request for Quotations,KI-MFMRD-503671-GO-RFQ,"March 18, 2026",11160.0,Post
1881063,P173114,Comoros Interisland Connectivity Project,1881063,Consultant Services,Benin,"April 17, 2026",Atsushi Iimi,Least Cost Selection,KM-PICMC-455241-CS-LCS,"June 23, 2025",26858.4,Post
1881062,P178545,Community Livelihood Enhancement And Resilience,1881062,Non-consulting Services,Lao People's Democratic Republic,"April 17, 2026",Kaori Oshima,Request for Quotations,CLEAR_IDA_NC-005 (0061/CLEAR-SLV),"April 9, 2026",26599.37,Post
1881064,P168633,Kerala Solid Waste Management Project,1881064,Goods,India,"April 17, 2026",Zhiyu Jerry Chen,Direct Selection,IN-ULB TSR TSR-518568-GO-DIR,"January 12, 2026",64058.76,Post
1881066,P164424,Montenegro Second Institutional Development and Agriculture Strengthening Project,1881066,Consultant Services,Montenegro,"April 17, 2026",Teklu Tesfaye,Consultant Qualification Selection,1.2.2.1.6,"March 4, 2026",14253.8,Post
1881068,P164424,Montenegro Second Institutional Development and Agriculture Strengthening Project,1881068,Consultant Services,North Macedonia,"April 17, 2026",Teklu Tesfaye,Consultant Qualification Selection,1.2.3.37,"March 31, 2026",140970.08,Post
1881069,P173088,Somali Electricity Sector Recovery Project,1881069,Consultant Services,Kenya,"April 17, 2026",Paul Baringanire,Individual Consultant Selection,SO-MOEWR-494591-CS-INDV,"May 27, 2025",212800.0,Post
1881070,P165129,Integrated Project for Source Sustainability and Climate Resilient Rain-fed Agriculture in Himachal Pradesh,1881070,Works,India,"April 17, 2026",Saumya Srivastava,Request for Quotations,"IN-DPO, SOLAN-486522-CW-RFQ","August 7, 2025",15745.87,Post
1881072,P165129,Integrated Project for Source Sustainability and Climate Resilient Rain-fed Agriculture in Himachal Pradesh,1881072,Works,India,"April 17, 2026",Saumya Srivastava,Request for Quotations,"IN-DPO, SOLAN-486522-CW-RFQ","August 7, 2025",15745.87,Post
1881073,P165128,Boosting Inclusive Growth for Zanzibar: Integrated Development Project,1881073,Works,Tanzania,"April 17, 2026",Lulu Simon Dunia,Request for Bids,TZ-POFP-496998-CW-RFB,"January 30, 2026",1167709.02,Post
1881074,P165129,Integrated Project for Source Sustainability and Climate Resilient Rain-fed Agriculture in Himachal Pradesh,1881074,Works,India,"April 17, 2026",Saumya Srivastava,Request for Quotations,"IN-DPO, SOLAN-486522-CW-RFQ","August 7, 2025",15745.87,Post
1881075,P164424,Montenegro Second Institutional Development and Agriculture Strengthening Project,1881075,Goods,Montenegro,"April 17, 2026",Teklu Tesfaye,Request for Quotations,2.2.7.,"March 31, 2026",54899.94,Post
1881076,P165129,Integrated Project for Source Sustainability and Climate Resilient Rain-fed Agriculture in Himachal Pradesh,1881076,Works,India,"April 17, 2026",Saumya Srivastava,Request for Quotations,"IN-DPO, KANGRA-511293-CW-RFQ","October 31, 2025",2445.97,Post
1881077,P165129,Integrated Project for Source Sustainability and Climate Resilient Rain-fed Agriculture in Himachal Pradesh,1881077,Works,India,"April 17, 2026",Saumya Srivastava,Request for Quotations,"IN-DPO, KANGRA-511293-CW-RFQ","October 31, 2025",4821.73,Post
1881078,P165129,Integrated Project for Source Sustainability and Climate Resilient Rain-fed Agriculture in Himachal Pradesh,1881078,Works,India,"April 17, 2026",Saumya Srivastava,Request for Quotations,"IN-DPO, KANGRA-511293-CW-RFQ","October 31, 2025",4660.7,Post
1881079,P165129,Integrated Project for Source Sustainability and Climate Resilient Rain-fed Agriculture in Himachal Pradesh,1881079,Works,India,"April 17, 2026",Saumya Srivastava,Request for Quotations,"IN-DPO, KANGRA-511293-CW-RFQ","October 31, 2025",4996.51,Post
1881083,P167794,"One WASH—Consolidated Water Supply, Sanitation, and Hygiene Account Project (One WASH—CWA)",1881083,Works,Ethiopia,"April 17, 2026",Taibou Adamou Maiga,Request for Quotations,ET-MOH-320406-CW-RFQ,"May 25, 2023",5638.4,Post
1881081,P165129,Integrated Project for Source Sustainability and Climate Resilient Rain-fed Agriculture in Himachal Pradesh,1881081,Works,India,"April 17, 2026",Saumya Srivastava,Request for Quotations,"IN-DPO, KANGRA-511293-CW-RFQ","October 29, 2025",4669.11,Post
1881080,P165129,Integrated Project for Source Sustainability and Climate Resilient Rain-fed Agriculture in Himachal Pradesh,1881080,Works,India,"April 17, 2026",Saumya Srivastava,Request for Quotations,"IN-DPO, KANGRA-511293-CW-RFQ","October 29, 2025",4933.78,Post
1881082,P165129,Integrated Project for Source Sustainability and Climate Resilient Rain-fed Agriculture in Himachal Pradesh,1881082,Works,India,"April 17, 2026",Saumya Srivastava,Request for Quotations,"IN-DPO, KANGRA-511293-CW-RFQ","October 29, 2025",4287.17,Post
1881084,P178831,Tajikistan Millati Solim Project,1881084,Works,Tajikistan,"April 17, 2026",Takahiro Hasumi,Request for Bids,MOHSP/TMSP/RFB-W/025/003,"December 30, 2025",487745.28,Post
1881085,P180085,Harmonizing and Improving Statistics in West and Central Africa - Series of Projects Two (HISWACA - SOP 2),1881085,Consultant Services,Gabon,"April 17, 2026",Mervy Ever Viboudoulou Vilpoux,Individual Consultant Selection,GA-CN TIPPEE-428652-CS-INDV,"April 7, 2025",99130.89,Post
1881087,P171664,Economic Linkages for Diversification,1881087,Non-consulting Services,Mozambique,"April 17, 2026",Laurent Olivier Corthay,Direct Selection,MZ-MEF-DNT-487787-NC-DIR,"November 17, 2025",28339.74,Post
1881086,P168779,Niger Learning Improvement for Results in Education Project,1881086,Consultant Services,Niger,"April 17, 2026",Marie Jacqueline Yvette Sacadura,Individual Consultant Selection,NE-P-LIRE-527046-CS-INDV,"January 30, 2026",52357.99,Post
1881088,P175803,CHAD Improving Learning Outcomes Project,1881088,Consultant Services,Cameroon,"April 17, 2026",Harisoa Danielle Rasolonjatovo Andriamihamina,Consultant Qualification Selection,TD-CILOP-500084-CS-CQS,"March 30, 2026",220964.81,Post
1881089,P177895,MSME Competitiveness Project,1881089,Consultant Services,Moldova,"April 17, 2026",Graciela Miralles Murciego,Individual Consultant Selection,MD-CEP-531512-CS-INDV,"April 15, 2026",84816.0,Post
1881090,P176683,CAR-Electricity Sector Strengthening and Access Project,1881090,Consultant Services,Central African Republic,"April 17, 2026",Monyl Toga,Quality And Cost-Based Selection,PARSE/043/CS/SFQC/24,"February 16, 2026",341211.38,Post
1881091,P178176,Empowering Women Entrepreneurs and Upgrading MSMEs for Economic Transformation and Jobs in DRC Project,1881091,Goods,Belgium,"April 17, 2026",Zouhour Karray,Request for Quotations,ZR-TRANSFORME-480947-GO-RFQ,"February 26, 2026",1267029.0,Post
1881092,P165129,Integrated Project for Source Sustainability and Climate Resilient Rain-fed Agriculture in Himachal Pradesh,1881092,Works,India,"April 17, 2026",Saumya Srivastava,Request for Quotations,"IN-DPO, KANGRA-511293-CW-RFQ","November 29, 2025",4845.85,Post
1881093,P165129,Integrated Project for Source Sustainability and Climate Resilient Rain-fed Agriculture in Himachal Pradesh,1881093,Works,India,"April 17, 2026",Saumya Srivastava,Request for Quotations,"IN-DPO, KANGRA-511293-CW-RFQ","November 29, 2025",5052.0,Post
1881094,P165129,Integrated Project for Source Sustainability and Climate Resilient Rain-fed Agriculture in Himachal Pradesh,1881094,Works,India,"April 17, 2026",Saumya Srivastava,Request for Quotations,"IN-DPO, KANGRA-511293-CW-RFQ","November 29, 2025",5014.32,Post
1881095,P179211,Adaptive and Productive Social Safety Net Project,1881095,Consultant Services,Cote d'Ivoire,"April 17, 2026",Gbetoho Joachim Boko,Least Cost Selection,CF-NDOYE-472740-CS-LCS,"April 15, 2026",26758.16,Post
1881096,P165129,Integrated Project for Source Sustainability and Climate Resilient Rain-fed Agriculture in Himachal Pradesh,1881096,Works,India,"April 17, 2026",Saumya Srivastava,Request for Quotations,"IN-DPO, KANGRA-511293-CW-RFQ","November 4, 2025",7133.88,Post
1881097,P165129,Integrated Project for Source Sustainability and Climate Resilient Rain-fed Agriculture in Himachal Pradesh,1881097,Works,India,"April 17, 2026",Saumya Srivastava,Request for Quotations,"IN-DPO, KANGRA-511293-CW-RFQ","November 4, 2025",7900.8,Post
1881098,P165129,Integrated Project for Source Sustainability and Climate Resilient Rain-fed Agriculture in Himachal Pradesh,1881098,Works,India,"April 17, 2026",Saumya Srivastava,Request for Quotations,"IN-DPO, KANGRA-511293-CW-RFQ","November 4, 2025",8916.63,Post
1881099,P165129,Integrated Project for Source Sustainability and Climate Resilient Rain-fed Agriculture in Himachal Pradesh,1881099,Works,India,"April 17, 2026",Saumya Srivastava,Request for Quotations,"IN-DPO, KANGRA-511293-CW-RFQ","November 4, 2025",9481.51,Post
1881103,P174814,Great Lakes Trade Facilitation and Integration Project,1881103,Goods,Burundi,"April 17, 2026",Marie Christine Apedo Amah,Request for Quotations,BI-BI-MOF-367786-GO-RFQ,"February 14, 2025",13304.99,Post
1881102,P178831,Tajikistan Millati Solim Project,1881102,Works,Tajikistan,"April 17, 2026",Takahiro Hasumi,Request for Bids,MOHSP/TMSP/RFB-W/025/002,"October 29, 2025",1050107.25,Post
1881100,P180085,Harmonizing and Improving Statistics in West and Central Africa - Series of Projects Two (HISWACA - SOP 2),1881100,Consultant Services,Gabon,"April 17, 2026",Mervy Ever Viboudoulou Vilpoux,Individual Consultant Selection,GA-CN TIPPEE-428649-CS-INDV,"December 4, 2024",129301.16,Post
1881101,P178831,Tajikistan Millati Solim Project,1881101,Works,Tajikistan,"April 17, 2026",Takahiro Hasumi,Request for Bids,MOHSP/TMSP/RFB-W/025/002,"October 29, 2025",1069454.93,Post
1881104,P179449,Senegal River Valley Development and Resilience Project,1881104,Consultant Services,Mali,"April 17, 2026",Benjamin Burckhart,Quality And Cost-Based Selection,03/PI/PRDC-VFS/CPMP/2026,"April 14, 2026",169353.57,Post
1881106,P165129,Integrated Project for Source Sustainability and Climate Resilient Rain-fed Agriculture in Himachal Pradesh,1881106,Works,India,"April 17, 2026",Saumya Srivastava,Request for Quotations,"IN-DPO, SHIMLA-288862-CW-RFQ","September 26, 2022",2320.91,Post
1881105,P179293,East Africa Girls' Empowerment and Resilience,1881105,Consultant Services,Mozambique,"April 17, 2026",Sara Troiano,Individual Consultant Selection,MZ-SEJE-497381-CS-INDV,"September 15, 2025",63000.0,Post
1881107,P165129,Integrated Project for Source Sustainability and Climate Resilient Rain-fed Agriculture in Himachal Pradesh,1881107,Works,India,"April 17, 2026",Saumya Srivastava,Request for Quotations,"IN-DPO, SOLAN-486527-CW-RFQ","August 7, 2025",15745.87,Post
1881108,P165129,Integrated Project for Source Sustainability and Climate Resilient Rain-fed Agriculture in Himachal Pradesh,1881108,Works,India,"April 17, 2026",Saumya Srivastava,Request for Quotations,"IN-DPO, SHIMLA-288862-CW-RFQ","September 20, 2022",2917.02,Post
1881109,P180076,"Lowlands Livelihood Resilience Project, Phase Two (LLRP II)",1881109,Works,Ethiopia,"April 17, 2026",Esayas Nigatu Gebremeskel,Request for Bids,ET-SWE-RPCU-455589-CW-RFB,"June 23, 2025",170519.88,Post
1881110,P172657,Improving Learning and Empowering Girls in Mozambique,1881110,Goods,Mozambique,"April 17, 2026",Lucia Jose Nhampossa,Request for Quotations,195/G/ILEGP/23,"July 26, 2024",42933.68,Post
1881111,P165129,Integrated Project for Source Sustainability and Climate Resilient Rain-fed Agriculture in Himachal Pradesh,1881111,Works,India,"April 17, 2026",Saumya Srivastava,Request for Quotations,"IN-DPO, SHIMLA-288862-CW-RFQ","September 20, 2022",2905.05,Post
1881112,P165129,Integrated Project for Source Sustainability and Climate Resilient Rain-fed Agriculture in Himachal Pradesh,1881112,Works,India,"April 17, 2026",Saumya Srivastava,Request for Quotations,"IN-DPO, SHIMLA-288862-CW-RFQ","September 20, 2022",2907.35,Post
1881113,P165129,Integrated Project for Source Sustainability and Climate Resilient Rain-fed Agriculture in Himachal Pradesh,1881113,Works,India,"April 17, 2026",Saumya Srivastava,Request for Quotations,"IN-DPO, SHIMLA-288862-CW-RFQ","September 30, 2022",5283.06,Post
1881114,P165129,Integrated Project for Source Sustainability and Climate Resilient Rain-fed Agriculture in Himachal Pradesh,1881114,Works,India,"April 17, 2026",Saumya Srivastava,Request for Quotations,"IN-DPO, SOLAN-486527-CW-RFQ","August 7, 2025",15745.87,Post
1881115,P165129,Integrated Project for Source Sustainability and Climate Resilient Rain-fed Agriculture in Himachal Pradesh,1881115,Works,India,"April 17, 2026",Saumya Srivastava,Request for Quotations,"IN-DPO, SHIMLA-288862-CW-RFQ","September 20, 2022",2963.86,Post
1881116,P172627,Skills for A Vibrant Economy Project,1881116,Consultant Services,Malawi,"April 17, 2026",Nobuyuki Tanaka,Individual Consultant Selection,MW-MOE-340819-CS-INDV.,"January 2, 2024",29757.61,Post
1881117,P165129,Integrated Project for Source Sustainability and Climate Resilient Rain-fed Agriculture in Himachal Pradesh,1881117,Works,India,"April 17, 2026",Saumya Srivastava,Request for Quotations,"IN-DPO, SHIMLA-288862-CW-RFQ","September 20, 2022",2669.69,Post
1881119,P165129,Integrated Project for Source Sustainability and Climate Resilient Rain-fed Agriculture in Himachal Pradesh,1881119,Works,India,"April 17, 2026",Saumya Srivastava,Request for Quotations,"IN-DPO, SOLAN-486527-CW-RFQ","August 7, 2025",15745.87,Post
1881118,P165129,Integrated Project for Source Sustainability and Climate Resilient Rain-fed Agriculture in Himachal Pradesh,1881118,Works,India,"April 17, 2026",Saumya Srivastava,Request for Quotations,"IN-DPO, SHIMLA-288862-CW-RFQ","September 20, 2022",2637.2,Post
1881123,P165129,Integrated Project for Source Sustainability and Climate Resilient Rain-fed Agriculture in Himachal Pradesh,1881123,Works,India,"April 17, 2026",Saumya Srivastava,Request for Quotations,"IN-DPO, SOLAN-486527-CW-RFQ","August 7, 2025",15745.87,Post
1881122,P177467,Kyrgyz Republic Air Quality Improvement Project,1881122,Consultant Services,Kazakhstan,"April 17, 2026",Frank Van Woerden,Individual Consultant Selection,AQIP/1.2/LS/INC/1 - 2026,"April 13, 2026",31244.96,Post
1881120,P165129,Integrated Project for Source Sustainability and Climate Resilient Rain-fed Agriculture in Himachal Pradesh,1881120,Works,India,"April 17, 2026",Saumya Srivastava,Request for Quotations,"IN-DPO, SHIMLA-288862-CW-RFQ","September 20, 2022",2663.86,Post
1881121,P160005,Climate Resilience Multi-Phase Programmatic Approach,1881121,Goods,Sri Lanka,"April 17, 2026",Elad Shenfeld,Request for Bids,SLMOI/CRES/DMC/G/NCB/42-2,"February 11, 2026",46753.49,Post
1881124,P174034,Niger Accelerating Electricity Access Project (Haské),1881124,Consultant Services,Niger,"April 17, 2026",Emmanuel Py,Quality And Cost-Based Selection,DP 03/2025/HASKE/NIGELEC,"April 8, 2026",21595.09,Post
1881125,P171250,Employment Support Project,1881125,Consultant Services,Azerbaijan,"April 17, 2026",Anna Sukhova,Quality And Cost-Based Selection,AZ-MLSPP-497385-CS-QCBS,"March 19, 2026",4127955.06,Prior
1881127,P180076,"Lowlands Livelihood Resilience Project, Phase Two (LLRP II)",1881127,Goods,Ethiopia,"April 17, 2026",Esayas Nigatu Gebremeskel,Request for Quotations,ET-GAM-RPCU-520922-GO-RFQ,"February 18, 2026",634.23,Post
1881126,P180076,"Lowlands Livelihood Resilience Project, Phase Two (LLRP II)",1881126,Goods,Ethiopia,"April 17, 2026",Esayas Nigatu Gebremeskel,Request for Quotations,ET-GAM-RPCU-520922-GO-RFQ,"February 3, 2026",11617.64,Post
1881128,P165129,Integrated Project for Source Sustainability and Climate Resilient Rain-fed Agriculture in Himachal Pradesh,1881128,Works,India,"April 17, 2026",Saumya Srivastava,Request for Quotations,"IN-DPO, NAHAN-505007-CW-RFQ","October 16, 2025",5319.81,Post
1881129,P165129,Integrated Project for Source Sustainability and Climate Resilient Rain-fed Agriculture in Himachal Pradesh,1881129,Works,India,"April 17, 2026",Saumya Srivastava,Request for Quotations,"IN-DPO, NAHAN-505007-CW-RFQ","October 26, 2025",5305.39,Post
1881131,P165129,Integrated Project for Source Sustainability and Climate Resilient Rain-fed Agriculture in Himachal Pradesh,1881131,Works,India,"April 17, 2026",Saumya Srivastava,Request for Quotations,"IN-DPO, NAHAN-505007-CW-RFQ","October 28, 2025",5257.04,Post
1881130,P165129,Integrated Project for Source Sustainability and Climate Resilient Rain-fed Agriculture in Himachal Pradesh,1881130,Works,India,"April 17, 2026",Saumya Srivastava,Request for Quotations,"IN-DPO, NAHAN-505007-CW-RFQ","October 28, 2025",5289.28,Post
1881132,P501343,Strengthening Electricity Services Project,1881132,Goods,"Congo, Republic of","April 17, 2026",Daniel Camos Daurella,Request for Bids,CG-058-PASEL-FNT-25,"April 13, 2026",969758.69,Post
1881133,P173197,Regional Sahel Pastoralism Support Project II,1881133,Non-consulting Services,Mauritania,"April 17, 2026",Franck Berthe,Request for Quotations,23/F/PRAPS II/2026,"March 26, 2026",6931.25,Post
1881134,P171056,Support for Resilient Livelihoods in the South of Madagascar - MIONJO Project,1881134,Works,Madagascar,"April 17, 2026",Joanna Peace De Berry,Request for Bids,MG-MIONJO-520277-CW-RFB,"April 15, 2026",71579.05,Post
1881135,P173197,Regional Sahel Pastoralism Support Project II,1881135,Goods,Mauritania,"April 17, 2026",Franck Berthe,Request for Quotations,26/F/PRAPS II/2026,"March 16, 2026",27122.29,Post
1881136,P176105,Strengthening Pedagogy and Governance in Uruguayan Public Schools Project,1881136,Goods,Uruguay,"April 17, 2026",Antonella Novali,Request for Bids,PLATOS 2026-525869-GO-RFB,"March 25, 2026",10311.09,Post
1881137,P176105,Strengthening Pedagogy and Governance in Uruguayan Public Schools Project,1881137,Goods,Uruguay,"April 17, 2026",Antonella Novali,Request for Bids,PLATOS 2026-525869-GO-RFB,"March 25, 2026",5654.82,Post
1881138,P166697,Kingdom of Eswatini: Water Supply and Sanitation Access Project,1881138,Goods,Eswatini,"April 17, 2026",Nathan L. Engle,Request for Bids,SZ-EWSC-510352-GO-RFB,"March 25, 2026",173686.46,Post
1881143,P176105,Strengthening Pedagogy and Governance in Uruguayan Public Schools Project,1881143,Goods,Uruguay,"April 17, 2026",Antonella Novali,Request for Bids,MOBILIARIO ESCOLAR 2026-525866-GO-RFB,"March 26, 2026",19532.49,Post
1881140,P177325,Tajikistan Water Supply and Sanitation Investment Project,1881140,Works,Tajikistan,"April 17, 2026",Odete Duarte Muximpua,Request for Bids,WSIP-W-PMU/005 (LOTS 1&2&3),"April 7, 2026",2644834.88,Prior
1881142,P167945,Burkina Faso Agriculture Resilience and Competitiveness Project,1881142,Consultant Services,Burkina Faso,"April 17, 2026",Idriss Serme,Consultant Qualification Selection,BF-PRECA-334068-CS-CQS,"February 14, 2024",15882.67,Post
1881141,P177325,Tajikistan Water Supply and Sanitation Investment Project,1881141,Works,Tajikistan,"April 17, 2026",Odete Duarte Muximpua,Request for Bids,WSIP-W-PMU/005 (LOTS 1&2&3),"April 7, 2026",3545242.84,Prior
1881144,P162594,Multipurpose Cadaster Project,1881144,Consultant Services,Colombia,"April 17, 2026",Ivonne Astrid Moreno Horta,Individual Consultant Selection,CO-ANT-467377-CS-INDV,"July 21, 2025",11533.15,Post
1881146,P166697,Kingdom of Eswatini: Water Supply and Sanitation Access Project,1881146,Works,Eswatini,"April 17, 2026",Nathan L. Engle,Request for Bids,SZ-EWSC-414195-CW-RFB,"June 30, 2025",317510.89,Post
1881145,P176105,Strengthening Pedagogy and Governance in Uruguayan Public Schools Project,1881145,Goods,Uruguay,"April 17, 2026",Antonella Novali,Request for Bids,MOBILIARIO ESCOLAR 2026-525866-GO-RFB,"March 26, 2026",39511.62,Post
1881147,P176105,Strengthening Pedagogy and Governance in Uruguayan Public Schools Project,1881147,Goods,Uruguay,"April 17, 2026",Antonella Novali,Request for Bids,MOBILIARIO ESCOLAR 2026-525866-GO-RFB,"March 26, 2026",21520.57,Post
1881148,P175322,Maputo Metropolitan Area Urban Mobility Project,1881148,Consultant Services,Mozambique,"April 17, 2026",Emmanuel Taban,Quality And Cost-Based Selection,MZ-MTC-302024-CS-QCBS,"December 19, 2025",437500.0,Prior
1881149,P176105,Strengthening Pedagogy and Governance in Uruguayan Public Schools Project,1881149,Goods,Uruguay,"April 17, 2026",Antonella Novali,Request for Bids,MOBILIARIO ESCOLAR 2026-525866-GO-RFB,"March 26, 2026",24544.12,Post
1881150,P162833,Improving the Performance of Non-Criminal Justice Services,1881150,Consultant Services,Peru,"April 17, 2026",Ruben Leonel Ruano Chinchilla,Individual Consultant Selection,PE-PJ-504138-CS-INDV,"August 15, 2025",30170.9,Post
1881151,P162594,Multipurpose Cadaster Project,1881151,Consultant Services,Colombia,"April 17, 2026",Ivonne Astrid Moreno Horta,Individual Consultant Selection,CO-ANT-467377-CS-INDV,"July 21, 2025",21784.84,Post
1881152,P180076,"Lowlands Livelihood Resilience Project, Phase Two (LLRP II)",1881152,Works,Ethiopia,"April 17, 2026",Esayas Nigatu Gebremeskel,Request for Bids,ET-SWE-RPCU-455903-CW-RFB,"April 2, 2025",608778.42,Post
1881155,P507207,Burundi Water Supply and Sanitation Access Project,1881155,Consultant Services,Burundi,"April 17, 2026",Susanna Smets,Individual Consultant Selection,BI-MINEAGRIE-BCCR PIU-503211-CS-INDV,"March 31, 2026",150458.31,Post
1881153,P173283,"Territorial Economic Empowerment for the Indigenous, Afro-Ecuadorians and Montubian Peoples and Nationalities (TEEIPAM)",1881153,Consultant Services,Ecuador,"April 17, 2026",Kosuke Anan,Individual Consultant Selection,IEPS-PROFECPIAM-006-2025,"April 7, 2025",3719.06,Post
1881154,P507207,Burundi Water Supply and Sanitation Access Project,1881154,Consultant Services,Burundi,"April 17, 2026",Susanna Smets,Individual Consultant Selection,BI-MINEAGRIE-BCCR PIU-508347-CS-INDV,"March 31, 2026",167927.31,Post
1881156,P169265,Harmonizing and Improving Statistics in West Africa,1881156,Non-consulting Services,Burkina Faso,"April 17, 2026",Aboudrahyme Savadogo,Request for Quotations,BF-INSD-530415-NC-RFQ,"April 14, 2026",17669.61,Post
1881158,P162833,Improving the Performance of Non-Criminal Justice Services,1881158,Consultant Services,Peru,"April 17, 2026",Ruben Leonel Ruano Chinchilla,Individual Consultant Selection,PE-PJ-482717-CS-INDV,"May 13, 2025",42533.82,Post
1881157,P169265,Harmonizing and Improving Statistics in West Africa,1881157,Goods,Ghana,"April 17, 2026",Aboudrahyme Savadogo,Request for Quotations,GH/GSS/HISWAP/GP/RFQ/FRO/038/22,"December 4, 2023",15246.55,Post
1881159,P162594,Multipurpose Cadaster Project,1881159,Consultant Services,Colombia,"April 17, 2026",Ivonne Astrid Moreno Horta,Individual Consultant Selection,CO-ANT-467377-CS-INDV,"May 28, 2025",15377.53,Post
1881161,P162594,Multipurpose Cadaster Project,1881161,Consultant Services,Colombia,"April 17, 2026",Ivonne Astrid Moreno Horta,Individual Consultant Selection,CO-ANT-467377-CS-INDV,"July 17, 2025",9610.96,Post
1881163,P162594,Multipurpose Cadaster Project,1881163,Consultant Services,Colombia,"April 17, 2026",Ivonne Astrid Moreno Horta,Individual Consultant Selection,DNP-OR-050-2026,"April 14, 2026",8484.21,Post
1881160,P162594,Multipurpose Cadaster Project,1881160,Consultant Services,Colombia,"April 17, 2026",Ivonne Astrid Moreno Horta,Individual Consultant Selection,CO-ANT-467377-CS-INDV,"July 7, 2025",9610.96,Post
1881162,P180076,"Lowlands Livelihood Resilience Project, Phase Two (LLRP II)",1881162,Goods,Ethiopia,"April 17, 2026",Esayas Nigatu Gebremeskel,Request for Quotations,ET-SE-RPCU-530284-GO-RFQ,"March 26, 2026",89.53,Post
1881164,P180076,"Lowlands Livelihood Resilience Project, Phase Two (LLRP II)",1881164,Goods,Ethiopia,"April 17, 2026",Esayas Nigatu Gebremeskel,Request for Quotations,ET-SE-RPCU-530284-GO-RFQ,"March 26, 2026",986.28,Post
1881165,P180076,"Lowlands Livelihood Resilience Project, Phase Two (LLRP II)",1881165,Goods,Ethiopia,"April 17, 2026",Esayas Nigatu Gebremeskel,Request for Quotations,ET-SE-RPCU-530284-GO-RFQ,"March 26, 2026",7776.39,Post
1881166,P172479,Strengthen Ethiopia’s Adaptive Safety Net,1881166,Goods,Ethiopia,"April 17, 2026",Christabel E. Dadzie,Request for Quotations,ET-TIGRAY FSCO-486325-GO-RFQ,"May 22, 2025",51159.38,Post
1881167,P162833,Improving the Performance of Non-Criminal Justice Services,1881167,Consultant Services,Peru,"April 17, 2026",Ruben Leonel Ruano Chinchilla,Individual Consultant Selection,PE-PJ-482718-CS-INDV,"May 14, 2025",42436.93,Post
1881168,P180076,"Lowlands Livelihood Resilience Project, Phase Two (LLRP II)",1881168,Goods,Ethiopia,"April 17, 2026",Esayas Nigatu Gebremeskel,Request for Quotations,ET-SE-RPCU-530284-GO-RFQ,"March 26, 2026",794.15,Post
1881169,P162594,Multipurpose Cadaster Project,1881169,Consultant Services,Colombia,"April 17, 2026",Ivonne Astrid Moreno Horta,Individual Consultant Selection,CO-ANT-467377-CS-INDV,"May 20, 2025",15377.53,Post
1881170,P177800,Côte d'Ivoire Strengthening Basic Education System Operation,1881170,Consultant Services,Cote d'Ivoire,"April 17, 2026",Modibo Sidibe,Consultant Qualification Selection,CI-BCPENA-503964-CS-CQS,"March 25, 2026",131952.05,Post
1881171,P180076,"Lowlands Livelihood Resilience Project, Phase Two (LLRP II)",1881171,Goods,Ethiopia,"April 17, 2026",Esayas Nigatu Gebremeskel,Request for Quotations,ET-SE-RPCU-530284-GO-RFQ,"March 26, 2026",6276.34,Post
1881172,P172479,Strengthen Ethiopia’s Adaptive Safety Net,1881172,Goods,Ethiopia,"April 17, 2026",Christabel E. Dadzie,Request for Quotations,ET-TIGRAY FSCO-483124-GO-RFQ,"May 7, 2025",5719.93,Post
1881173,P162833,Improving the Performance of Non-Criminal Justice Services,1881173,Consultant Services,Peru,"April 17, 2026",Ruben Leonel Ruano Chinchilla,Individual Consultant Selection,PE-PJ-504134-CS-INDV,"August 15, 2025",43580.2,Post
1881174,P162594,Multipurpose Cadaster Project,1881174,Consultant Services,Colombia,"April 17, 2026",Ivonne Astrid Moreno Horta,Individual Consultant Selection,CO-ANT-467377-CS-INDV,"July 17, 2025",11533.15,Post
1881177,P172627,Skills for A Vibrant Economy Project,1881177,Works,Zambia,"April 17, 2026",Nobuyuki Tanaka,Request for Bids,MW-KUHES-315417-CW-RFB,"April 10, 2025",5765429.04,Post
1881176,P175237,Agro-Climatic Resilience in Semi-Arid Landscapes (ACReSAL),1881176,Works,Nigeria,"April 17, 2026",Iganya Joy Agene,Request for Quotations,NG-BENUE STATE ACRESAL-531244-CW-RFQ,"March 5, 2026",86165.57,Post
1881178,P166189,Northern Congo Agroforestry Project,1881178,Goods,"Congo, Republic of","April 17, 2026",Sandrine Georgette Christiane Jauffret,Request for Quotations,CG-012-MOD-F24,"May 16, 2024",15309.58,Post
1881179,P169265,Harmonizing and Improving Statistics in West Africa,1881179,Goods,Ghana,"April 17, 2026",Aboudrahyme Savadogo,Request for Quotations,GH/GSS/HISWAP/GP/RFQ/FRO/038/22,"November 21, 2023",53702.8,Post
1881181,P162594,Multipurpose Cadaster Project,1881181,Consultant Services,Colombia,"April 17, 2026",Ivonne Astrid Moreno Horta,Individual Consultant Selection,CO-ANT-467377-CS-INDV,"July 17, 2025",22041.13,Post
1881182,P162594,Multipurpose Cadaster Project,1881182,Consultant Services,Colombia,"April 17, 2026",Ivonne Astrid Moreno Horta,Individual Consultant Selection,CO-ANT-467377-CS-INDV,"July 17, 2025",21977.06,Post
1881183,P162594,Multipurpose Cadaster Project,1881183,Consultant Services,Colombia,"April 17, 2026",Ivonne Astrid Moreno Horta,Individual Consultant Selection,CO-ANT-467377-CS-INDV,"July 17, 2025",21784.84,Post
1881184,P172479,Strengthen Ethiopia’s Adaptive Safety Net,1881184,Goods,Ethiopia,"April 17, 2026",Christabel E. Dadzie,Request for Quotations,ET-TIGRAY FSCO-483123-GO-RFQ,"January 23, 2025",2997.27,Post
1881186,P169265,Harmonizing and Improving Statistics in West Africa,1881186,Goods,Ghana,"April 17, 2026",Aboudrahyme Savadogo,Request for Quotations,GH/GSS/HISWAP/GP/RFQ/FRO/038/22,"August 19, 2024",44701.36,Post
1881185,P165129,Integrated Project for Source Sustainability and Climate Resilient Rain-fed Agriculture in Himachal Pradesh,1881185,Works,India,"April 17, 2026",Saumya Srivastava,Request for Quotations,"IN-DPO, SOLAN-486541-CW-RFQ","August 7, 2025",15800.12,Post
1881187,P172479,Strengthen Ethiopia’s Adaptive Safety Net,1881187,Goods,Ethiopia,"April 17, 2026",Christabel E. Dadzie,Request for Quotations,ET-TIGRAY FSCO-483123-GO-RFQ,"January 24, 2025",4446.34,Post
1881188,P165129,Integrated Project for Source Sustainability and Climate Resilient Rain-fed Agriculture in Himachal Pradesh,1881188,Works,India,"April 17, 2026",Saumya Srivastava,Request for Quotations,"IN-DPO, SOLAN-486541-CW-RFQ","August 7, 2025",15810.45,Post
1881189,P172479,Strengthen Ethiopia’s Adaptive Safety Net,1881189,Goods,Ethiopia,"April 17, 2026",Christabel E. Dadzie,Request for Quotations,ET-TIGRAY FSCO-483123-GO-RFQ,"January 24, 2025",3658.21,Post
1881190,P162833,Improving the Performance of Non-Criminal Justice Services,1881190,Consultant Services,Peru,"April 17, 2026",Ruben Leonel Ruano Chinchilla,Individual Consultant Selection,PE-PJ-482749-CS-INDV,"October 22, 2025",18602.49,Post
1881192,P165129,Integrated Project for Source Sustainability and Climate Resilient Rain-fed Agriculture in Himachal Pradesh,1881192,Works,India,"April 17, 2026",Saumya Srivastava,Request for Quotations,"IN-DPO, SOLAN-486541-CW-RFQ","August 7, 2025",15810.45,Post
1881194,P165129,Integrated Project for Source Sustainability and Climate Resilient Rain-fed Agriculture in Himachal Pradesh,1881194,Works,India,"April 17, 2026",Saumya Srivastava,Request for Quotations,"IN-DPO, SOLAN-486541-CW-RFQ","August 7, 2025",15814.47,Post
1881195,P169265,Harmonizing and Improving Statistics in West Africa,1881195,Goods,Ghana,"April 17, 2026",Aboudrahyme Savadogo,Request for Quotations,GH/GSS/HISWAP/GP/RFQ/FRO/038/22,"November 27, 2023",14940.2,Post
1881196,P165129,Integrated Project for Source Sustainability and Climate Resilient Rain-fed Agriculture in Himachal Pradesh,1881196,Works,India,"April 17, 2026",Saumya Srivastava,Request for Quotations,"IN-DPO, SOLAN-486541-CW-RFQ","August 7, 2025",15799.15,Post
1881197,P165129,Integrated Project for Source Sustainability and Climate Resilient Rain-fed Agriculture in Himachal Pradesh,1881197,Works,India,"April 17, 2026",Saumya Srivastava,Request for Quotations,"IN-DPO, SOLAN-486541-CW-RFQ","August 7, 2025",15808.84,Post
1881198,P165861,Bolivia Urban Resilience,1881198,Goods,Bolivia,"April 17, 2026",Rodrigo Donoso,Direct Selection,UODPRU-SD-GO-001,"March 18, 2026",3907.16,Post
1881199,P172479,Strengthen Ethiopia’s Adaptive Safety Net,1881199,Goods,Ethiopia,"April 17, 2026",Christabel E. Dadzie,Request for Quotations,ET-TIGRAY FSCO-483122-GO-RFQ,"January 24, 2025",4609.59,Post
1881201,P172479,Strengthen Ethiopia’s Adaptive Safety Net,1881201,Goods,Ethiopia,"April 17, 2026",Christabel E. Dadzie,Request for Quotations,ET-TIGRAY FSCO-483122-GO-RFQ,"January 24, 2025",4098.32,Post
1881203,P162833,Improving the Performance of Non-Criminal Justice Services,1881203,Consultant Services,Peru,"April 17, 2026",Ruben Leonel Ruano Chinchilla,Individual Consultant Selection,PE-PJ-504153-CS-INDV,"September 24, 2025",29066.39,Post
1881202,P169265,Harmonizing and Improving Statistics in West Africa,1881202,Goods,Ghana,"April 17, 2026",Aboudrahyme Savadogo,Request for Quotations,GH/GSS/HISWAP/GP/RFQ/FRO/038/22,"December 4, 2023",8116.81,Post
1881200,P180076,"Lowlands Livelihood Resilience Project, Phase Two (LLRP II)",1881200,Goods,Ethiopia,"April 17, 2026",Esayas Nigatu Gebremeskel,Request for Bids,ET-SWE-RPCU-455420-GO-RFB,"June 7, 2025",61059.95,Post
1881206,P180076,"Lowlands Livelihood Resilience Project, Phase Two (LLRP II)",1881206,Works,Ethiopia,"April 17, 2026",Esayas Nigatu Gebremeskel,Request for Bids,ET-SWE-RPCU-455578-CW-RFB,"May 21, 2025",96874.37,Post
1881204,P180076,"Lowlands Livelihood Resilience Project, Phase Two (LLRP II)",1881204,Works,Ethiopia,"April 17, 2026",Esayas Nigatu Gebremeskel,Request for Bids,ET-SWE-RPCU-455587-CW-RFB,"June 6, 2025",110140.3,Post
1881207,P172479,Strengthen Ethiopia’s Adaptive Safety Net,1881207,Goods,Ethiopia,"April 17, 2026",Christabel E. Dadzie,Request for Quotations,ET-TIGRAY FSCO-483122-GO-RFQ,"January 24, 2025",201.61,Post
1881205,P172479,Strengthen Ethiopia’s Adaptive Safety Net,1881205,Goods,Ethiopia,"April 17, 2026",Christabel E. Dadzie,Request for Quotations,ET-TIGRAY FSCO-483122-GO-RFQ,"January 24, 2025",1602.06,Post
1881208,P172479,Strengthen Ethiopia’s Adaptive Safety Net,1881208,Goods,Ethiopia,"April 17, 2026",Christabel E. Dadzie,Request for Quotations,ET-TIGRAY FSCO-483122-GO-RFQ,"January 24, 2025",3284.19,Post
1881209,P169265,Harmonizing and Improving Statistics in West Africa,1881209,Goods,Ghana,"April 17, 2026",Aboudrahyme Savadogo,Request for Quotations,GH/GSS/HISWAP/GP/RFQ/FRO/038/22,"November 21, 2023",28039.11,Post
1881210,P162833,Improving the Performance of Non-Criminal Justice Services,1881210,Consultant Services,Peru,"April 17, 2026",Ruben Leonel Ruano Chinchilla,Individual Consultant Selection,PE-PJ-504147-CS-INDV,"September 25, 2025",10463.9,Post
1881211,P169265,Harmonizing and Improving Statistics in West Africa,1881211,Goods,Ghana,"April 17, 2026",Aboudrahyme Savadogo,Request for Quotations,GH/GSS/HISWAP/GP/RFQ/FRO/038/22,"November 27, 2023",20466.82,Post
1881212,P162833,Improving the Performance of Non-Criminal Justice Services,1881212,Consultant Services,Peru,"April 17, 2026",Ruben Leonel Ruano Chinchilla,Individual Consultant Selection,PE-PJ-504148-CS-INDV,"October 31, 2025",31391.7,Post
1881213,P169265,Harmonizing and Improving Statistics in West Africa,1881213,Goods,Ghana,"April 17, 2026",Aboudrahyme Savadogo,Request for Quotations,GH/GSS/HISWAP/GP/RFQ/FRO/038/22,"November 27, 2023",23049.13,Post
1881214,P169265,Harmonizing and Improving Statistics in West Africa,1881214,Goods,Ghana,"April 17, 2026",Aboudrahyme Savadogo,Request for Quotations,GH/GSS/HISWAP/GP/RFQ/FRO/038/22,"November 27, 2023",17702.42,Post
1881215,P169265,Harmonizing and Improving Statistics in West Africa,1881215,Goods,Ghana,"April 17, 2026",Aboudrahyme Savadogo,Request for Quotations,GH/GSS/HISWAP/GP/RFQ/FRO/038/22,"December 4, 2023",21035.17,Post
1881216,P178530,Sindh Integrated Health and Population Project,1881216,Consultant Services,Pakistan,"April 17, 2026",Kazumi Inden,Consultant Qualification Selection,PK-SIHPP-476616-CS-CQS,"April 9, 2026",89535.64,Post
1881217,P162278,National Urban Cadaster and Municipal Support Project,1881217,Consultant Services,Peru,"April 17, 2026",Gabriel Sergio Arrisueno Fajardo,Individual Consultant Selection,CONTRATO N°005-2026-UE003/COFOPRI,"January 28, 2026",1976.51,Post
1881218,P171316,Growing Up and Learning Together: Comprehensive Early Childhood Development in El Salvador,1881218,Consultant Services,El Salvador,"April 17, 2026",Isy Faingold Vigil,Individual Consultant Selection,CI-77-2024-MINEDUCYT-BIRF-AME,"May 12, 2025",23956.0,Post
1881219,P171316,Growing Up and Learning Together: Comprehensive Early Childhood Development in El Salvador,1881219,Consultant Services,El Salvador,"April 17, 2026",Isy Faingold Vigil,Individual Consultant Selection,CI-54/2025-MINEDUCYT-BIRF,"January 12, 2026",18272.0,Post
1881222,P162278,National Urban Cadaster and Municipal Support Project,1881222,Consultant Services,Peru,"April 17, 2026",Gabriel Sergio Arrisueno Fajardo,Individual Consultant Selection,CONTRATO N°012-2026-UE003/COFOPRI,"February 18, 2026",18137.43,Post
1881221,P162278,National Urban Cadaster and Municipal Support Project,1881221,Consultant Services,Peru,"April 17, 2026",Gabriel Sergio Arrisueno Fajardo,Individual Consultant Selection,CONTRATO N°013-2026-UE003/COFOPRI,"February 19, 2026",14727.03,Post
1881223,P162833,Improving the Performance of Non-Criminal Justice Services,1881223,Consultant Services,Peru,"April 17, 2026",Ruben Leonel Ruano Chinchilla,Individual Consultant Selection,PE-PJ-482734-CS-INDV,"May 19, 2025",9194.67,Post
1881220,P162833,Improving the Performance of Non-Criminal Justice Services,1881220,Consultant Services,Peru,"April 17, 2026",Ruben Leonel Ruano Chinchilla,Individual Consultant Selection,PE-PJ-482581-CS-INDV,"May 16, 2025",42339.85,Post
1881225,P174177,Peru: Strengthening of the Public Health Emergency Preparedness and Response,1881225,Consultant Services,Peru,"April 17, 2026",Gabriel Aguirre Martens,Individual Consultant Selection,PE-INS-516896-CS-INDV,"October 31, 2025",10463.9,Post
1881226,P178878,Social Protection Modernization and Economic Inclusion Project,1881226,Goods,Tajikistan,"April 18, 2026",Anna Sukhova,Request for Quotations,MLME-SPMEI/RFQ/2026-12,"March 5, 2026",150291.62,Post
1881227,P177627,Barwaaqo - Somalia Water for Rural Resilience Project,1881227,Works,"Somalia, Federal Republic of","April 18, 2026",Raghava Neti,Request for Quotations,SO-MOPIC - PL-528891-CW-RFQ,"February 14, 2026",169723.29,Post
1881230,P165129,Integrated Project for Source Sustainability and Climate Resilient Rain-fed Agriculture in Himachal Pradesh,1881230,Works,India,"April 18, 2026",Saumya Srivastava,Request for Quotations,"IN-DPO, NAHAN-491607-CW-RFQ","December 15, 2025",2176.08,Post
1881229,P165129,Integrated Project for Source Sustainability and Climate Resilient Rain-fed Agriculture in Himachal Pradesh,1881229,Works,India,"April 18, 2026",Saumya Srivastava,Request for Quotations,"IN-DPO, NAHAN-491607-CW-RFQ","December 12, 2025",2175.6,Post
1881231,P165129,Integrated Project for Source Sustainability and Climate Resilient Rain-fed Agriculture in Himachal Pradesh,1881231,Works,India,"April 18, 2026",Saumya Srivastava,Request for Quotations,"IN-DPO, NAHAN-491607-CW-RFQ","December 11, 2025",2176.55,Post
1881232,P165129,Integrated Project for Source Sustainability and Climate Resilient Rain-fed Agriculture in Himachal Pradesh,1881232,Works,India,"April 18, 2026",Saumya Srivastava,Request for Quotations,"IN-DPO, NAHAN-491607-CW-RFQ","December 15, 2025",397.73,Post
1881234,P180076,"Lowlands Livelihood Resilience Project, Phase Two (LLRP II)",1881234,Goods,Ethiopia,"April 18, 2026",Esayas Nigatu Gebremeskel,Request for Quotations,ET-GAM-RPCU-520918-GO-RFQ,"February 13, 2026",632.15,Post
1881235,P176459,Mozambique Digital Acceleration Project,1881235,Goods,Mozambique,"April 18, 2026",Anne-Elisabeth Sarah Victoire Emmanuel Costafrolaz,Request for Bids,130/MDAP/MEC/G-RFB/25,"February 27, 2026",112255.35,Post
1881233,P180076,"Lowlands Livelihood Resilience Project, Phase Two (LLRP II)",1881233,Goods,Ethiopia,"April 18, 2026",Esayas Nigatu Gebremeskel,Request for Quotations,ET-GAM-RPCU-520918-GO-RFQ,"February 3, 2026",13190.89,Post
1881236,P176459,Mozambique Digital Acceleration Project,1881236,Goods,Mozambique,"April 18, 2026",Anne-Elisabeth Sarah Victoire Emmanuel Costafrolaz,Request for Bids,130/MDAP/MEC/G-RFB/25,"March 19, 2026",103255.34,Post
1881237,P506569,Transforming Access and Learning in Madagascar,1881237,Goods,Madagascar,"April 18, 2026",Almedina Music,Request for Bids,MG-TALIM-UFP-URGENCE-543700-GO-RFB,"April 10, 2026",1824359.45,Post
1881239,P176459,Mozambique Digital Acceleration Project,1881239,Works,Mozambique,"April 18, 2026",Anne-Elisabeth Sarah Victoire Emmanuel Costafrolaz,Request for Bids,108/MDAP/CITT/RFQ/24,"April 1, 2026",276080.93,Post
1881238,P176459,Mozambique Digital Acceleration Project,1881238,Goods,Mozambique,"April 18, 2026",Anne-Elisabeth Sarah Victoire Emmanuel Costafrolaz,Request for Bids,130/MDAP/MEC/G-RFB/25,"February 27, 2026",91497.19,Post
1881241,P176459,Mozambique Digital Acceleration Project,1881241,Goods,Mozambique,"April 18, 2026",Anne-Elisabeth Sarah Victoire Emmanuel Costafrolaz,Request for Bids,87/MDAP/ADE/RFB-G/24,"October 15, 2025",1362678.9,Post
1881243,P169943,Urban Productive Safety Net and Jobs Project,1881243,Goods,Ethiopia,"April 18, 2026",Ayuba Sani Hussein,Request for Quotations,ET-AMHARA-FINOTE SELAM-514612-GO-RFQ,"February 16, 2026",2875.86,Post
1881242,P180085,Harmonizing and Improving Statistics in West and Central Africa - Series of Projects Two (HISWACA - SOP 2),1881242,Consultant Services,Gabon,"April 18, 2026",Mervy Ever Viboudoulou Vilpoux,Individual Consultant Selection,GA-CN TIPPEE-425019-CS-INDV,"April 30, 2025",75518.52,Post
1881240,P180085,Harmonizing and Improving Statistics in West and Central Africa - Series of Projects Two (HISWACA - SOP 2),1881240,Consultant Services,Tunisia,"April 18, 2026",Mervy Ever Viboudoulou Vilpoux,Individual Consultant Selection,GA-CN TIPPEE-424264-CS-INDV,"October 8, 2024",214328.74,Post
1881244,P169943,Urban Productive Safety Net and Jobs Project,1881244,Goods,Ethiopia,"April 18, 2026",Ayuba Sani Hussein,Request for Quotations,ET-AMHARA-FINOTE SELAM-514612-GO-RFQ,"February 16, 2026",8615.22,Post
1881246,P169943,Urban Productive Safety Net and Jobs Project,1881246,Goods,Ethiopia,"April 18, 2026",Ayuba Sani Hussein,Request for Quotations,ET-AMHARA-FINOTE SELAM-514611-GO-RFQ,"February 6, 2026",2484.88,Post
1881245,P169943,Urban Productive Safety Net and Jobs Project,1881245,Goods,Ethiopia,"April 18, 2026",Ayuba Sani Hussein,Request for Quotations,ET-AMHARA-FINOTE SELAM-514611-GO-RFQ,"February 6, 2026",11519.22,Post
1881247,P167945,Burkina Faso Agriculture Resilience and Competitiveness Project,1881247,Consultant Services,Burkina Faso,"April 18, 2026",Idriss Serme,Consultant Qualification Selection,BF-PRECA-305511-CS-CQS,"April 16, 2024",136537.48,Post
1881248,P167945,Burkina Faso Agriculture Resilience and Competitiveness Project,1881248,Consultant Services,Burkina Faso,"April 18, 2026",Idriss Serme,Consultant Qualification Selection,BF-PRECA-305511-CS-CQS,"April 16, 2024",78384.62,Post
1881250,P177298,Somalia Enhancing Public Resource Management Project,1881250,Consultant Services,Kenya,"April 18, 2026",May Olalia,Consultant Qualification Selection,SO-MOF-511602-CS-CQS,"April 7, 2026",291201.7,Post
1881249,P165129,Integrated Project for Source Sustainability and Climate Resilient Rain-fed Agriculture in Himachal Pradesh,1881249,Works,India,"April 18, 2026",Saumya Srivastava,Request for Quotations,"IN-DPO, NAHAN-491607-CW-RFQ","March 6, 2026",397.94,Post
1881251,P507207,Burundi Water Supply and Sanitation Access Project,1881251,Consultant Services,Burundi,"April 18, 2026",Susanna Smets,Individual Consultant Selection,BI-MINEAGRIE-BCCR PIU-508341-CS-INDV,"March 30, 2026",206097.98,Post
1881252,P167794,"One WASH—Consolidated Water Supply, Sanitation, and Hygiene Account Project (One WASH—CWA)",1881252,Consultant Services,Ethiopia,"April 18, 2026",Taibou Adamou Maiga,Individual Consultant Selection,ET-MOWE-394825-CS-INDV,"March 20, 2025",16549.97,Post
1881254,P167794,"One WASH—Consolidated Water Supply, Sanitation, and Hygiene Account Project (One WASH—CWA)",1881254,Consultant Services,Ethiopia,"April 18, 2026",Taibou Adamou Maiga,Individual Consultant Selection,ET-MOWE-394825-CS-INDV,"May 8, 2025",16549.97,Post
1881253,P167794,"One WASH—Consolidated Water Supply, Sanitation, and Hygiene Account Project (One WASH—CWA)",1881253,Consultant Services,Ethiopia,"April 18, 2026",Taibou Adamou Maiga,Individual Consultant Selection,ET-MOWE-394825-CS-INDV,"March 20, 2025",3047867.32,Post
1881255,P167794,"One WASH—Consolidated Water Supply, Sanitation, and Hygiene Account Project (One WASH—CWA)",1881255,Consultant Services,Ethiopia,"April 18, 2026",Taibou Adamou Maiga,Individual Consultant Selection,ET-MOWE-394825-CS-INDV,"May 8, 2025",16549.97,Post
1881256,P167794,"One WASH—Consolidated Water Supply, Sanitation, and Hygiene Account Project (One WASH—CWA)",1881256,Consultant Services,Ethiopia,"April 18, 2026",Taibou Adamou Maiga,Individual Consultant Selection,ET-MOWE-394825-CS-INDV,"May 8, 2025",16549.97,Post
1881257,P165129,Integrated Project for Source Sustainability and Climate Resilient Rain-fed Agriculture in Himachal Pradesh,1881257,Works,India,"April 18, 2026",Saumya Srivastava,Request for Quotations,"IN-DPO, NAHAN-491594-CW-RFQ","December 7, 2025",5311.27,Post
1881258,P165129,Integrated Project for Source Sustainability and Climate Resilient Rain-fed Agriculture in Himachal Pradesh,1881258,Works,India,"April 18, 2026",Saumya Srivastava,Request for Quotations,"IN-DPO, NAHAN-491594-CW-RFQ","October 16, 2025",722.27,Post
1881259,P169332,Decentralization and Productive Intermediate Cities Support Project,1881259,Consultant Services,Mauritania,"April 18, 2026",Emilie Jourdan,Direct Selection,MR-PNIDDLE-224686-CS-CDS,"January 7, 2021",37480.34,Post
1881262,P178389,Water Supply and Sanitation Access Program (PASEA) Project,1881262,Non-consulting Services,"Congo, Democratic Republic of","April 18, 2026",Patrick Goy Ndolo,Request for Quotations,ZR-UPEP - KWILU-457488-NC-RFQ,"August 1, 2025",9000.0,Post
1881260,P165129,Integrated Project for Source Sustainability and Climate Resilient Rain-fed Agriculture in Himachal Pradesh,1881260,Works,India,"April 18, 2026",Saumya Srivastava,Request for Quotations,"IN-DPO, NAHAN-491594-CW-RFQ","October 14, 2025",2958.4,Post
1881263,P179935,Enhancing Landscape and Ecosystem Management (ELEMENT) Project,1881263,Works,India,"April 18, 2026",Drita Dade,Request for Quotations,IN-SESO-386973-CW-RFQ,"November 10, 2025",49915.38,Post
1881261,P165129,Integrated Project for Source Sustainability and Climate Resilient Rain-fed Agriculture in Himachal Pradesh,1881261,Works,India,"April 18, 2026",Saumya Srivastava,Request for Quotations,"IN-DPO, NAHAN-491594-CW-RFQ","October 16, 2025",725.88,Post
1881265,P167794,"One WASH—Consolidated Water Supply, Sanitation, and Hygiene Account Project (One WASH—CWA)",1881265,Consultant Services,Ethiopia,"April 18, 2026",Taibou Adamou Maiga,Individual Consultant Selection,ET-MOWE-527740-CS-INDV,"January 1, 2026",15408.15,Post
1881264,P178389,Water Supply and Sanitation Access Program (PASEA) Project,1881264,Goods,"Congo, Democratic Republic of","April 18, 2026",Patrick Goy Ndolo,Request for Quotations,ZR-UPEP - KWILU-526316-GO-RFQ,"March 5, 2026",194880.0,Post
1881267,P176459,Mozambique Digital Acceleration Project,1881267,Works,Mozambique,"April 18, 2026",Anne-Elisabeth Sarah Victoire Emmanuel Costafrolaz,Request for Bids,108/MDAP/CITT/RFQ/24,"March 31, 2026",293276.26,Post
1881266,P178041,Monitoring and Evaluation Capacity Building in Pakistan and Central Asia,1881266,Consultant Services,Pakistan,"April 18, 2026",Ketevan Nozadze,Individual Consultant Selection,PK-CERP-460616-CS-INDV,"December 6, 2024",179.32,Post
1881268,P167945,Burkina Faso Agriculture Resilience and Competitiveness Project,1881268,Works,Burkina Faso,"April 18, 2026",Idriss Serme,Request for Bids,BF-PRECA-268530-CW-RFB,"June 14, 2023",229215.0,Post
1881269,P178041,Monitoring and Evaluation Capacity Building in Pakistan and Central Asia,1881269,Consultant Services,Pakistan,"April 18, 2026",Ketevan Nozadze,Individual Consultant Selection,PK-CERP-460609-CS-INDV,"December 6, 2024",179.32,Post
1881270,P167945,Burkina Faso Agriculture Resilience and Competitiveness Project,1881270,Works,Burkina Faso,"April 18, 2026",Idriss Serme,Request for Bids,BF-PRECA-268530-CW-RFB,"May 26, 2023",61411.17,Post
1881271,P162916,Mauritania Youth Employability Project,1881271,Non-consulting Services,Mauritania,"April 18, 2026",Friederike Uta Rother,Request for Quotations,136/2024/PEJ-RIM,"December 8, 2025",35276.37,Post
1881272,P167945,Burkina Faso Agriculture Resilience and Competitiveness Project,1881272,Non-consulting Services,Burkina Faso,"April 18, 2026",Idriss Serme,Request for Quotations,BF-PRECA-268533-NC-RFQ,"February 25, 2021",28912.69,Post
1881274,P167945,Burkina Faso Agriculture Resilience and Competitiveness Project,1881274,Non-consulting Services,Burkina Faso,"April 18, 2026",Idriss Serme,Request for Quotations,BF-PRECA-334105-NC-RFQ,"March 28, 2023",22162.84,Post
1881273,P171316,Growing Up and Learning Together: Comprehensive Early Childhood Development in El Salvador,1881273,Goods,El Salvador,"April 18, 2026",Isy Faingold Vigil,Request for Bids,SDO-38/2025-MINEDUCYT-BIRF,"November 4, 2025",168926.14,Post
1881275,P167156,Nigeria: Improved Child Survival Program for Human Capital MPA,1881275,Goods,World,"April 18, 2026",Onoriode Ezire,Request for Quotations,NG-YOBE IMPACT-372865-GO-RFQ,"August 9, 2023",23813.23,Post
1881276,P167156,Nigeria: Improved Child Survival Program for Human Capital MPA,1881276,Consultant Services,Nigeria,"April 18, 2026",Onoriode Ezire,Individual Consultant Selection,NG-YOBE IMPACT-439557-CS-INDV,"August 2, 2024",16635.65,Post
1881279,P171316,Growing Up and Learning Together: Comprehensive Early Childhood Development in El Salvador,1881279,Consultant Services,El Salvador,"April 18, 2026",Isy Faingold Vigil,Individual Consultant Selection,CI-12/2025-MINEDUCYT-BIRF,"March 31, 2025",30000.0,Post
1881277,P160865,Livestock Productivity and Resilience Support Project,1881277,Works,Nigeria,"April 18, 2026",Manievel Sene,Request for Quotations,NG-KADUNA L-PRES-449921-CW-RFQ,"October 3, 2024",53314.25,Post
1881278,P160865,Livestock Productivity and Resilience Support Project,1881278,Works,Nigeria,"April 18, 2026",Manievel Sene,Request for Quotations,NG-KADUNA L-PRES-449921-CW-RFQ,"October 3, 2024",129479.87,Post
1881280,P180076,"Lowlands Livelihood Resilience Project, Phase Two (LLRP II)",1881280,Works,Ethiopia,"April 18, 2026",Esayas Nigatu Gebremeskel,Request for Bids,ET-SWE-RPCU-466668-CW-RFB,"March 23, 2025",814903.17,Post
1881281,P167794,"One WASH—Consolidated Water Supply, Sanitation, and Hygiene Account Project (One WASH—CWA)",1881281,Works,Ethiopia,"April 18, 2026",Taibou Adamou Maiga,Request for Quotations,ET-OROMIA WERDB-536853-CW-RFQ,"March 26, 2026",31322.99,Post
1881282,P176789,Productive Social Safety Nets and Youth Employment,1881282,Goods,Sierra Leone,"April 18, 2026",Asha M. Williams,Request for Quotations,SL-NACSA-470150-GO-RFQ,"January 22, 2026",24750.0,Post
1881283,P176789,Productive Social Safety Nets and Youth Employment,1881283,Non-consulting Services,Sierra Leone,"April 18, 2026",Asha M. Williams,Request for Quotations,SL-NACSA-336922-GO-RFQ,"April 2, 2026",57931.03,Post
1881285,P163476,Lebanon Health Resilience Project,1881285,Goods,Lebanon,"April 18, 2026",Marvin Ploetz,Request for Bids,LB-MOPH-493175-GO-RFB,"October 1, 2025",1328500.0,Prior
1881284,P160865,Livestock Productivity and Resilience Support Project,1881284,Goods,Nigeria,"April 18, 2026",Manievel Sene,Request for Quotations,NG-KADUNA L-PRES-487431-GO-RFQ,"August 20, 2025",44035.83,Post
1881291,P172479,Strengthen Ethiopia’s Adaptive Safety Net,1881291,Goods,Ethiopia,"April 19, 2026",Christabel E. Dadzie,Request for Quotations,ET-CENTRAL ETH FSCD-482416-GO-RFQ,"April 11, 2024",5615.41,Post
1881292,P172479,Strengthen Ethiopia’s Adaptive Safety Net,1881292,Goods,Ethiopia,"April 19, 2026",Christabel E. Dadzie,Request for Quotations,ET-CENTRAL ETH FSCD-482416-GO-RFQ,"April 17, 2025",3952.49,Post
1881293,P172479,Strengthen Ethiopia’s Adaptive Safety Net,1881293,Non-consulting Services,Ethiopia,"April 19, 2026",Christabel E. Dadzie,Request for Quotations,ET-CENTRAL ETH FSCD-482424-NC-RFQ,"May 8, 2025",10759.45,Post
1881295,P174085,Recovery and Advancement of Informal Sector Employment,1881295,Consultant Services,Bangladesh,"April 19, 2026",Aneeka Rahman,Individual Consultant Selection,SI-04 (A),"April 16, 2026",23424.16,Post
1881294,P172479,Strengthen Ethiopia’s Adaptive Safety Net,1881294,Goods,Ethiopia,"April 19, 2026",Christabel E. Dadzie,Request for Quotations,ET-CENTRAL ETH FSCD-482366-GO-RFQ,"April 23, 2025",1997.96,Post
1881296,P508729,West Bank and Gaza Social Recovery and Job Creation Project,1881296,Consultant Services,West Bank and Gaza,"April 19, 2026",Andrew James Roberts,Individual Consultant Selection,GZ-MOPIC-526707-CS-CDS,"March 17, 2026",21000.0,Post
1881297,P180076,"Lowlands Livelihood Resilience Project, Phase Two (LLRP II)",1881297,Goods,Ethiopia,"April 19, 2026",Esayas Nigatu Gebremeskel,Request for Quotations,ET-GAM-RPCU-527143-GO-RFQ,"February 27, 2026",40632.6,Post
1881299,P170688,Bangladesh Private Investment & Digital Entrepreneurship Project,1881299,Goods,Bangladesh,"April 19, 2026",Hosna Ferdous Sumi,Request for Quotations,CCU-G-1,"May 29, 2025",1464.01,Post
1881298,P177627,Barwaaqo - Somalia Water for Rural Resilience Project,1881298,Goods,"Somalia, Federal Republic of","April 19, 2026",Raghava Neti,Request for Quotations,SO-MOPIC - PL-537405-GO-RFQ,"April 1, 2026",59925.12,Post
1881301,P172479,Strengthen Ethiopia’s Adaptive Safety Net,1881301,Goods,Ethiopia,"April 19, 2026",Christabel E. Dadzie,Request for Quotations,ET-TIGRAY FSCO-483152-GO-RFQ,"June 16, 2025",2315.38,Post
1881302,P172479,Strengthen Ethiopia’s Adaptive Safety Net,1881302,Goods,Ethiopia,"April 19, 2026",Christabel E. Dadzie,Request for Quotations,ET-TIGRAY FSCO-483152-GO-RFQ,"June 16, 2025",2988.44,Post
1881303,P170688,Bangladesh Private Investment & Digital Entrepreneurship Project,1881303,Consultant Services,Bangladesh,"April 19, 2026",Hosna Ferdous Sumi,Individual Consultant Selection,IC9A-NSEZ-BEZA,"March 16, 2026",46735.88,Prior
1881300,P170688,Bangladesh Private Investment & Digital Entrepreneurship Project,1881300,Goods,Bangladesh,"April 19, 2026",Hosna Ferdous Sumi,Request for Quotations,CCU-G-3,"May 29, 2025",699.47,Post
1881304,P172479,Strengthen Ethiopia’s Adaptive Safety Net,1881304,Goods,Ethiopia,"April 19, 2026",Christabel E. Dadzie,Request for Quotations,ET-TIGRAY FSCO-483149-GO-RFQ,"January 3, 2025",8396.29,Post
1881306,P172479,Strengthen Ethiopia’s Adaptive Safety Net,1881306,Goods,Ethiopia,"April 19, 2026",Christabel E. Dadzie,Request for Quotations,ET-TIGRAY FSCO-483149-GO-RFQ,"March 10, 2025",4691.54,Post
1881305,P172479,Strengthen Ethiopia’s Adaptive Safety Net,1881305,Goods,Ethiopia,"April 19, 2026",Christabel E. Dadzie,Request for Quotations,ET-TIGRAY FSCO-483149-GO-RFQ,"March 10, 2025",2342.49,Post
1881307,P180076,"Lowlands Livelihood Resilience Project, Phase Two (LLRP II)",1881307,Works,Ethiopia,"April 19, 2026",Esayas Nigatu Gebremeskel,Request for Quotations,ET-GAM-RPCU-537555-CW-RFQ,"April 6, 2026",63817.1,Post
1881308,P173019,Bangladesh Road Safety Project,1881308,Non-consulting Services,Bangladesh,"April 19, 2026",Cheick Omar Tidiane Diallo,Request for Bids,SP(DGH)-03A,"March 12, 2026",6350364.38,Prior
1881311,P165228,Smallholder Agriculture Development Project - II,1881311,Goods,Lesotho,"April 19, 2026",Daniel P. Gerber,Request for Bids,LS-MAFS-508817-GO-RFB,"February 2, 2026",59807.52,Post
1881310,P176924,The Gambia Public Administration Modernization for Citizen Centric Service Delivery,1881310,Consultant Services,Togo,"April 19, 2026",Yousif Mubarak Elmahdi,Individual Consultant Selection,GM-CPCU - MOFEA-512799-CS-INDV,"March 17, 2026",60416.0,Post
1881309,P160865,Livestock Productivity and Resilience Support Project,1881309,Works,Nigeria,"April 19, 2026",Manievel Sene,Request for Quotations,NG-ADAMAWA L-PRES-544773-CW-RFQ,"April 17, 2026",116114.63,Post
1881312,P176181,Eastern Africa Regional Digital Integration Project,1881312,Goods,"Somalia, Federal Republic of","April 19, 2026",Naomi J. Halewood,Request for Quotations,SO-MOCT-FGS-536516-GO-RFQ,"March 14, 2026",147268.0,Prior
1881313,P181308,Regional Climate Resilience Program for Eastern and Southern Africa 2 Project (RCRP2),1881313,Non-consulting Services,Malawi,"April 19, 2026",Arati Belle,Request for Quotations,MW-NLGFC-534029-NC-RFQ,"April 9, 2026",2844.53,Post
1881314,P173088,Somali Electricity Sector Recovery Project,1881314,Consultant Services,"Somalia, Federal Republic of","April 19, 2026",Paul Baringanire,Individual Consultant Selection,SO-MOEWR-441218-CS-INDV,"December 30, 2024",60000.0,Post
1881315,P173088,Somali Electricity Sector Recovery Project,1881315,Consultant Services,"Somalia, Federal Republic of","April 19, 2026",Paul Baringanire,Individual Consultant Selection,SO-MOEWR-441220-CS-INDV,"February 27, 2025",30000.0,Post
1881316,P173088,Somali Electricity Sector Recovery Project,1881316,Consultant Services,"Somalia, Federal Republic of","April 19, 2026",Paul Baringanire,Individual Consultant Selection,SO-MOEWR-441216-CS-INDV,"March 1, 2025",30000.0,Post
1881317,P178237,Pacific Islands Regional Oceanscape Program - Second Phase for Economic Resilience: Federated States of Micronesia (FSM PROPER),1881317,Consultant Services,"Micronesia, Federated States of","April 19, 2026",Aimee Terese Hall,Individual Consultant Selection,FM-NORMA-457827-CS-INDV,"March 23, 2026",43223.44,Post
1881318,P167794,"One WASH—Consolidated Water Supply, Sanitation, and Hygiene Account Project (One WASH—CWA)",1881318,Consultant Services,Ethiopia,"April 19, 2026",Taibou Adamou Maiga,Direct Selection,ET-MOWE-479106-CS-CDS,"May 12, 2025",124387.78,Post
1881319,P167794,"One WASH—Consolidated Water Supply, Sanitation, and Hygiene Account Project (One WASH—CWA)",1881319,Consultant Services,Ethiopia,"April 19, 2026",Taibou Adamou Maiga,Direct Selection,ET-MOWE-479106-CS-CDS,"May 12, 2025",125167.3,Post
1881323,P176459,Mozambique Digital Acceleration Project,1881323,Non-consulting Services,Mozambique,"April 19, 2026",Anne-Elisabeth Sarah Victoire Emmanuel Costafrolaz,Request for Bids,110/NCS/INAGE-MDAP/24,"March 19, 2026",2947104.32,Prior
1881321,P163108,Iraq Social Fund for Development,1881321,Works,Iraq,"April 19, 2026",Khalid Ahmed Ali Moheyddeen,Request for Bids,DHK.01-4,"December 24, 2019",664258.5,Post
1881322,P176459,Mozambique Digital Acceleration Project,1881322,Non-consulting Services,Mozambique,"April 19, 2026",Anne-Elisabeth Sarah Victoire Emmanuel Costafrolaz,Request for Bids,110/NCS/INAGE-MDAP/24,"March 19, 2026",2976627.96,Prior
1881320,P167794,"One WASH—Consolidated Water Supply, Sanitation, and Hygiene Account Project (One WASH—CWA)",1881320,Consultant Services,Ethiopia,"April 19, 2026",Taibou Adamou Maiga,Direct Selection,ET-MOWE-479106-CS-CDS,"May 12, 2025",125167.3,Post
1881324,P176459,Mozambique Digital Acceleration Project,1881324,Non-consulting Services,Mozambique,"April 19, 2026",Anne-Elisabeth Sarah Victoire Emmanuel Costafrolaz,Request for Bids,110/NCS/INAGE-MDAP/24,"March 19, 2026",526500.93,Prior
1881325,P178566,Food Systems Resilience Program for Eastern and Southern Africa,1881325,Works,Ethiopia,"April 19, 2026",Hanane Ahmed,Request for Quotations,ET-OROMIA ROBE WOR-FSRP-516495-CW-RFQ/25,"February 25, 2026",21824.19,Post
1881327,P178566,Food Systems Resilience Program for Eastern and Southern Africa,1881327,Works,Ethiopia,"April 19, 2026",Hanane Ahmed,Request for Quotations,ET-OROMIA ROBE WOR-FSRP-516495-CW-RFQ/25,"February 24, 2026",43452.35,Post
1881326,P176459,Mozambique Digital Acceleration Project,1881326,Non-consulting Services,Mozambique,"April 19, 2026",Anne-Elisabeth Sarah Victoire Emmanuel Costafrolaz,Request for Bids,110/NCS/INAGE-MDAP/24,"March 10, 2026",785104.07,Prior
1881328,P179829,Promoting Job Opportunities and Skills Development in El Salvador,1881328,Consultant Services,El Salvador,"April 19, 2026",Nancy Rocio Banegas Raudales,Individual Consultant Selection,1.1.7-MINEC-22/2025-CS-INDV,"March 2, 2026",18000.0,Post
1881329,P162594,Multipurpose Cadaster Project,1881329,Non-consulting Services,Colombia,"April 19, 2026",Ivonne Astrid Moreno Horta,Direct Selection,CO-ANT-391557-NC-DIR,"December 22, 2023",270972.43,Post
1881330,P172479,Strengthen Ethiopia’s Adaptive Safety Net,1881330,Goods,Ethiopia,"April 19, 2026",Christabel E. Dadzie,Request for Quotations,ET-SOMALI GBLLWOFED-479998-GO-RFQ,"April 24, 2025",9008.1,Post
1881331,P167382,Vanuatu Climate Resilient Transport Project,1881331,Consultant Services,New Zealand,"April 19, 2026",Bowen Wang,Individual Consultant Selection,VU-MIPU-516884-CS-INDV,"April 19, 2026",91500.0,Post
1881332,P172479,Strengthen Ethiopia’s Adaptive Safety Net,1881332,Goods,Ethiopia,"April 19, 2026",Christabel E. Dadzie,Request for Quotations,ET-SOMALI GBLLWOFED-480001-GO-RFQ,"April 28, 2025",9016.16,Post
1881333,P172479,Strengthen Ethiopia’s Adaptive Safety Net,1881333,Works,Ethiopia,"April 20, 2026",Christabel E. Dadzie,Request for Quotations,ET-SOMALI GBLLWOFED-480004-CW-RFQ,"May 14, 2025",30741.28,Post
1881334,P500727,Inclusive Services and Opportunities for Host Communities and Displaced Rohingya Population,1881334,Consultant Services,Bangladesh,"April 20, 2026",Shrayana Bhattacharya,Consultant Qualification Selection,MOWCA/CS-06,"March 10, 2026",45511.61,Post
1881335,P173368,Cambodia Health Equity and Quality Improvement Project - Phase 2,1881335,Goods,Cambodia,"April 20, 2026",Rianna L. Mohammed,Request for Quotations,H-EQIP-II-GO-RFQ-18,"December 30, 2025",17985.0,Post
1881336,P172479,Strengthen Ethiopia’s Adaptive Safety Net,1881336,Goods,Ethiopia,"April 20, 2026",Christabel E. Dadzie,Request for Quotations,ET-SOMALI DHNNWOFED-479705-GO-RFQ,"May 20, 2025",26895.42,Post
1881339,P172399,Support to Parcelization of Lands for Individual Titling (SPLIT) Project,1881339,Goods,Philippines,"April 20, 2026",Kathrine M. Kelm,Request for Bids,SPLIT-REF-067,"March 16, 2026",149600.83,Prior
1881338,P172479,Strengthen Ethiopia’s Adaptive Safety Net,1881338,Goods,Ethiopia,"April 20, 2026",Christabel E. Dadzie,Request for Quotations,ET-SOMALI DHNNWOFED-479713-GO-RFQ,"May 20, 2025",15882.99,Post
1881337,P173368,Cambodia Health Equity and Quality Improvement Project - Phase 2,1881337,Goods,Cambodia,"April 20, 2026",Rianna L. Mohammed,Request for Quotations,H-EQIP-II-GO-RFQ-21,"December 30, 2025",11952.0,Post
1881342,P175170,Tuvalu Health System Strengthening Project,1881342,Consultant Services,Tuvalu,"April 20, 2026",Margareta Norris Harrit,Individual Consultant Selection,TV-TV-MOH-523046-CS-INDV,"April 13, 2026",30677.54,Post
1881340,P172399,Support to Parcelization of Lands for Individual Titling (SPLIT) Project,1881340,Goods,Philippines,"April 20, 2026",Kathrine M. Kelm,Request for Bids,SPLIT-REF-067,"March 16, 2026",465717.94,Prior
1881343,P178878,Social Protection Modernization and Economic Inclusion Project,1881343,Goods,Tajikistan,"April 20, 2026",Anna Sukhova,Direct Selection,MLME-SPMEI/DC/2026-05/1,"February 6, 2026",33393.43,Post
1881341,P172399,Support to Parcelization of Lands for Individual Titling (SPLIT) Project,1881341,Goods,Philippines,"April 20, 2026",Kathrine M. Kelm,Request for Bids,SPLIT-REF-067,"March 16, 2026",228731.67,Prior
1881344,P172399,Support to Parcelization of Lands for Individual Titling (SPLIT) Project,1881344,Goods,Philippines,"April 20, 2026",Kathrine M. Kelm,Request for Bids,SPLIT-REF-067,"March 16, 2026",463853.26,Prior
1881345,P508550,Pacific Healthy Islands Transformation Project,1881345,Consultant Services,Kiribati,"April 20, 2026",Margareta Norris Harrit,Individual Consultant Selection,KI- KIR-MHMS-527248-CS-INDV,"April 10, 2026",29401.04,Post
1881346,P172399,Support to Parcelization of Lands for Individual Titling (SPLIT) Project,1881346,Goods,Philippines,"April 20, 2026",Kathrine M. Kelm,Request for Bids,SPLIT-REF-067,"March 16, 2026",332242.55,Prior
1881347,P164901,"Scaling-Up Water Supply, Sanitation and Hygiene Project",1881347,Goods,Lao People's Democratic Republic,"April 20, 2026",Viengsompasong Inthavong,Request for Quotations,C3/G/01,"March 18, 2026",8606.35,Post
1881349,P172399,Support to Parcelization of Lands for Individual Titling (SPLIT) Project,1881349,Goods,Philippines,"April 20, 2026",Kathrine M. Kelm,Request for Bids,SPLIT-REF-067,"March 16, 2026",401660.75,Prior
1881350,P163562,Khyber Pakhtunkhwa Integrated Tourism Development Project,1881350,Goods,Pakistan,"April 20, 2026",Kiran Afzal,Request for Quotations,PK-KP DOT-124932-GO-RFQ,"July 10, 2020",12677.84,Post
1881351,P173450,Strengthening the Statistical System of Uzbekistan,1881351,Goods,Uzbekistan,"April 20, 2026",Obert Pimhidzai,Request for Quotations,SSS/C3.1/RFQ/55,"December 15, 2025",157088.34,Post
1881352,P172399,Support to Parcelization of Lands for Individual Titling (SPLIT) Project,1881352,Goods,Philippines,"April 20, 2026",Kathrine M. Kelm,Request for Bids,SPLIT-REF-067,"March 16, 2026",398916.36,Prior
1881353,P166187,Competitiveness and Sector Diversification,1881353,Non-consulting Services,Suriname,"April 20, 2026",Ifeyinwa Uchenna Nwando Bonheur,Direct Selection,SR-MNR-539707-NC-DIR,"April 15, 2026",11000.0,Post
1881354,P177646,Comoros Solar Energy Access Project,1881354,Goods,Comoros,"April 20, 2026",Komenan Koffi,Request for Quotations,KM-AEP SONELEC-464293-GO-RFQ,"March 21, 2025",49314.79,Post
1881355,P179311,Water Emergency Relief Project,1881355,Goods,Afghanistan,"April 20, 2026",Tesfaye Bekalu Wondem,Request for Bids,DACAAR- WERP-KBL-G-14,"October 1, 2025",447649.08,Post
1881356,P163742,Climate Smart Irrigated Agriculture Project,1881356,Works,Sri Lanka,"April 20, 2026",Sheu Salau,Request for Bids,LK-MOA-471330-CW-RFB-EP,"April 23, 2025",43241.55,Post
1881357,P161534,Climate-Smart Agriculture and Water Management Project,1881357,Works,Bangladesh,"April 20, 2026",Samina Yasmin,Request for Bids,CSAWMP/DOF/WD-02/01,"April 9, 2025",36419.27,Post
1881358,P163399,East Africa Skills for Transformation and Regional Integration Project (EASTRIP),1881358,Goods,Ethiopia,"April 20, 2026",Nobuyuki Tanaka,Request for Quotations,ET-ET HAWASSA-531365-GO-RFQ,"March 10, 2026",72530.2,Post
1881359,P177646,Comoros Solar Energy Access Project,1881359,Goods,Comoros,"April 20, 2026",Komenan Koffi,Request for Quotations,KM-AEP SONELEC-464293-GO-RFQ,"March 21, 2025",12482.52,Post
1881362,P172399,Support to Parcelization of Lands for Individual Titling (SPLIT) Project,1881362,Goods,Philippines,"April 20, 2026",Kathrine M. Kelm,Request for Bids,SPLIT-REF-067,"March 16, 2026",418670.35,Prior
1881361,P177646,Comoros Solar Energy Access Project,1881361,Goods,Comoros,"April 20, 2026",Komenan Koffi,Request for Quotations,KM-AEP SONELEC-464293-GO-RFQ,"April 16, 2026",19035.46,Post
1881360,P165129,Integrated Project for Source Sustainability and Climate Resilient Rain-fed Agriculture in Himachal Pradesh,1881360,Works,India,"April 20, 2026",Saumya Srivastava,Request for Quotations,"IN-DPO, KANGRA-511295-CW-RFQ","October 29, 2025",5076.11,Post
1881363,P165129,Integrated Project for Source Sustainability and Climate Resilient Rain-fed Agriculture in Himachal Pradesh,1881363,Works,India,"April 20, 2026",Saumya Srivastava,Request for Quotations,"IN-DPO, KANGRA-511295-CW-RFQ","October 29, 2025",5162.28,Post
1881366,P165129,Integrated Project for Source Sustainability and Climate Resilient Rain-fed Agriculture in Himachal Pradesh,1881366,Works,India,"April 20, 2026",Saumya Srivastava,Request for Quotations,"IN-DPO, KANGRA-511295-CW-RFQ","October 29, 2025",5091.86,Post
1881364,P165129,Integrated Project for Source Sustainability and Climate Resilient Rain-fed Agriculture in Himachal Pradesh,1881364,Works,India,"April 20, 2026",Saumya Srivastava,Request for Quotations,"IN-DPO, KANGRA-511295-CW-RFQ","October 29, 2025",5178.22,Post
1881365,P165129,Integrated Project for Source Sustainability and Climate Resilient Rain-fed Agriculture in Himachal Pradesh,1881365,Works,India,"April 20, 2026",Saumya Srivastava,Request for Quotations,"IN-DPO, KANGRA-511295-CW-RFQ","October 29, 2025",5074.04,Post
1881367,P165129,Integrated Project for Source Sustainability and Climate Resilient Rain-fed Agriculture in Himachal Pradesh,1881367,Works,India,"April 20, 2026",Saumya Srivastava,Request for Quotations,"IN-DPO, KANGRA-511295-CW-RFQ","December 19, 2025",4731.44,Post
1881368,P165129,Integrated Project for Source Sustainability and Climate Resilient Rain-fed Agriculture in Himachal Pradesh,1881368,Works,India,"April 20, 2026",Saumya Srivastava,Request for Quotations,"IN-DPO, KANGRA-511295-CW-RFQ","December 19, 2025",4809.26,Post
1881369,P179381,Kenya Jobs and Economic Transformation (KJET) Project,1881369,Consultant Services,Kenya,"April 20, 2026",Asta Bareisaite,Quality And Cost-Based Selection,KE-MSEA-461328-CS-QCBS,"August 28, 2025",193413.41,Post
1881370,P171471,Support for Transition to Labor Market Project,1881370,Consultant Services,Turkiye,"April 20, 2026",Dhushyanth Raju,Direct Selection,TR-TRC-319621/3-CS-CDS,"January 1, 2026",27837.12,Post
1881371,P171471,Support for Transition to Labor Market Project,1881371,Consultant Services,Turkiye,"April 20, 2026",Dhushyanth Raju,Direct Selection,TR-TRC-548212-CS-CDS,"February 16, 2026",12011.31,Post
1881373,P179008,PROGREEN Kazakhstan Resilient Landscapes Restoration Project,1881373,Works,Kazakhstan,"April 20, 2026",Talimjan Urazov,Request for Quotations,PROGREEN/OBSERVATION-DECK/RFQ-10/2025,"July 31, 2025",128780.7,Post
1881374,P166013,Comprehensive Approach to Health System Strengthening,1881374,Works,Comoros,"April 20, 2026",Cedric Ndizeye,Direct Selection,KM-UGP SN-545289-CW-DIR,"April 1, 2026",51195.22,Post
1881375,P179008,PROGREEN Kazakhstan Resilient Landscapes Restoration Project,1881375,Works,Kazakhstan,"April 20, 2026",Talimjan Urazov,Request for Quotations,PROGREEN/KARATAU/VISITCENTER/RFQ-01-2024,"April 1, 2025",318009.15,Post
1881376,P177233,Response - Recovery - Resilience for Conflict-Affected Communities in Ethiopia Project,1881376,Goods,World,"April 20, 2026",Adrian Morel,Direct Selection,ET-MOF-473376-GO-DIR,"April 14, 2026",788706.46,Prior
1881377,P158231,Integrated Feeder Road Development Project,1881377,Non-consulting Services,Mozambique,"April 20, 2026",Emmanuel Taban,Request for Quotations,47A003041/CC/04/2026,"April 17, 2026",24545.59,Post
1881378,P178715,Climate Resilience and Agriculture Development Project,1881378,Consultant Services,Albania,"April 20, 2026",Teklu Tesfaye,Individual Consultant Selection,AL-MARD-539990-CS-INDV,"April 17, 2026",11884.06,Post
1881379,P178530,Sindh Integrated Health and Population Project,1881379,Non-consulting Services,Pakistan,"April 20, 2026",Kazumi Inden,Direct Selection,PK-SIHPP-547207-NC-DIR,"April 16, 2026",94043.53,Post
1881380,P176069,Catalyzing Long Term Finance through Capital Markets,1881380,Consultant Services,Spain,"April 20, 2026",Randa Akeel,Direct Selection,SER-CMDP-CALL-OFF-DS-CS-24-16-ETHIFINANC,"March 27, 2026",22645.44,Post
1881382,P167794,"One WASH—Consolidated Water Supply, Sanitation, and Hygiene Account Project (One WASH—CWA)",1881382,Works,Ethiopia,"April 20, 2026",Taibou Adamou Maiga,Request for Quotations,ET-MOH-196584-CW-RFQ,"April 7, 2021",4609.13,Post
1881383,P178418,Tripura Rural Economic Growth and Service Delivery Project,1881383,Works,India,"April 20, 2026",Priti Kumar,Request for Quotations,IN-DOF-521527-CW-RFQ,"December 20, 2025",4803.96,Post
1881381,P167794,"One WASH—Consolidated Water Supply, Sanitation, and Hygiene Account Project (One WASH—CWA)",1881381,Works,Ethiopia,"April 20, 2026",Taibou Adamou Maiga,Request for Quotations,ET-MOH-320516-CW-RFQ,"January 5, 2023",5638.4,Post
1881386,P175269,Rural Livelihoods Productivity and Resilience Project,1881386,Consultant Services,Senegal,"April 20, 2026",Stephen D'Alessandro,Individual Consultant Selection,CS-07/25/RIZPLUS/INDV,"March 23, 2026",32921.0,Post
1881384,P178418,Tripura Rural Economic Growth and Service Delivery Project,1881384,Works,India,"April 20, 2026",Priti Kumar,Request for Quotations,IN-DOF-521519-CW-RFQ,"December 20, 2025",7446.08,Post
1881387,P156433,Second Ethiopia Urban Water Supply and Sanitation Project,1881387,Works,Ethiopia,"April 20, 2026",Fook Chuan Eng,Request for Bids,ET-MOWIE-325412-CW-RFB,"October 10, 2023",1796403.65,Post
1881385,P156433,Second Ethiopia Urban Water Supply and Sanitation Project,1881385,Consultant Services,Ethiopia,"April 20, 2026",Fook Chuan Eng,Direct Selection,ET-MOWIE-490814-CS-CDS,"August 27, 2025",12211.33,Post
1881388,P175269,Rural Livelihoods Productivity and Resilience Project,1881388,Consultant Services,Canada,"April 20, 2026",Stephen D'Alessandro,Individual Consultant Selection,CS-06/25/RIZPLUS/INDV,"April 8, 2026",43491.6,Post
1881390,P167054,Improvement of Skills Development in Mozambique,1881390,Non-consulting Services,Mozambique,"April 20, 2026",Ana Ruth Menezes,Request for Bids,NC28,"January 16, 2026",762681.51,Post
1881391,P179008,PROGREEN Kazakhstan Resilient Landscapes Restoration Project,1881391,Works,Kazakhstan,"April 20, 2026",Talimjan Urazov,Request for Quotations,PROGREEN/ARBORPARK-WORKS/RFQ-11/2025,"July 31, 2025",158846.9,Post
1881392,P180535,Cambodia Inclusive Livestock Value Chains Project,1881392,Consultant Services,Cambodia,"April 20, 2026",Mudita Chamroeun,Individual Consultant Selection,CILVCP-IC-003R,"February 18, 2026",41262.0,Post
1881393,P161915,Sustainable Cities Project 2,1881393,Works,Turkiye,"April 20, 2026",Xueman Wang,Request for Bids,CICEKDAGI-W1,"April 16, 2026",539850.0,Prior
1881394,P167054,Improvement of Skills Development in Mozambique,1881394,Consultant Services,Mozambique,"April 20, 2026",Ana Ruth Menezes,Individual Consultant Selection,C121-A,"January 16, 2026",24753.13,Post
1881395,P179008,PROGREEN Kazakhstan Resilient Landscapes Restoration Project,1881395,Works,Kazakhstan,"April 20, 2026",Talimjan Urazov,Request for Quotations,PROGREEN/SAYRAM/VISITCENTER/RFQ-04-2024,"April 1, 2025",322529.08,Post
1881396,P154778,Sustainable Rural Water Supply and Sanitation Project,1881396,Works,Kyrgyz Republic,"April 20, 2026",Odete Duarte Muximpua,Request for Quotations,IDA-SRWSSDP-AF-CW-2026-5,"April 15, 2026",107127.43,Post
1881398,P179267,Regional Emergency Solar Power Intervention Project,1881398,Non-consulting Services,China,"April 20, 2026",Anshul Rana,Direct Selection,BJ-WAPP-521346-GO-DIR,"February 25, 2026",497000.0,Post
1881397,P163742,Climate Smart Irrigated Agriculture Project,1881397,Works,Sri Lanka,"April 20, 2026",Sheu Salau,Request for Bids,LK-MOA-276510-CW-RFB,"May 5, 2023",111611.95,Post
1881399,P154778,Sustainable Rural Water Supply and Sanitation Project,1881399,Works,Kyrgyz Republic,"April 20, 2026",Odete Duarte Muximpua,Request for Quotations,IDA-SRWSSDP-AF-CW-2026-3,"April 15, 2026",102589.33,Post
1881403,P173070,Gambia Inclusive and Resilient Agricultural Value Chain Development Project (GIRAV),1881403,Consultant Services,France,"April 20, 2026",Aifa Fatimata Niane Ndoye,Individual Consultant Selection,GM-CPCU-521088-CS-INDV,"April 9, 2026",73958.07,Post
1881400,P178923,WAPP Ghana-Cote d'Ivoire Interconnection Project - Phase 1 WA-REMP MPA,1881400,Consultant Services,United Kingdom,"April 20, 2026",Tamaro Kane,Direct Selection,BJ-WAPP-501563-CS-CDS,"October 31, 2025",117779.88,Post
1881402,P168633,Kerala Solid Waste Management Project,1881402,Works,India,"April 20, 2026",Zhiyu Jerry Chen,Request for Quotations,IN-ULB KAN MAT -498033-CW-RFQ,"August 29, 2025",38129.98,Post
1881401,P163742,Climate Smart Irrigated Agriculture Project,1881401,Works,Sri Lanka,"April 20, 2026",Sheu Salau,Request for Bids,LK-MOA-276673-CW-RFB,"March 17, 2023",88263.13,Post
1881404,P177785,Kazakhstan Partnership for Market Implementation,1881404,Non-consulting Services,Kazakhstan,"April 20, 2026",Julian Lee,Request for Quotations,KZPMI-PFQ-06,"March 30, 2026",22916.8,Post
1881405,P178041,Monitoring and Evaluation Capacity Building in Pakistan and Central Asia,1881405,Consultant Services,Pakistan,"April 20, 2026",Ketevan Nozadze,Direct Selection,PK-CERP-421171-CS-CDS,"June 13, 2024",896.62,Post
1881406,P176589,Water Sector Governance and Infrastructure Support Project,1881406,Works,Nepal,"April 20, 2026",Amelia Midgley,Request for Bids,NP-DWSSM-484021-CW-RFB,"December 3, 2025",929595.05,Post
1881407,P164961,Malawi Governance to Enable Service Delivery Project,1881407,Works,Malawi,"April 20, 2026",Eva Maria Melis,Request for Quotations,MW-BLKDC-526010-CW-RFQ,"February 17, 2026",138433.36,Post
1881408,P178041,Monitoring and Evaluation Capacity Building in Pakistan and Central Asia,1881408,Non-consulting Services,Pakistan,"April 20, 2026",Ketevan Nozadze,Direct Selection,PK-CERP-421167-NC-DIR,"May 15, 2025",766.53,Post
1881409,P172800,Cote d'Ivoire Youth Employment and Skills Development Project - Phase 3,1881409,Non-consulting Services,Cote d'Ivoire,"April 20, 2026",Ali Coulibaly,Request for Quotations,CI-BCP-EMPLOI-529091-NC-RFQ,"March 24, 2026",2090.68,Post
1881410,P172800,Cote d'Ivoire Youth Employment and Skills Development Project - Phase 3,1881410,Non-consulting Services,Cote d'Ivoire,"April 20, 2026",Ali Coulibaly,Request for Quotations,CI-BCP-EMPLOI-529091-NC-RFQ,"March 24, 2026",8642.75,Post
1881411,P172800,Cote d'Ivoire Youth Employment and Skills Development Project - Phase 3,1881411,Non-consulting Services,Cote d'Ivoire,"April 20, 2026",Ali Coulibaly,Request for Quotations,CI-BCP-EMPLOI-529091-NC-RFQ,"March 24, 2026",23429.9,Post
1881412,P172800,Cote d'Ivoire Youth Employment and Skills Development Project - Phase 3,1881412,Non-consulting Services,Cote d'Ivoire,"April 20, 2026",Ali Coulibaly,Request for Quotations,CI-BCP-EMPLOI-529091-NC-RFQ,"March 24, 2026",174911.38,Post
1881413,P157097,Municipal and Agglomerations Support Program,1881413,Consultant Services,Senegal,"April 20, 2026",Jonas Ingemann Parby,Individual Consultant Selection,SN-ADM-524630-CS-CDS,"March 17, 2026",43153.44,Post
1881414,P151847,Eastern and Southern Africa Higher Education Centers of Excellence,1881414,Goods,Mozambique,"April 20, 2026",Roberta Malee Bassett,Request for Bids,MZ-UEM- FA-474115-GO-RFB,"October 1, 2025",590.12,Post
1881415,P178831,Tajikistan Millati Solim Project,1881415,Works,Tajikistan,"April 20, 2026",Takahiro Hasumi,Request for Bids,MOHSP/TMSP/RFB-W/025/002,"October 29, 2025",1124270.74,Post
1881416,P151847,Eastern and Southern Africa Higher Education Centers of Excellence,1881416,Goods,Mozambique,"April 20, 2026",Roberta Malee Bassett,Request for Bids,MZ-UEM- FA-474115-GO-RFB,"October 1, 2025",75.86,Post
1881417,P151847,Eastern and Southern Africa Higher Education Centers of Excellence,1881417,Goods,Mozambique,"April 20, 2026",Roberta Malee Bassett,Request for Bids,MZ-UEM- FA-474115-GO-RFB,"October 1, 2025",82.45,Post
1881418,P178040,Angola Strengthening Governance for Enhanced Service Delivery Project,1881418,Consultant Services,Angola,"April 20, 2026",Eduardo Andres Estrada,Consultant Qualification Selection,52/C2/C/PROFOGMEPS/24,"April 6, 2026",151903.26,Post
1881419,P166187,Competitiveness and Sector Diversification,1881419,Non-consulting Services,Suriname,"April 20, 2026",Ifeyinwa Uchenna Nwando Bonheur,Request for Quotations,SR-MNR-530123-NC-RFQ,"April 15, 2026",8000.0,Post
1881422,P178497,Harmonizing and Improving Statistics in West and Central Africa - Series of Projects 1 (HISWACA - SOP 1),1881422,Consultant Services,Cameroon,"April 20, 2026",Abdoullahi Beidou,Individual Consultant Selection,GM-GBOS - GAMBIA-497294-CS-CQS,"April 14, 2026",33500.0,Post
1881421,P175731,SADC Regional Statistics Project,1881421,Works,Madagascar,"April 20, 2026",Maria Gabriela Farfan Betran,Request for Quotations,MDG/TRAV-01/DAF/25,"March 10, 2026",42229.48,Post
1881423,P176459,Mozambique Digital Acceleration Project,1881423,Consultant Services,Mozambique,"April 20, 2026",Anne-Elisabeth Sarah Victoire Emmanuel Costafrolaz,Individual Consultant Selection,93/MDAP/INTIC/IC/24,"November 3, 2025",47415.75,Post
1881420,P177786,Climate-Resilient and Inclusive Livelihoods Project (ProClimat Congo),1881420,Consultant Services,"Congo, Republic of","April 20, 2026",Sandrine Georgette Christiane Jauffret,Quality Based Selection,CG-PROCLIMAT-035-C-SFQ-25,"March 26, 2026",953520.08,Post
1881424,P164847,Southern Africa Trade and Connectivity Project,1881424,Consultant Services,Malawi,"April 20, 2026",Ankur Huria,Consultant Qualification Selection,MW-MTPW-463825-CS-CQS,"March 16, 2026",199712.53,Post
1881425,P167054,Improvement of Skills Development in Mozambique,1881425,Non-consulting Services,Mauritius,"April 20, 2026",Ana Ruth Menezes,Request for Bids,NC19/MORENET/19,"December 1, 2023",342000.0,Prior
1881427,P167054,Improvement of Skills Development in Mozambique,1881427,Non-consulting Services,Mauritius,"April 20, 2026",Ana Ruth Menezes,Request for Bids,NC19/MORENET/19,"September 29, 2023",3658235.0,Prior
1881426,P164847,Southern Africa Trade and Connectivity Project,1881426,Consultant Services,Malawi,"April 20, 2026",Ankur Huria,Consultant Qualification Selection,MW-MTPW-463823-CS-CQS,"March 16, 2026",70000.0,Post
1881428,P178040,Angola Strengthening Governance for Enhanced Service Delivery Project,1881428,Consultant Services,Portugal,"April 20, 2026",Eduardo Andres Estrada,Quality And Cost-Based Selection,62/C1/C/PROFOGMEPS/24,"March 16, 2026",935203.0,Post
1881429,P506569,Transforming Access and Learning in Madagascar,1881429,Goods,Madagascar,"April 20, 2026",Almedina Music,Direct Selection,MG-UFP-2026-TALIM-4-532099-NC-DIR,"April 10, 2026",3766.95,Post
1881431,P151847,Eastern and Southern Africa Higher Education Centers of Excellence,1881431,Goods,Mozambique,"April 20, 2026",Roberta Malee Bassett,Request for Bids,MZ-UEM- FA-474115-GO-RFB,"October 1, 2025",230.51,Post
1881430,P160865,Livestock Productivity and Resilience Support Project,1881430,Consultant Services,Nigeria,"April 20, 2026",Manievel Sene,Individual Consultant Selection,NG-KADUNA L-PRES-418801-CS-INDV,"June 27, 2024",5210.27,Post
1881432,P168386,Lome-Ouagadougou-Niamey Economic Corridor,1881432,Consultant Services,Togo,"April 20, 2026",Malaika Becoulet,Consultant Qualification Selection,TG-TOGO-PCU-514132-CS-CQS,"April 17, 2026",90321.94,Post
1881433,P174178,Social Protection and Youth Productive Inclusion Project,1881433,Goods,"Congo, Republic of","April 20, 2026",Gbetoho Joachim Boko,Request for Quotations,CG-PSIPJ-155-F-CF-2025,"November 14, 2025",5159.81,Post
1881434,P156433,Second Ethiopia Urban Water Supply and Sanitation Project,1881434,Works,Ethiopia,"April 20, 2026",Fook Chuan Eng,Request for Bids,ET-MOWIE-325410-CW-RFB,"November 11, 2023",3590185.07,Post
1881435,P179447,Nigeria for Women Program Scale Up Project,1881435,Goods,Nigeria,"April 20, 2026",Michael Gboyega Ilesanmi,Request for Quotations,NG-DELTA STATE NFWP-SU-496042-GO-RFQ,"February 10, 2026",8814.6,Post
1881436,P164847,Southern Africa Trade and Connectivity Project,1881436,Consultant Services,Israel,"April 20, 2026",Ankur Huria,Consultant Qualification Selection,MW-MTPW-463804-CS-INDV,"March 17, 2026",201600.0,Post
1881437,P151847,Eastern and Southern Africa Higher Education Centers of Excellence,1881437,Goods,Mozambique,"April 20, 2026",Roberta Malee Bassett,Request for Bids,MZ-UEM- FA-474115-GO-RFB,"October 1, 2025",1823.94,Post
1881439,P177298,Somalia Enhancing Public Resource Management Project,1881439,Consultant Services,"Somalia, Federal Republic of","April 20, 2026",May Olalia,Consultant Qualification Selection,SO-MOF-483307-CS-CQS,"April 9, 2026",256421.0,Post
1881438,P151847,Eastern and Southern Africa Higher Education Centers of Excellence,1881438,Goods,Mozambique,"April 20, 2026",Roberta Malee Bassett,Request for Bids,MZ-UEM- FA-474115-GO-RFB,"October 1, 2025",43.24,Post
1881442,P179447,Nigeria for Women Program Scale Up Project,1881442,Goods,Nigeria,"April 20, 2026",Michael Gboyega Ilesanmi,Request for Quotations,NG-DELTA STATE NFWP-SU-496016-GO-RFQ,"February 26, 2026",15863.8,Post
1881443,P180915,Chad Connectivity and Integration Project,1881443,Goods,Chad,"April 20, 2026",Andry Herizaka Rakotoarisoa,Request for Quotations,TD-MIDER-538503-GO-RFQ,"April 14, 2026",3741.49,Post
1881441,P151847,Eastern and Southern Africa Higher Education Centers of Excellence,1881441,Goods,Mozambique,"April 20, 2026",Roberta Malee Bassett,Request for Bids,MZ-UEM- FA-474115-GO-RFB,"October 1, 2025",497.24,Post
1881440,P151847,Eastern and Southern Africa Higher Education Centers of Excellence,1881440,Goods,Mozambique,"April 20, 2026",Roberta Malee Bassett,Request for Bids,MZ-UEM- FA-474115-GO-RFB,"October 1, 2025",484.77,Post
1881446,P177298,Somalia Enhancing Public Resource Management Project,1881446,Consultant Services,"Somalia, Federal Republic of","April 20, 2026",May Olalia,Individual Consultant Selection,SO-MOF-501206-CS-INDV,"January 1, 2026",64680.0,Post
1881445,P167794,"One WASH—Consolidated Water Supply, Sanitation, and Hygiene Account Project (One WASH—CWA)",1881445,Consultant Services,Ethiopia,"April 20, 2026",Taibou Adamou Maiga,Direct Selection,ET-MOWE-459671-CS-CDS,"November 18, 2024",128722.82,Post
1881447,P162833,Improving the Performance of Non-Criminal Justice Services,1881447,Consultant Services,Peru,"April 20, 2026",Ruben Leonel Ruano Chinchilla,Individual Consultant Selection,PE-PJ-482787-CS-INDV,"September 5, 2025",1258.23,Post
1881448,P161885,Nigeria Electrification Project,1881448,Goods,Nigeria,"April 20, 2026",Arsh Sharma,Request for Quotations,REA-NEP/GO/RFQ/168/2024,"December 5, 2024",49649.06,Post
1881450,P164032,Mali Improving Education Quality and Results for All Project (MIQRA),1881450,Goods,Mali,"April 20, 2026",Melissa Ann Adelman,Request for Quotations,ML-MEN-525119-GO-RFQ,"March 6, 2026",266991.32,Post
1881449,P171417,Punjab Resource Improvement and Digital Effectiveness,1881449,Consultant Services,Pakistan,"April 20, 2026",Akmal Minallah,Consultant Qualification Selection,PK-PFMRU-464454-CS-CQS,"February 23, 2026",130906.48,Post
1881451,P174177,Peru: Strengthening of the Public Health Emergency Preparedness and Response,1881451,Consultant Services,Peru,"April 20, 2026",Gabriel Aguirre Martens,Individual Consultant Selection,PE-INS-466937-CS-INDV,"November 10, 2025",19368.56,Post
1881452,P164032,Mali Improving Education Quality and Results for All Project (MIQRA),1881452,Goods,Mali,"April 20, 2026",Melissa Ann Adelman,Request for Quotations,ML-MEN-525120-GO-RFQ,"March 5, 2026",296678.47,Post
1881453,P181604,Center for Advancement in Restoration and Modernization Capacity,1881453,Non-consulting Services,Ukraine,"April 20, 2026",Andzs Ubelis,Request for Quotations,NCS-RFQ-2.5-4,"March 28, 2026",147682.37,Post
1881454,P151224,Second Water Sector Institutional Development Project,1881454,Goods,Angola,"April 20, 2026",Marco Antonio Aguero,Request for Bids,175G4/UCP/24,"September 23, 2025",21913.6,Post
1881455,P162833,Improving the Performance of Non-Criminal Justice Services,1881455,Consultant Services,Peru,"April 20, 2026",Ruben Leonel Ruano Chinchilla,Individual Consultant Selection,PE-PJ-482777-CS-INDV,"July 22, 2025",1258.23,Post
1881456,P151224,Second Water Sector Institutional Development Project,1881456,Goods,Angola,"April 20, 2026",Marco Antonio Aguero,Request for Bids,175G4/UCP/24,"September 23, 2025",90622.0,Post
1881457,P162278,National Urban Cadaster and Municipal Support Project,1881457,Consultant Services,Peru,"April 20, 2026",Gabriel Sergio Arrisueno Fajardo,Individual Consultant Selection,CONTRATO N°011-2026-UE003/COFOPRI,"February 16, 2026",11650.26,Post
1881458,P168779,Niger Learning Improvement for Results in Education Project,1881458,Consultant Services,Niger,"April 20, 2026",Marie Jacqueline Yvette Sacadura,Consultant Qualification Selection,NE-P-LIRE-510967-CS-CQS,"November 28, 2025",63528.99,Post
1881459,P160865,Livestock Productivity and Resilience Support Project,1881459,Consultant Services,Nigeria,"April 20, 2026",Manievel Sene,Consultant Qualification Selection,NG-GOMBE L-PRES-543830-CS-CQS,"April 17, 2026",55361.18,Post
1881463,P162278,National Urban Cadaster and Municipal Support Project,1881463,Consultant Services,Peru,"April 20, 2026",Gabriel Sergio Arrisueno Fajardo,Individual Consultant Selection,CONTRATO N°010-2026-UE003/COFOPRI,"February 16, 2026",11650.26,Post
1881462,P160865,Livestock Productivity and Resilience Support Project,1881462,Consultant Services,Nigeria,"April 20, 2026",Manievel Sene,Individual Consultant Selection,NG-KADUNA L-PRES-419748-CS-INDV,"October 28, 2024",3712.37,Post
1881460,P168779,Niger Learning Improvement for Results in Education Project,1881460,Consultant Services,Niger,"April 20, 2026",Marie Jacqueline Yvette Sacadura,Consultant Qualification Selection,NE-P-LIRE-510967-CS-CQS,"November 28, 2025",91289.55,Post
1881461,P167401,Abidjan Urban Mobility Project,1881461,Works,Burkina Faso,"April 20, 2026",Franck Taillandier,Request for Bids,CI-UC - PMUA -426178-CW-RFB,"March 24, 2026",11666509.56,Prior
1881464,P162833,Improving the Performance of Non-Criminal Justice Services,1881464,Consultant Services,Peru,"April 20, 2026",Ruben Leonel Ruano Chinchilla,Individual Consultant Selection,PE-PJ-482791-CS-INDV,"July 21, 2025",1747.54,Post
1881465,P178389,Water Supply and Sanitation Access Program (PASEA) Project,1881465,Goods,"Congo, Democratic Republic of","April 20, 2026",Patrick Goy Ndolo,Request for Quotations,ZR-UPEP - KWILU-457528-GO-RFQ,"August 19, 2025",24500.0,Post
1881466,P162594,Multipurpose Cadaster Project,1881466,Consultant Services,Colombia,"April 20, 2026",Ivonne Astrid Moreno Horta,Individual Consultant Selection,CO-ANT-467377-CS-INDV,"July 21, 2025",21740.33,Post
1881467,P172988,Burundi Transport Resilience Project,1881467,Consultant Services,Burundi,"April 20, 2026",Peter Ngwa Taniform,Quality And Cost-Based Selection,BI-MIELS-PIU-392191-CS-QCBS,"August 22, 2025",338597.16,Post
1881468,P151224,Second Water Sector Institutional Development Project,1881468,Consultant Services,Mozambique,"April 20, 2026",Marco Antonio Aguero,Individual Consultant Selection,201CS4/EPAL/25,"March 16, 2026",182200.0,Post
1881469,P174177,Peru: Strengthening of the Public Health Emergency Preparedness and Response,1881469,Consultant Services,Peru,"April 20, 2026",Gabriel Aguirre Martens,Individual Consultant Selection,PE-INS-516889-CS-INDV,"October 24, 2025",6990.16,Post
1881471,P162833,Improving the Performance of Non-Criminal Justice Services,1881471,Consultant Services,Peru,"April 20, 2026",Ruben Leonel Ruano Chinchilla,Individual Consultant Selection,PE-PJ-482725-CS-INDV,"May 13, 2025",51144.63,Post
1881472,P173197,Regional Sahel Pastoralism Support Project II,1881472,Goods,Mauritania,"April 20, 2026",Franck Berthe,Request for Quotations,05/F/PRAPS II/2024,"September 3, 2024",43592.56,Post
1881473,P173197,Regional Sahel Pastoralism Support Project II,1881473,Goods,Mauritania,"April 20, 2026",Franck Berthe,Request for Quotations,06/F/PRAPS II/2024,"September 10, 2024",13720.96,Post
1881474,P163782,Integrated Water Management and Development Project,1881474,Consultant Services,Uganda,"April 20, 2026",Lillian Muhebwa,Consultant Qualification Selection,UG-MWE-384336-CS-CQS,"May 7, 2024",240459.97,Post
1881475,P173197,Regional Sahel Pastoralism Support Project II,1881475,Goods,Mauritania,"April 20, 2026",Franck Berthe,Request for Quotations,17/F/PRAPS II/2024,"December 24, 2024",45091.74,Post
1881476,P172988,Burundi Transport Resilience Project,1881476,Works,Burundi,"April 20, 2026",Peter Ngwa Taniform,Direct Selection,BI-MIELS-PIU-504124-CW-DIR,"October 28, 2025",3997638.77,Post
1881477,P167156,Nigeria: Improved Child Survival Program for Human Capital MPA,1881477,Goods,Nigeria,"April 20, 2026",Onoriode Ezire,Request for Bids,NG-NPHCDA-MPA-524866-GO-RFB,"April 8, 2026",3659804.67,Prior
1881478,P173197,Regional Sahel Pastoralism Support Project II,1881478,Goods,Mauritania,"April 20, 2026",Franck Berthe,Request for Quotations,37/F/PRAPS II/2024,"May 20, 2024",42094.98,Post
1881479,P162594,Multipurpose Cadaster Project,1881479,Consultant Services,Colombia,"April 20, 2026",Ivonne Astrid Moreno Horta,Individual Consultant Selection,CO-ANT-467377-CS-INDV,"April 10, 2025",28376.6,Post
1881481,P173197,Regional Sahel Pastoralism Support Project II,1881481,Goods,Mauritania,"April 20, 2026",Franck Berthe,Request for Quotations,32/F/PRAPS II/2024,"December 6, 2024",14760.3,Post
1881482,P173197,Regional Sahel Pastoralism Support Project II,1881482,Goods,Mauritania,"April 20, 2026",Franck Berthe,Request for Quotations,33/F/PRAPS II/2024,"December 24, 2024",36915.79,Post
1881480,P173197,Regional Sahel Pastoralism Support Project II,1881480,Goods,Mauritania,"April 20, 2026",Franck Berthe,Request for Quotations,34/F/PRAPS II/2023,"May 20, 2024",28000.68,Post
1881483,P173197,Regional Sahel Pastoralism Support Project II,1881483,Goods,Mauritania,"April 20, 2026",Franck Berthe,Request for Quotations,26/F/PRAPS II/2024,"November 5, 2024",14155.19,Post
1881484,P171316,Growing Up and Learning Together: Comprehensive Early Childhood Development in El Salvador,1881484,Consultant Services,El Salvador,"April 20, 2026",Isy Faingold Vigil,Individual Consultant Selection,CI-20/2025-MINEDUCYT-BIRF,"April 30, 2025",19122.6,Post
1881487,P180076,"Lowlands Livelihood Resilience Project, Phase Two (LLRP II)",1881487,Works,Ethiopia,"April 20, 2026",Esayas Nigatu Gebremeskel,Request for Bids,ET-SWE-RPCU-466670-CW-RFB,"March 23, 2025",1141445.51,Post
1881485,P173197,Regional Sahel Pastoralism Support Project II,1881485,Consultant Services,Mauritania,"April 20, 2026",Franck Berthe,Individual Consultant Selection,25/PI/PRAPS II/2024,"January 6, 2025",20045.23,Post
1881486,P173197,Regional Sahel Pastoralism Support Project II,1881486,Non-consulting Services,Mauritania,"April 20, 2026",Franck Berthe,Request for Quotations,13/F/PRAPS II/2024,"June 6, 2024",8990.28,Post
1881488,P181490,Sudan - Enhancing Community Resilience Project,1881488,Non-consulting Services,Sudan,"April 20, 2026",Adrian Morel,Direct Selection,SD-MC-522176-NC-DIR,"February 3, 2026",63510.0,Post
1881489,P173197,Regional Sahel Pastoralism Support Project II,1881489,Non-consulting Services,Mauritania,"April 20, 2026",Franck Berthe,Request for Quotations,02/F/PRAPS II/2024,"September 9, 2024",12628.49,Post
1881490,P181490,Sudan - Enhancing Community Resilience Project,1881490,Non-consulting Services,Sudan,"April 20, 2026",Adrian Morel,Direct Selection,SD-MC-533426-NC-DIR,"April 2, 2026",167956.0,Post
1881491,P173197,Regional Sahel Pastoralism Support Project II,1881491,Consultant Services,Mauritania,"April 20, 2026",Franck Berthe,Individual Consultant Selection,04//PI/PRAPS II/2024,"August 8, 2024",8018.09,Post
1881492,P173197,Regional Sahel Pastoralism Support Project II,1881492,Consultant Services,Mauritania,"April 20, 2026",Franck Berthe,Individual Consultant Selection,14/PI/PRAPS II/2023,"March 18, 2024",8769.79,Post
1881493,P175237,Agro-Climatic Resilience in Semi-Arid Landscapes (ACReSAL),1881493,Consultant Services,Nigeria,"April 20, 2026",Iganya Joy Agene,Consultant Qualification Selection,NG-KEBBI STATE ACRESAL-487845-CS-CQS,"April 17, 2026",133645.17,Post
1881494,P175237,Agro-Climatic Resilience in Semi-Arid Landscapes (ACReSAL),1881494,Consultant Services,Nigeria,"April 20, 2026",Iganya Joy Agene,Consultant Qualification Selection,NG-KEBBI STATE ACRESAL-536540-CS-CQS,"April 17, 2026",51747.41,Post
1881495,P175803,CHAD Improving Learning Outcomes Project,1881495,Consultant Services,Chad,"April 20, 2026",Harisoa Danielle Rasolonjatovo Andriamihamina,Individual Consultant Selection,TD-CILOP-529853-CS-INDV,"April 16, 2026",1615.03,Post
1881496,P175803,CHAD Improving Learning Outcomes Project,1881496,Consultant Services,Chad,"April 20, 2026",Harisoa Danielle Rasolonjatovo Andriamihamina,Individual Consultant Selection,TD-CILOP-529853-CS-INDV,"April 16, 2026",1615.03,Post
1881497,P156239,CO Plan PAZcifico:Water Supply and Basic Sanitation Infrastructure and Service Delivery Project,1881497,Consultant Services,Colombia,"April 20, 2026",Daniela Villalba,Individual Consultant Selection,57833-PTSP-033-2026,"March 27, 2026",7131.63,Post
1881498,P173043,Solomon Islands Agriculture and Rural Transformation Project,1881498,Consultant Services,Solomon Islands,"April 20, 2026",Allan Tobalbal Oliver,Individual Consultant Selection,SB-MAL-538050-CS-INDV,"April 16, 2026",16154.9,Post
1881499,P173043,Solomon Islands Agriculture and Rural Transformation Project,1881499,Goods,Solomon Islands,"April 20, 2026",Allan Tobalbal Oliver,Request for Quotations,SB-MAL-542294-GO-RFQ,"April 18, 2026",10574.0,Post
1881500,P507190,Barbados – Beryl Emergency Response and Recovery Project,1881500,Works,Barbados,"April 21, 2026",Rafeef Abdelrazek,Direct Selection,BB-BPI-528041-CW-DIR,"September 15, 2025",3338256.29,Post
1881502,P179440,Integrated Social Protection Inclusion and Resilience Project (INSPIRE),1881502,Consultant Services,Dominican Republic,"April 21, 2026",Miriam Matilde Montenegro Lazo,Direct Selection,DO-SUPERATE-523008-CS-CDS,"December 22, 2025",17971.41,Post
1881501,P180384,Haiti Strengthening Public Financial Management Project,1881501,Consultant Services,Haiti,"April 21, 2026",Marieta Fall,Direct Selection,HT-UCP/MEF-503336-CS-CDS,"April 14, 2026",654094.0,Post
1881505,P169943,Urban Productive Safety Net and Jobs Project,1881505,Goods,Ethiopia,"April 21, 2026",Ayuba Sani Hussein,Request for Quotations,ET-AMHARA-SHEWA ROBIT-513373-GO-RFQ,"March 5, 2026",363.56,Post
1881504,P169943,Urban Productive Safety Net and Jobs Project,1881504,Goods,Ethiopia,"April 21, 2026",Ayuba Sani Hussein,Request for Quotations,ET-AMHARA-SHEWA ROBIT-513373-GO-RFQ,"March 5, 2026",3786.17,Post
1881507,P169943,Urban Productive Safety Net and Jobs Project,1881507,Goods,Ethiopia,"April 21, 2026",Ayuba Sani Hussein,Request for Quotations,ET-AMHARA-SHEWA ROBIT-513373-GO-RFQ,"March 5, 2026",1088.93,Post
1881506,P169943,Urban Productive Safety Net and Jobs Project,1881506,Goods,Ethiopia,"April 21, 2026",Ayuba Sani Hussein,Request for Quotations,ET-AMHARA-SHEWA ROBIT-513373-GO-RFQ,"March 5, 2026",4061.35,Post
1881508,P177185,Cambodia Southeast Asia Disaster Risk Management Project 2,1881508,Consultant Services,Cambodia,"April 21, 2026",Vica Rosario Bogaerts,Individual Consultant Selection,MRD-CDRM2-IC-S22,"October 1, 2025",39100.0,Post
1881509,P169943,Urban Productive Safety Net and Jobs Project,1881509,Goods,Ethiopia,"April 21, 2026",Ayuba Sani Hussein,Request for Quotations,ET-AMHARA-SHEWA ROBIT-513373-GO-RFQ,"March 5, 2026",1259.92,Post
1881511,P171316,Growing Up and Learning Together: Comprehensive Early Childhood Development in El Salvador,1881511,Goods,El Salvador,"April 21, 2026",Isy Faingold Vigil,Request for Bids,SDO NO. 111/2024 MINEDUCYT-BIRF,"September 9, 2025",1305175.41,Post
1881510,P166672,ID: Jambi Sustainable Landscape Management Project (J-SLMP),1881510,Consultant Services,Indonesia,"April 21, 2026",Tini Gumartini,Individual Consultant Selection,PO-268091-230616-1,"June 16, 2023",145.46,Post
1881512,P171316,Growing Up and Learning Together: Comprehensive Early Childhood Development in El Salvador,1881512,Goods,El Salvador,"April 21, 2026",Isy Faingold Vigil,Request for Bids,SDO NO. 111/2024 MINEDUCYT-BIRF,"September 9, 2025",936510.25,Post
1881513,P181564,Sri Lanka: Primary Healthcare System Enhancing Project (PHSEP),1881513,Goods,Sri Lanka,"April 21, 2026",Di Dong,Request for Bids,LK-PHSEP-PMU-509688-GO-RFB,"November 26, 2025",253254.23,Post
1881515,P179440,Integrated Social Protection Inclusion and Resilience Project (INSPIRE),1881515,Consultant Services,Dominican Republic,"April 21, 2026",Miriam Matilde Montenegro Lazo,Direct Selection,DO-SUPERATE-544427-CS-CDS,"April 1, 2026",16752.53,Post
1881514,P171331,Land Allocation for Social and Economic Development Project III,1881514,Works,Cambodia,"April 21, 2026",Mudita Chamroeun,Request for Bids,MLMUPC-W-26,"April 6, 2026",2335191.23,Post
1881516,P178136,Cameroon Power Sector Reform Program,1881516,Goods,Cameroon,"April 21, 2026",Ahmed Ousman Abani,Request for Quotations,CM--MINEE/UCP-PFORR/015 BIS,"April 1, 2026",43058.93,Post
1881517,P179440,Integrated Social Protection Inclusion and Resilience Project (INSPIRE),1881517,Consultant Services,Dominican Republic,"April 21, 2026",Miriam Matilde Montenegro Lazo,Individual Consultant Selection,DO-SUPERATE-441510-CS-INDV,"May 26, 2025",17949.14,Post
1881518,P508550,Pacific Healthy Islands Transformation Project,1881518,Consultant Services,Kiribati,"April 21, 2026",Margareta Norris Harrit,Individual Consultant Selection,KI- KIR-MHMS-528986-CS-INDV,"April 17, 2026",33123.32,Post
1881519,P179440,Integrated Social Protection Inclusion and Resilience Project (INSPIRE),1881519,Consultant Services,Dominican Republic,"April 21, 2026",Miriam Matilde Montenegro Lazo,Individual Consultant Selection,DO-SUPERATE-478848-CS-INDV,"May 26, 2025",27920.89,Post
1881522,P507220,Advancing Innovative Methods to Promote Learning (AIM4Learning) in Eastern and Southern Africa MPA Program,1881522,Consultant Services,Comoros,"April 21, 2026",Almedina Music,Individual Consultant Selection,KM-PREMCH-485520-CS-INDV,"February 6, 2026",60294.44,Post
1881520,P173663,Punjab Affordable Housing Program,1881520,Consultant Services,Pakistan,"April 21, 2026",Yan F. Zhang,Consultant Qualification Selection,"PK-URBAN UNIT, PUNJAB-506811-CS-CQS","November 7, 2025",279363.53,Post
1881521,P173663,Punjab Affordable Housing Program,1881521,Consultant Services,Pakistan,"April 21, 2026",Yan F. Zhang,Consultant Qualification Selection,"PK-URBAN UNIT, PUNJAB-506818-CS-CQS","November 7, 2025",278191.98,Post
1881524,P172988,Burundi Transport Resilience Project,1881524,Consultant Services,Burundi,"April 21, 2026",Peter Ngwa Taniform,Direct Selection,BI-MIELS-PIU-525293-CS-CDS,"February 12, 2026",394056.07,Post
1881526,P167794,"One WASH—Consolidated Water Supply, Sanitation, and Hygiene Account Project (One WASH—CWA)",1881526,Works,Ethiopia,"April 21, 2026",Taibou Adamou Maiga,Request for Quotations,ET-MOH-196595-CW-RFQ,"May 31, 2021",4564.34,Post
1881527,P178985,Bangladesh Resilient Urban and Territorial Development Project,1881527,Works,Bangladesh,"April 21, 2026",Kwabena Amankwah-Ayeh,Request for Bids,RUTDP/GOD/2024-25/W-01,"February 9, 2026",831126.41,Post
1881525,P173663,Punjab Affordable Housing Program,1881525,Consultant Services,Pakistan,"April 21, 2026",Yan F. Zhang,Consultant Qualification Selection,"PK-URBAN UNIT, PUNJAB-506822-CS-CQS","November 7, 2025",277159.81,Post
1881528,P174385,Second Ethiopia Resilient Landscapes and Livelihoods Project,1881528,Goods,Ethiopia,"April 21, 2026",Pablo Cesar Benitez Ponce,Direct Selection,ET-BG BOA -459873-GO-DIR,"May 29, 2025",539.96,Post
1881529,P173671,Indonesia: National Urban Flood Resilience Project (NUFReP),1881529,Works,Indonesia,"April 21, 2026",Jie Li,Request for Bids,ID-BWS NUSA TENGGARA I-507682-CW-RFB,"January 7, 2026",3656959.76,Post
1881531,P174385,Second Ethiopia Resilient Landscapes and Livelihoods Project,1881531,Goods,Ethiopia,"April 21, 2026",Pablo Cesar Benitez Ponce,Request for Quotations,ET-BG BOA -459882-GO-RFQ,"April 6, 2026",4273.43,Post
1881530,P173663,Punjab Affordable Housing Program,1881530,Consultant Services,Pakistan,"April 21, 2026",Yan F. Zhang,Individual Consultant Selection,"PK-URBAN UNIT, PUNJAB-511986-CS-INDV","October 22, 2025",30815.03,Post
1881532,P173663,Punjab Affordable Housing Program,1881532,Consultant Services,Pakistan,"April 21, 2026",Yan F. Zhang,Individual Consultant Selection,"PK-URBAN UNIT, PUNJAB-511989-CS-INDV","February 16, 2026",11103.74,Post
1881533,P172988,Burundi Transport Resilience Project,1881533,Goods,Burundi,"April 21, 2026",Peter Ngwa Taniform,Request for Bids,BI-MIELS-PIU-392878-GO-RFB,"August 29, 2025",98183.45,Post
1881534,P165129,Integrated Project for Source Sustainability and Climate Resilient Rain-fed Agriculture in Himachal Pradesh,1881534,Works,India,"April 21, 2026",Saumya Srivastava,Request for Quotations,"IN-DPO, NAHAN-491569-CW-RFQ","October 28, 2025",4293.43,Post
1881535,P156433,Second Ethiopia Urban Water Supply and Sanitation Project,1881535,Works,Ethiopia,"April 21, 2026",Fook Chuan Eng,Request for Bids,ET-MOWIE-439835-CW-RFB,"March 11, 2025",155904.3,Post
1881536,P181278,Accelerating Transport and Trade Connectivity in Eastern South Asia Phase 2 - Bhutan Project,1881536,Non-consulting Services,Bhutan,"April 21, 2026",Shruti Vijayakumar,Request for Bids,DGPC/ACCESS/LINEAMENT MAP/2026/15,"April 2, 2026",21587.07,Post
1881537,P179466,Madagascar Safety Nets and Resilience Project,1881537,Consultant Services,Madagascar,"April 21, 2026",John Van Dyck,Quality And Cost-Based Selection,DG_23068_QCBS_AGEC_FSP,"April 3, 2026",50004.06,Prior
1881538,P165129,Integrated Project for Source Sustainability and Climate Resilient Rain-fed Agriculture in Himachal Pradesh,1881538,Works,India,"April 21, 2026",Saumya Srivastava,Request for Quotations,"IN-DPO, NAHAN-491569-CW-RFQ","February 20, 2026",5342.63,Post
1881539,P165129,Integrated Project for Source Sustainability and Climate Resilient Rain-fed Agriculture in Himachal Pradesh,1881539,Works,India,"April 21, 2026",Saumya Srivastava,Request for Quotations,"IN-DPO, NAHAN-491569-CW-RFQ","February 20, 2026",5343.04,Post
1881542,P165129,Integrated Project for Source Sustainability and Climate Resilient Rain-fed Agriculture in Himachal Pradesh,1881542,Works,India,"April 21, 2026",Saumya Srivastava,Request for Quotations,"IN-DPO, NAHAN-491569-CW-RFQ","February 20, 2026",5343.19,Post
1881543,P165129,Integrated Project for Source Sustainability and Climate Resilient Rain-fed Agriculture in Himachal Pradesh,1881543,Works,India,"April 21, 2026",Saumya Srivastava,Request for Quotations,"IN-DPO, NAHAN-491569-CW-RFQ","March 6, 2026",5343.19,Post
1881541,P165129,Integrated Project for Source Sustainability and Climate Resilient Rain-fed Agriculture in Himachal Pradesh,1881541,Works,India,"April 21, 2026",Saumya Srivastava,Request for Quotations,"IN-DPO, NAHAN-491569-CW-RFQ","February 20, 2026",5342.2,Post
1881540,P156433,Second Ethiopia Urban Water Supply and Sanitation Project,1881540,Works,Ethiopia,"April 21, 2026",Fook Chuan Eng,Request for Bids,ET-MOWIE-410235-CW-RFB,"March 27, 2025",146213.66,Post
1881545,P502837,Türkiye Small Industrial Estates Reconstruction and Regional Economic Recovery Project,1881545,Works,Turkiye,"April 21, 2026",Ruvejda Aliefendic,Request for Bids,SIE-C1-WRK-002,"April 13, 2026",42942908.1,Prior
1881544,P165129,Integrated Project for Source Sustainability and Climate Resilient Rain-fed Agriculture in Himachal Pradesh,1881544,Works,India,"April 21, 2026",Saumya Srivastava,Request for Quotations,"IN-DPO, NAHAN-491569-CW-RFQ","February 20, 2026",5342.63,Post
1881546,P178599,Strengthening Foundations for Improved Justice Service Delivery,1881546,Non-consulting Services,Romania,"April 21, 2026",Fanny Weiner,Request for Bids,NCS-2-2-1,"April 17, 2026",15785747.47,Prior
1881549,P172479,Strengthen Ethiopia’s Adaptive Safety Net,1881549,Goods,Ethiopia,"April 21, 2026",Christabel E. Dadzie,Request for Quotations,ET-TIGRAY FSCO-481844-GO-RFQ,"January 24, 2025",86.78,Post
1881548,P165129,Integrated Project for Source Sustainability and Climate Resilient Rain-fed Agriculture in Himachal Pradesh,1881548,Works,India,"April 21, 2026",Saumya Srivastava,Request for Quotations,"IN-DPO, NAHAN-491569-CW-RFQ","February 20, 2026",5332.94,Post
1881550,P172479,Strengthen Ethiopia’s Adaptive Safety Net,1881550,Goods,Ethiopia,"April 21, 2026",Christabel E. Dadzie,Request for Quotations,ET-TIGRAY FSCO-481842-GO-RFQ,"May 21, 2025",6507.2,Post
1881551,P176683,CAR-Electricity Sector Strengthening and Access Project,1881551,Goods,Central African Republic,"April 21, 2026",Monyl Toga,Request for Bids,PARSE/032/GO/RFB/24,"August 8, 2024",556287.99,Post
1881552,P172479,Strengthen Ethiopia’s Adaptive Safety Net,1881552,Goods,Ethiopia,"April 21, 2026",Christabel E. Dadzie,Request for Quotations,ET-TIGRAY FSCO-481842-GO-RFQ,"May 21, 2025",3189.96,Post
1881553,P180935,Second Kenya Devolution Support Program,1881553,Consultant Services,Kenya,"April 21, 2026",Christine Anyango Owuor,Individual Consultant Selection,KE-SDD-480443-CS-INDV,"September 1, 2025",37180.48,Post
1881554,P175731,SADC Regional Statistics Project,1881554,Consultant Services,Brazil,"April 21, 2026",Maria Gabriela Farfan Betran,Individual Consultant Selection,MZ-INE-488040-CS-INDV,"April 17, 2026",305000.0,Prior
1881555,P163782,Integrated Water Management and Development Project,1881555,Works,Uganda,"April 21, 2026",Lillian Muhebwa,Request for Bids,UG-MWE-107851-CW-RFB,"November 3, 2022",380995.11,Post
1881556,P165129,Integrated Project for Source Sustainability and Climate Resilient Rain-fed Agriculture in Himachal Pradesh,1881556,Works,India,"April 21, 2026",Saumya Srivastava,Request for Quotations,"IN-DPO, KANGRA-511295-CW-RFQ","December 18, 2025",5142.69,Post
1881557,P165129,Integrated Project for Source Sustainability and Climate Resilient Rain-fed Agriculture in Himachal Pradesh,1881557,Works,India,"April 21, 2026",Saumya Srivastava,Request for Quotations,"IN-DPO, KANGRA-511295-CW-RFQ","December 18, 2025",4858.55,Post
1881558,P165129,Integrated Project for Source Sustainability and Climate Resilient Rain-fed Agriculture in Himachal Pradesh,1881558,Works,India,"April 21, 2026",Saumya Srivastava,Request for Quotations,"IN-DPO, KANGRA-511295-CW-RFQ","December 18, 2025",5044.08,Post
1881559,P167794,"One WASH—Consolidated Water Supply, Sanitation, and Hygiene Account Project (One WASH—CWA)",1881559,Works,Ethiopia,"April 21, 2026",Taibou Adamou Maiga,Request for Quotations,ET-MOH-270397-CW-RFQ,"May 10, 2021",270.16,Post
1881563,P174085,Recovery and Advancement of Informal Sector Employment,1881563,Goods,Bangladesh,"April 21, 2026",Aneeka Rahman,Request for Bids,GD-08,"October 23, 2022",4034.23,Post
1881562,P162916,Mauritania Youth Employability Project,1881562,Non-consulting Services,Mauritania,"April 21, 2026",Friederike Uta Rother,Direct Selection,162/2025/PEJ-RIM,"December 1, 2025",37459.52,Post
1881561,P174335,Cambodia General Education Improvement Project,1881561,Goods,Cambodia,"April 21, 2026",Tsuyoshi Fukao,Request for Bids,MOEYS-GEIPAF-NCB-G-001,"March 6, 2026",269400.0,Post
1881560,P178040,Angola Strengthening Governance for Enhanced Service Delivery Project,1881560,Consultant Services,Angola,"April 21, 2026",Eduardo Andres Estrada,Individual Consultant Selection,96/C4/ICS/NJILA/24,"November 12, 2025",30000.0,Prior
1881564,P172479,Strengthen Ethiopia’s Adaptive Safety Net,1881564,Goods,Ethiopia,"April 21, 2026",Christabel E. Dadzie,Request for Quotations,ET-TIGRAY FSCO-481597-GO-RFQ,"June 8, 2025",2196.29,Post
1881567,P163782,Integrated Water Management and Development Project,1881567,Consultant Services,Uganda,"April 21, 2026",Lillian Muhebwa,Direct Selection,UG-MWE-187888-CS-CDS,"October 11, 2021",203670.72,Post
1881565,P508058,"Bangladesh Sustainable Recovery, Emergency Preparedness and Response Project",1881565,Consultant Services,Bangladesh,"April 21, 2026",Swarna Kazi,Individual Consultant Selection,BSTRONG/LGED/S-06,"April 19, 2026",181719.17,Prior
1881566,P178040,Angola Strengthening Governance for Enhanced Service Delivery Project,1881566,Consultant Services,Angola,"April 21, 2026",Eduardo Andres Estrada,Quality And Cost-Based Selection,80/C2/C/PROFOGMEPS/28,"April 17, 2026",206347.69,Post
1881571,P174414,Niger Integrated Water Security Platform Project (Niger-IWSP Project),1881571,Works,Niger,"April 21, 2026",Mohamed Nanzoul,Request for Bids,NE-PISEN-478351-CW-RFB,"March 24, 2026",1257715.89,Prior
1881570,P178362,Cote d’Ivoire Inclusive Connectivity and Rural Infrastructure Project,1881570,Works,Cote d'Ivoire,"April 21, 2026",Oceane Keou,Request for Quotations,CI-CC-PRICI-521117-CW-RFQ,"March 26, 2026",150568.35,Post
1881569,P170941,Kenya Digital Economy Acceleration Project,1881569,Consultant Services,Kenya,"April 21, 2026",Aneliya Muller,Quality And Cost-Based Selection,KE-ICTA-401465-CS-QCBS,"April 8, 2026",1334000.0,Prior
1881572,P172657,Improving Learning and Empowering Girls in Mozambique,1881572,Consultant Services,Mozambique,"April 21, 2026",Lucia Jose Nhampossa,Quality And Cost-Based Selection,36/CONS/ILEGP/22,"August 20, 2024",583710.0,Prior
1881575,P169916,SENEGAL - Project for the Improvement of Education System Performance - PAPSE,1881575,Goods,Senegal,"April 21, 2026",Alison Marie Grimsland,Direct Selection,SN-MEN-530507-GO-DIR,"April 2, 2026",1063069.61,Post
1881574,P172479,Strengthen Ethiopia’s Adaptive Safety Net,1881574,Goods,Ethiopia,"April 21, 2026",Christabel E. Dadzie,Request for Quotations,ET-TIGRAY FSCO-481597-GO-RFQ,"June 5, 2025",6208.15,Post
1881576,P166656,"Vietnam University Development of VNU-Hanoi, VNU-HCM, and UD",1881576,Goods,Viet Nam,"April 21, 2026",Dung Kieu Vo,Request for Bids,HCMVNU-G- 08.1,"March 20, 2026",1693309.46,Prior
1881577,P168847,Mauritania Agriculture Development and Innovation Support Project,1881577,Consultant Services,Mauritania,"April 21, 2026",Fred Kizito,Individual Consultant Selection,MR-PADISAM-505473-CS-INDV,"November 24, 2025",7516.96,Post
1881578,P165129,Integrated Project for Source Sustainability and Climate Resilient Rain-fed Agriculture in Himachal Pradesh,1881578,Works,India,"April 21, 2026",Saumya Srivastava,Request for Quotations,"IN-DPO, NAHAN-491614-CW-RFQ","October 9, 2025",5328.53,Post
1881579,P174414,Niger Integrated Water Security Platform Project (Niger-IWSP Project),1881579,Works,Niger,"April 21, 2026",Mohamed Nanzoul,Request for Bids,NE-PISEN-478351-CW-RFB,"March 9, 2026",808651.81,Prior
1881582,P172434,Somalia Education for Human Capital Development Project,1881582,Works,"Somalia, Federal Republic of","April 21, 2026",Harisoa Danielle Rasolonjatovo Andriamihamina,Request for Bids,SO-MOECHE-HS-513665-CW-RFB,"April 8, 2026",234983.36,Prior
1881580,P165129,Integrated Project for Source Sustainability and Climate Resilient Rain-fed Agriculture in Himachal Pradesh,1881580,Works,India,"April 21, 2026",Saumya Srivastava,Request for Quotations,"IN-DPO, NAHAN-491614-CW-RFQ","October 28, 2025",5326.93,Post
1881581,P172479,Strengthen Ethiopia’s Adaptive Safety Net,1881581,Goods,Ethiopia,"April 21, 2026",Christabel E. Dadzie,Request for Quotations,ET-TIGRAY FSCO-481597-GO-RFQ,"June 9, 2025",154.28,Post
1881583,P165129,Integrated Project for Source Sustainability and Climate Resilient Rain-fed Agriculture in Himachal Pradesh,1881583,Works,India,"April 21, 2026",Saumya Srivastava,Request for Quotations,"IN-DPO, NAHAN-491614-CW-RFQ","November 21, 2025",33429.94,Post
1881585,P172434,Somalia Education for Human Capital Development Project,1881585,Works,"Somalia, Federal Republic of","April 21, 2026",Harisoa Danielle Rasolonjatovo Andriamihamina,Request for Bids,SO-MOECHE-HS-513665-CW-RFB,"April 8, 2026",228796.56,Prior
1881584,P165129,Integrated Project for Source Sustainability and Climate Resilient Rain-fed Agriculture in Himachal Pradesh,1881584,Works,India,"April 21, 2026",Saumya Srivastava,Request for Quotations,"IN-DPO, NAHAN-491614-CW-RFQ","November 16, 2025",5382.95,Post
1881586,P173197,Regional Sahel Pastoralism Support Project II,1881586,Goods,Mauritania,"April 21, 2026",Franck Berthe,Request for Quotations,46/F/PRAPSII-S2/2025,"April 15, 2026",31947.08,Post
1881587,P165129,Integrated Project for Source Sustainability and Climate Resilient Rain-fed Agriculture in Himachal Pradesh,1881587,Works,India,"April 21, 2026",Saumya Srivastava,Request for Quotations,"IN-DPO, NAHAN-491614-CW-RFQ","October 16, 2025",5501.54,Post
1881588,P145559,Coastal Region Water Security and Climate Resilience Project,1881588,Non-consulting Services,Kenya,"April 21, 2026",Pieter Waalewijn,Request for Quotations,KE-MOWI-CRWSCRP-001-2025-2026-NC-RFQ,"March 3, 2026",151522.08,Post
1881589,P165129,Integrated Project for Source Sustainability and Climate Resilient Rain-fed Agriculture in Himachal Pradesh,1881589,Works,India,"April 21, 2026",Saumya Srivastava,Request for Quotations,"IN-DPO, NAHAN-491614-CW-RFQ","October 16, 2025",5437.8,Post
1881590,P500727,Inclusive Services and Opportunities for Host Communities and Displaced Rohingya Population,1881590,Goods,Bangladesh,"April 21, 2026",Shrayana Bhattacharya,Request for Quotations,MOWCA/GP-04(A),"April 12, 2026",3985.33,Post
1881591,P165129,Integrated Project for Source Sustainability and Climate Resilient Rain-fed Agriculture in Himachal Pradesh,1881591,Works,India,"April 21, 2026",Saumya Srivastava,Request for Quotations,"IN-DPO, NAHAN-491614-CW-RFQ","October 15, 2025",5439.64,Post
1881592,P174620,CAR- Public Sector Digital Governance Project,1881592,Consultant Services,Central African Republic,"April 21, 2026",Amadou Makhtar Fall,Individual Consultant Selection,91,"January 12, 2026",36607.34,Post
1881593,P161915,Sustainable Cities Project 2,1881593,Consultant Services,Italy,"April 21, 2026",Xueman Wang,Consultant Qualification Selection,KEMERHISAR-C2,"April 15, 2026",143547.35,Post
1881594,P172434,Somalia Education for Human Capital Development Project,1881594,Works,"Somalia, Federal Republic of","April 21, 2026",Harisoa Danielle Rasolonjatovo Andriamihamina,Request for Bids,SO-MOECHE-HS-513665-CW-RFB,"April 8, 2026",183904.22,Prior
1881595,P172479,Strengthen Ethiopia’s Adaptive Safety Net,1881595,Goods,Ethiopia,"April 21, 2026",Christabel E. Dadzie,Request for Quotations,ET-TIGRAY FSCO-481563-GO-RFQ,"December 24, 2024",10946.41,Post
1881596,P174620,CAR- Public Sector Digital Governance Project,1881596,Consultant Services,Central African Republic,"April 21, 2026",Amadou Makhtar Fall,Individual Consultant Selection,108,"November 4, 2025",47188.26,Post
1881597,P174414,Niger Integrated Water Security Platform Project (Niger-IWSP Project),1881597,Works,Niger,"April 21, 2026",Mohamed Nanzoul,Request for Bids,NE-PISEN-478351-CW-RFB,"March 9, 2026",717243.31,Prior
1881598,P177816,Food Systems Resilience Program for Eastern and Southern Africa (Phase 3) FSRP,1881598,Consultant Services,"Somalia, Federal Republic of","April 21, 2026",Benjamin Billard,Individual Consultant Selection,SO-MOAI-379667-CS-INDV,"December 12, 2025",49560.0,Prior
1881599,P172479,Strengthen Ethiopia’s Adaptive Safety Net,1881599,Goods,Ethiopia,"April 21, 2026",Christabel E. Dadzie,Request for Quotations,ET-TIGRAY FSCO-483075-GO-RFQ,"April 24, 2025",2504.54,Post
1881603,P179687,Nigeria Distributed Access through Renewable Energy Scale-up Project,1881603,Goods,Nigeria,"April 21, 2026",Abdulaziz Faghi,Request for Bids,REA-NEP/DARES/GO/RFQ/039/2025,"May 30, 2025",66726.86,Post
1881601,P175235,Central Africa Regional Waterways Project,1881601,Consultant Services,Canada,"April 21, 2026",Francis Eric Ovanda Mbele,Direct Selection,CONTRAT N032-025-SC-MEPIR-UGP PRACAC,"October 16, 2025",519349.0,Post
1881602,P156433,Second Ethiopia Urban Water Supply and Sanitation Project,1881602,Goods,Ethiopia,"April 21, 2026",Fook Chuan Eng,Request for Bids,ET-MOWIE-475869-GO-RFB,"July 21, 2025",119386.59,Post
1881600,P151224,Second Water Sector Institutional Development Project,1881600,Consultant Services,Angola,"April 21, 2026",Marco Antonio Aguero,Individual Consultant Selection,25BCS4/DNA/25,"March 27, 2026",241200.0,Prior
1881604,P172479,Strengthen Ethiopia’s Adaptive Safety Net,1881604,Goods,Ethiopia,"April 21, 2026",Christabel E. Dadzie,Request for Quotations,ET-TIGRAY FSCO-483071-GO-RFQ,"December 23, 2024",28288.5,Post
1881606,P151224,Second Water Sector Institutional Development Project,1881606,Consultant Services,Mozambique,"April 21, 2026",Marco Antonio Aguero,Individual Consultant Selection,118DCS4/EPAL/24,"April 17, 2026",182400.0,Post
1881605,P172434,Somalia Education for Human Capital Development Project,1881605,Works,"Somalia, Federal Republic of","April 21, 2026",Harisoa Danielle Rasolonjatovo Andriamihamina,Request for Bids,SO-MOECHE-HS-513665-CW-RFB,"April 8, 2026",211797.15,Prior
1881607,P172479,Strengthen Ethiopia’s Adaptive Safety Net,1881607,Goods,Ethiopia,"April 21, 2026",Christabel E. Dadzie,Request for Quotations,ET-TIGRAY FSCO-483072-GO-RFQ,"December 26, 2024",20712.75,Post
1881608,P172479,Strengthen Ethiopia’s Adaptive Safety Net,1881608,Goods,Ethiopia,"April 21, 2026",Christabel E. Dadzie,Request for Quotations,ET-TIGRAY FSCO-483072-GO-RFQ,"December 26, 2024",12622.4,Post
1881610,P172479,Strengthen Ethiopia’s Adaptive Safety Net,1881610,Goods,Ethiopia,"April 21, 2026",Christabel E. Dadzie,Request for Quotations,ET-CENTRAL ETH FSCD-482506-GO-RFQ,"April 24, 2025",7493.72,Post
1881609,P172434,Somalia Education for Human Capital Development Project,1881609,Works,"Somalia, Federal Republic of","April 21, 2026",Harisoa Danielle Rasolonjatovo Andriamihamina,Request for Bids,SO-MOECHE-HS-513665-CW-RFB,"April 8, 2026",187416.62,Prior
1881611,P172479,Strengthen Ethiopia’s Adaptive Safety Net,1881611,Goods,Ethiopia,"April 21, 2026",Christabel E. Dadzie,Request for Quotations,ET-CENTRAL ETH FSCD-482512-GO-RFQ,"May 21, 2025",3214.07,Post
1881612,P171664,Economic Linkages for Diversification,1881612,Consultant Services,Mozambique,"April 21, 2026",Laurent Olivier Corthay,Consultant Qualification Selection,MZ-MEF-DNT-499646-CS-CQS,"April 16, 2026",28316.82,Post
1881613,P171664,Economic Linkages for Diversification,1881613,Consultant Services,Mozambique,"April 21, 2026",Laurent Olivier Corthay,Consultant Qualification Selection,MZ-MEF-DNT-499646-CS-CQS,"April 16, 2026",88148.58,Post
1881614,P172479,Strengthen Ethiopia’s Adaptive Safety Net,1881614,Goods,Ethiopia,"April 21, 2026",Christabel E. Dadzie,Request for Quotations,ET-TIGRAY FSCO-483073-GO-RFQ,"January 13, 2025",18311.8,Post
1881615,P172479,Strengthen Ethiopia’s Adaptive Safety Net,1881615,Goods,Ethiopia,"April 21, 2026",Christabel E. Dadzie,Request for Quotations,ET-TIGRAY FSCO-483073-GO-RFQ,"January 13, 2025",4777.71,Post
1881617,P171316,Growing Up and Learning Together: Comprehensive Early Childhood Development in El Salvador,1881617,Works,Guatemala,"April 21, 2026",Isy Faingold Vigil,Request for Bids,SDO-03/2025-MINEDUCYT-BIRF-BIS,"December 5, 2025",2909840.93,Prior
1881618,P175235,Central Africa Regional Waterways Project,1881618,Consultant Services,Canada,"April 21, 2026",Francis Eric Ovanda Mbele,Direct Selection,CONTRAT N 035-2025-SC-MEPIR-UGP PRACAC,"September 26, 2025",519349.0,Post
1881619,P174178,Social Protection and Youth Productive Inclusion Project,1881619,Goods,"Congo, Republic of","April 21, 2026",Gbetoho Joachim Boko,Request for Quotations,CG-PSIPJ-155-F-CF-2025,"November 13, 2025",3922.55,Post
1881620,P174178,Social Protection and Youth Productive Inclusion Project,1881620,Goods,"Congo, Republic of","April 21, 2026",Gbetoho Joachim Boko,Request for Quotations,CG-PSIPJ-155-F-CF-2025,"November 13, 2025",9785.06,Post
1881621,P151224,Second Water Sector Institutional Development Project,1881621,Goods,Angola,"April 21, 2026",Marco Antonio Aguero,Request for Quotations,150G1/HUAMBO/EPAS/24,"February 6, 2025",113122.91,Post
1881623,P149239,Nepal: Private Sector-Led Mini-Grid Energy Access Project,1881623,Consultant Services,Nepal,"April 21, 2026",Nguyet Anh Pham,Consultant Qualification Selection,NP-AEPC-20252601-CS-CQS,"April 20, 2026",90234.61,Post
1881622,P178954,Water and Sanitation Project - I,1881622,Consultant Services,Malawi,"April 21, 2026",Ivaylo Hristov Kolev,Individual Consultant Selection,MW-BWB-399825-CS-INDV,"April 30, 2024",20762.28,Post
1881624,P149239,Nepal: Private Sector-Led Mini-Grid Energy Access Project,1881624,Consultant Services,Nepal,"April 21, 2026",Nguyet Anh Pham,Consultant Qualification Selection,NP-AEPC-20252602-CS-CQS,"April 20, 2026",78641.53,Post
1881627,P173975,"Georgia Relief and Recovery for Micro, Small, and Medium Enterprises",1881627,Consultant Services,Georgia,"April 21, 2026",Natalia Tsivadze,Individual Consultant Selection,GE-EG-CS-IC-37,"April 20, 2026",20728.14,Post
1881625,P180384,Haiti Strengthening Public Financial Management Project,1881625,Consultant Services,Haiti,"April 21, 2026",Marieta Fall,Individual Consultant Selection,HT-UCP/MEF-501244-CS-INDV,"January 30, 2026",30316.91,Post
1881626,P175325,Casamance Economic Development Project,1881626,Goods,Senegal,"April 21, 2026",Mame Safietou Djamil Gueye,Request for Quotations,SN-PDEC-528499-GO-RFQ,"March 11, 2026",7404.9,Post
1881628,P171316,Growing Up and Learning Together: Comprehensive Early Childhood Development in El Salvador,1881628,Works,Guatemala,"April 21, 2026",Isy Faingold Vigil,Request for Bids,SDO-03/2025-MINEDUCYT-BIRF-BIS,"December 5, 2025",2933622.07,Prior
1881630,P162278,National Urban Cadaster and Municipal Support Project,1881630,Consultant Services,Peru,"April 21, 2026",Gabriel Sergio Arrisueno Fajardo,Individual Consultant Selection,CONTRATO N°027-2026-UE003/COFOPRI,"March 20, 2026",10024.84,Post
1881629,P162278,National Urban Cadaster and Municipal Support Project,1881629,Consultant Services,Peru,"April 21, 2026",Gabriel Sergio Arrisueno Fajardo,Individual Consultant Selection,CONTRATO N°017-2026-UE003/COFOPRI,"March 2, 2026",11490.26,Post
1881631,P169125,El Salvador Local Economic Resilience Project,1881631,Consultant Services,El Salvador,"April 21, 2026",Dmitry Sivaev,Quality And Cost-Based Selection,SDP-SBCC-006/2024 - BIS,"November 11, 2025",980201.55,Prior
1881632,P162278,National Urban Cadaster and Municipal Support Project,1881632,Consultant Services,Peru,"April 21, 2026",Gabriel Sergio Arrisueno Fajardo,Individual Consultant Selection,CONTRATO N°009-2026-UE003/COFOPRI,"February 16, 2026",11645.51,Post
1881633,P167678,Gazetted Forests Management Project,1881633,Consultant Services,Benin,"April 21, 2026",Jean-Dominique Luc Marie Bescond,Consultant Qualification Selection,BJ-WACA -354483-CS-CQS,"April 5, 2026",292538.19,Post
1881634,P174178,Social Protection and Youth Productive Inclusion Project,1881634,Goods,"Congo, Republic of","April 21, 2026",Gbetoho Joachim Boko,Request for Quotations,CG-PSIPJ-155-F-CF-2025,"November 13, 2025",19626.42,Post
1881635,P177816,Food Systems Resilience Program for Eastern and Southern Africa (Phase 3) FSRP,1881635,Goods,Malawi,"April 21, 2026",Benjamin Billard,Request for Quotations,MW-MOA-481174-GO-RFQ2,"February 27, 2026",57618.74,Post
1881636,P177816,Food Systems Resilience Program for Eastern and Southern Africa (Phase 3) FSRP,1881636,Goods,Malawi,"April 21, 2026",Benjamin Billard,Request for Quotations,MW-MOA-481174-GO-RFQ2,"February 27, 2026",55546.46,Post
1881637,P174178,Social Protection and Youth Productive Inclusion Project,1881637,Goods,"Congo, Republic of","April 21, 2026",Gbetoho Joachim Boko,Request for Quotations,CG-PSIPJ-155-F-CF-2025,"November 13, 2025",5755.92,Post
1881638,P166279,Second Rural Economic Development Initiative (REDI II) Project,1881638,Goods,Jamaica,"April 21, 2026",Kilara C Suit,Request for Bids,JM-JSIF-445914-GO-RFQ,"August 21, 2025",204946.66,Post
1881639,P166279,Second Rural Economic Development Initiative (REDI II) Project,1881639,Goods,Jamaica,"April 21, 2026",Kilara C Suit,Request for Bids,JM-JSIF-445914-GO-RFQ,"August 21, 2025",4533.46,Post
1881641,P179687,Nigeria Distributed Access through Renewable Energy Scale-up Project,1881641,Goods,Nigeria,"April 21, 2026",Abdulaziz Faghi,Request for Bids,REA-NEP/DARES/GO/RFQ/039/2025,"May 27, 2025",216508.36,Post
1881643,P171316,Growing Up and Learning Together: Comprehensive Early Childhood Development in El Salvador,1881643,Works,Guatemala,"April 21, 2026",Isy Faingold Vigil,Request for Bids,SDO-03/2025-MINEDUCYT-BIRF-BIS,"December 5, 2025",2782117.21,Prior
1881640,P164293,Burkina Faso Higher Education Support Project,1881640,Goods,Burkina Faso,"April 21, 2026",Amina Debissa Denboba,Request for Quotations,BF-PAES-342282-GO-RFQ,"February 1, 2024",75931.55,Post
1881642,P179665,Takaful and Karama Cash Transfer Expansion and Systems Building Project,1881642,Goods,"Egypt, Arab Republic of","April 21, 2026",Souraya El Assiouty,Request for Bids,EG-MOSS-447488-GO-RFB,"June 15, 2025",11700.0,Prior
1881644,P171316,Growing Up and Learning Together: Comprehensive Early Childhood Development in El Salvador,1881644,Works,Guatemala,"April 21, 2026",Isy Faingold Vigil,Request for Bids,SDO-03/2025-MINEDUCYT-BIRF-BIS,"December 5, 2025",1980941.2,Prior
1881647,P509601,Niger Food Security and Emergency Access to Essential Services Project,1881647,Goods,Niger,"April 21, 2026",Tahirou Kalam,Request for Quotations,Contrat N°01/2025/UCP/P-RCF,"September 9, 2025",23843.14,Post
1881645,P171316,Growing Up and Learning Together: Comprehensive Early Childhood Development in El Salvador,1881645,Works,Guatemala,"April 21, 2026",Isy Faingold Vigil,Request for Bids,SDO-03/2025-MINEDUCYT-BIRF-BIS,"December 5, 2025",1922188.75,Prior
1881646,P163399,East Africa Skills for Transformation and Regional Integration Project (EASTRIP),1881646,Consultant Services,Ethiopia,"April 21, 2026",Nobuyuki Tanaka,Individual Consultant Selection,GW/IC/CS/03/2019,"September 1, 2022",320.22,Post
1881648,P163399,East Africa Skills for Transformation and Regional Integration Project (EASTRIP),1881648,Consultant Services,Ethiopia,"April 21, 2026",Nobuyuki Tanaka,Individual Consultant Selection,GW/IC/CS/18/2020,"October 5, 2020",320.22,Post
1881649,P163399,East Africa Skills for Transformation and Regional Integration Project (EASTRIP),1881649,Consultant Services,Ethiopia,"April 21, 2026",Nobuyuki Tanaka,Individual Consultant Selection,GW/IC/CS/13/2019,"October 5, 2020",256.18,Post
1881650,P163399,East Africa Skills for Transformation and Regional Integration Project (EASTRIP),1881650,Consultant Services,Ethiopia,"April 21, 2026",Nobuyuki Tanaka,Individual Consultant Selection,GW/IC/CS/16/2020,"October 5, 2020",352.24,Post
1881651,P163399,East Africa Skills for Transformation and Regional Integration Project (EASTRIP),1881651,Consultant Services,Ethiopia,"April 21, 2026",Nobuyuki Tanaka,Individual Consultant Selection,GW/IC/CS/11/2019,"September 21, 2020",384.27,Post
1881652,P171528,Caribbean Digital Transformation Project,1881652,Consultant Services,Jamaica,"April 21, 2026",Marolla Haddad,Consultant Qualification Selection,LC-DPS-377655-CS-CQS,"April 10, 2026",349600.0,Post
1881653,P162833,Improving the Performance of Non-Criminal Justice Services,1881653,Consultant Services,Peru,"April 21, 2026",Ruben Leonel Ruano Chinchilla,Individual Consultant Selection,PE-PJ-482720-CS-INDV,"May 13, 2025",46863.47,Post
1881654,P156880,Enhancing Waterway Connectivity and Water Service Provision in Colombia’s Plan Pazcifico,1881654,Consultant Services,Colombia,"April 21, 2026",Liljana Sekerinska,Individual Consultant Selection,57833-PTSP-014-2026,"March 6, 2026",5993.13,Post
1881655,P177210,Resilient connectivity and Urban Transport Accessibility Project,1881655,Works,Haiti,"April 21, 2026",Ibrahim Kabore,Request for Bids,AON-016-RUTAP/2024-1,"February 10, 2026",1695761.2,Prior
1881656,P162833,Improving the Performance of Non-Criminal Justice Services,1881656,Consultant Services,Peru,"April 21, 2026",Ruben Leonel Ruano Chinchilla,Individual Consultant Selection,PE-PJ-482782-CS-INDV,"September 5, 2025",1665.31,Post
1881657,P162594,Multipurpose Cadaster Project,1881657,Consultant Services,Colombia,"April 21, 2026",Ivonne Astrid Moreno Horta,Individual Consultant Selection,DNP-OR-051-2026,"April 16, 2026",10858.76,Post
1881658,P172479,Strengthen Ethiopia’s Adaptive Safety Net,1881658,Works,Ethiopia,"April 21, 2026",Christabel E. Dadzie,Request for Quotations,ET-SOMALI DHNNWOFED-479723-CW-RFQ,"May 20, 2025",11023.49,Post
1881659,P172479,Strengthen Ethiopia’s Adaptive Safety Net,1881659,Goods,Ethiopia,"April 21, 2026",Christabel E. Dadzie,Request for Quotations,ET-SOMALI DBWYNWOFED-479338-GO-RFQ,"June 2, 2025",7941.5,Post
1881663,P172479,Strengthen Ethiopia’s Adaptive Safety Net,1881663,Works,Ethiopia,"April 22, 2026",Christabel E. Dadzie,Request for Quotations,ET-SOMALI QLFOWOFED-486373-CW-RFQ,"June 9, 2025",40796.24,Post
1881662,P172479,Strengthen Ethiopia’s Adaptive Safety Net,1881662,Goods,Ethiopia,"April 22, 2026",Christabel E. Dadzie,Request for Quotations,ET-SOMALI QLFOWOFED-486371-GO-RFQ,"June 2, 2025",23862.92,Post
1881661,P162833,Improving the Performance of Non-Criminal Justice Services,1881661,Consultant Services,Peru,"April 22, 2026",Ruben Leonel Ruano Chinchilla,Individual Consultant Selection,PE-PJ-482774-CS-INDV,"July 30, 2025",1665.31,Post
1881664,P162833,Improving the Performance of Non-Criminal Justice Services,1881664,Consultant Services,Peru,"April 22, 2026",Ruben Leonel Ruano Chinchilla,Individual Consultant Selection,PE-PJ-504130-CS-INDV,"August 15, 2025",47009.05,Post
1881665,P175011,Turkey Climate Smart and Competitive Agricultural Growth Project (TUCSAP),1881665,Works,Turkiye,"April 22, 2026",Luz Berania Diaz Rios,Request for Bids,W.TRGM.CS1.1-03,"October 22, 2025",3329608.42,Prior
1881666,P175011,Turkey Climate Smart and Competitive Agricultural Growth Project (TUCSAP),1881666,Works,Turkiye,"April 22, 2026",Luz Berania Diaz Rios,Request for Bids,W.TRGM.CS1.1-03,"October 22, 2025",758568.56,Prior
1881667,P175011,Turkey Climate Smart and Competitive Agricultural Growth Project (TUCSAP),1881667,Works,Turkiye,"April 22, 2026",Luz Berania Diaz Rios,Request for Bids,W.TRGM.CS1.1-03,"October 22, 2025",1897568.22,Prior
1881668,P175011,Turkey Climate Smart and Competitive Agricultural Growth Project (TUCSAP),1881668,Works,Turkiye,"April 22, 2026",Luz Berania Diaz Rios,Request for Bids,W.TRGM.CS1.1-03,"October 22, 2025",3151694.56,Prior
1881669,P175011,Turkey Climate Smart and Competitive Agricultural Growth Project (TUCSAP),1881669,Works,Turkiye,"April 22, 2026",Luz Berania Diaz Rios,Request for Bids,W.TRGM.CS1.1-03,"October 22, 2025",1972195.81,Prior
1881670,P175011,Turkey Climate Smart and Competitive Agricultural Growth Project (TUCSAP),1881670,Works,Turkiye,"April 22, 2026",Luz Berania Diaz Rios,Request for Bids,W.TRGM.CS1.1-03,"October 22, 2025",1837887.14,Prior
1881671,P175011,Turkey Climate Smart and Competitive Agricultural Growth Project (TUCSAP),1881671,Works,Turkiye,"April 22, 2026",Luz Berania Diaz Rios,Request for Bids,W.TRGM.CS1.1-03,"October 22, 2025",3005739.56,Prior
1881672,P175011,Turkey Climate Smart and Competitive Agricultural Growth Project (TUCSAP),1881672,Works,Turkiye,"April 22, 2026",Luz Berania Diaz Rios,Request for Bids,W.TRGM.CS1.1-03,"October 22, 2025",1698455.59,Prior
1881673,P175011,Turkey Climate Smart and Competitive Agricultural Growth Project (TUCSAP),1881673,Works,Turkiye,"April 22, 2026",Luz Berania Diaz Rios,Request for Bids,W.TRGM.CS1.1-03,"October 22, 2025",3259594.99,Prior
1881674,P175011,Turkey Climate Smart and Competitive Agricultural Growth Project (TUCSAP),1881674,Works,Turkiye,"April 22, 2026",Luz Berania Diaz Rios,Request for Bids,W.TRGM.CS1.1-03,"October 22, 2025",596715.76,Prior
1881675,P175011,Turkey Climate Smart and Competitive Agricultural Growth Project (TUCSAP),1881675,Works,Turkiye,"April 22, 2026",Luz Berania Diaz Rios,Request for Bids,W.TRGM.CS1.1-03,"October 22, 2025",670514.96,Prior
1881676,P178878,Social Protection Modernization and Economic Inclusion Project,1881676,Goods,Tajikistan,"April 22, 2026",Anna Sukhova,Request for Quotations,MLME-SPMEI/RFQ/2026-13,"April 3, 2026",78560.43,Post
1881677,P175011,Turkey Climate Smart and Competitive Agricultural Growth Project (TUCSAP),1881677,Works,Turkiye,"April 22, 2026",Luz Berania Diaz Rios,Request for Bids,W.TRGM.CS1.1-03,"October 22, 2025",3456815.28,Prior
1881678,P166672,ID: Jambi Sustainable Landscape Management Project (J-SLMP),1881678,Goods,Indonesia,"April 22, 2026",Tini Gumartini,Request for Quotations,ID-BTNBS-418553-GO-RFQ,"June 19, 2024",1277.41,Post
1881679,P175011,Turkey Climate Smart and Competitive Agricultural Growth Project (TUCSAP),1881679,Works,Turkiye,"April 22, 2026",Luz Berania Diaz Rios,Request for Bids,W.TRGM.CS1.1-03,"October 22, 2025",4076463.72,Prior
1881680,P175011,Turkey Climate Smart and Competitive Agricultural Growth Project (TUCSAP),1881680,Works,Turkiye,"April 22, 2026",Luz Berania Diaz Rios,Request for Bids,W.TRGM.CS1.1-03,"October 22, 2025",1572962.92,Prior
1881681,P178136,Cameroon Power Sector Reform Program,1881681,Goods,Cameroon,"April 22, 2026",Ahmed Ousman Abani,Request for Quotations,CM-MINEE/UCP-PFORR/030,"March 31, 2026",17925.8,Post
1881682,P163742,Climate Smart Irrigated Agriculture Project,1881682,Goods,Sri Lanka,"April 22, 2026",Sheu Salau,Request for Quotations,LK-MOA-505750-GO-RFQ-PMU,"October 24, 2025",12295.06,Post
1881683,P178985,Bangladesh Resilient Urban and Territorial Development Project,1881683,Works,Bangladesh,"April 22, 2026",Kwabena Amankwah-Ayeh,Request for Bids,RUTDP/NCC /2024-25/W-01,"February 25, 2026",1977771.33,Post
1881687,P168633,Kerala Solid Waste Management Project,1881687,Works,India,"April 22, 2026",Zhiyu Jerry Chen,Request for Bids,IN-SUCM -516345-CW-RFB,"February 9, 2026",3337225.36,Post
1881684,P165129,Integrated Project for Source Sustainability and Climate Resilient Rain-fed Agriculture in Himachal Pradesh,1881684,Works,India,"April 22, 2026",Saumya Srivastava,Request for Quotations,"IN-DPO, NAHAN-491614-CW-RFQ","November 21, 2025",5403.13,Post
1881688,P508058,"Bangladesh Sustainable Recovery, Emergency Preparedness and Response Project",1881688,Consultant Services,Bangladesh,"April 22, 2026",Swarna Kazi,Individual Consultant Selection,BSTRONG/DAE/FMS/S-01,"December 30, 2025",84547.68,Post
1881691,P165129,Integrated Project for Source Sustainability and Climate Resilient Rain-fed Agriculture in Himachal Pradesh,1881691,Works,India,"April 22, 2026",Saumya Srivastava,Request for Quotations,"IN-DPO, NAHAN-514813-CW-RFQ","November 25, 2025",5318.86,Post
1881689,P172479,Strengthen Ethiopia’s Adaptive Safety Net,1881689,Non-consulting Services,Ethiopia,"April 22, 2026",Christabel E. Dadzie,Request for Quotations,ET-CENTRAL ETH FSCD-482373-NC-RFQ,"April 17, 2025",3684.78,Post
1881690,P167794,"One WASH—Consolidated Water Supply, Sanitation, and Hygiene Account Project (One WASH—CWA)",1881690,Works,Ethiopia,"April 22, 2026",Taibou Adamou Maiga,Request for Quotations,ET-MOH-320510-CW-RFQ,"April 17, 2023",5635.9,Post
1881692,P172479,Strengthen Ethiopia’s Adaptive Safety Net,1881692,Non-consulting Services,Ethiopia,"April 22, 2026",Christabel E. Dadzie,Request for Quotations,ET-CENTRAL ETH FSCD-482367-CW-RFQ,"April 24, 2025",6165.01,Post
1881695,P178566,Food Systems Resilience Program for Eastern and Southern Africa,1881695,Works,Ethiopia,"April 22, 2026",Hanane Ahmed,Request for Quotations,ET-OROMIA-KOFALE-FSRP-516592-CW-RFQ/25,"March 16, 2026",16011.82,Post
1881693,P178566,Food Systems Resilience Program for Eastern and Southern Africa,1881693,Works,Ethiopia,"April 22, 2026",Hanane Ahmed,Request for Quotations,ET-OROMIA-KOFALE-FSRP-516592-CW-RFQ/25,"March 16, 2026",45746.44,Post
1881694,P172479,Strengthen Ethiopia’s Adaptive Safety Net,1881694,Non-consulting Services,Ethiopia,"April 22, 2026",Christabel E. Dadzie,Request for Quotations,ET-CENTRAL ETH FSCD-482367-CW-RFQ,"May 26, 2025",3912.87,Post
1881696,P165129,Integrated Project for Source Sustainability and Climate Resilient Rain-fed Agriculture in Himachal Pradesh,1881696,Works,India,"April 22, 2026",Saumya Srivastava,Request for Quotations,"IN-DPO, NAHAN-514813-CW-RFQ","January 13, 2026",5296.47,Post
1881698,P178566,Food Systems Resilience Program for Eastern and Southern Africa,1881698,Goods,Ethiopia,"April 22, 2026",Hanane Ahmed,Request for Quotations,ET-OROMIA-KOFALE-FSRP-516590-GO-RFQ/25,"February 24, 2026",9328.7,Post
1881697,P172479,Strengthen Ethiopia’s Adaptive Safety Net,1881697,Non-consulting Services,Ethiopia,"April 22, 2026",Christabel E. Dadzie,Request for Quotations,ET-CENTRAL ETH FSCD-482367-CW-RFQ,"May 28, 2025",5293.36,Post
1881699,P165129,Integrated Project for Source Sustainability and Climate Resilient Rain-fed Agriculture in Himachal Pradesh,1881699,Works,India,"April 22, 2026",Saumya Srivastava,Request for Quotations,"IN-DPO, NAHAN-514813-CW-RFQ","November 20, 2025",5285.36,Post
1881703,P165129,Integrated Project for Source Sustainability and Climate Resilient Rain-fed Agriculture in Himachal Pradesh,1881703,Works,India,"April 22, 2026",Saumya Srivastava,Request for Quotations,"IN-DPO, NAHAN-514813-CW-RFQ","November 26, 2025",5326.35,Post
1881702,P172479,Strengthen Ethiopia’s Adaptive Safety Net,1881702,Goods,Ethiopia,"April 22, 2026",Christabel E. Dadzie,Request for Quotations,ET-CENTRAL ETH FSCD-482372-GO-RFQ,"May 31, 2025",15201.08,Post
1881700,P178566,Food Systems Resilience Program for Eastern and Southern Africa,1881700,Goods,Ethiopia,"April 22, 2026",Hanane Ahmed,Request for Quotations,ET-OROMIA-KOFALE-FSRP-516590-GO-RFQ/25,"February 24, 2026",1524.26,Post
1881705,P165129,Integrated Project for Source Sustainability and Climate Resilient Rain-fed Agriculture in Himachal Pradesh,1881705,Works,India,"April 22, 2026",Saumya Srivastava,Request for Quotations,"IN-DPO, NAHAN-514813-CW-RFQ","December 10, 2025",5334.9,Post
1881704,P160865,Livestock Productivity and Resilience Support Project,1881704,Works,Nigeria,"April 22, 2026",Manievel Sene,Request for Bids,NG-FMA- L-PRES-493041-CW-RFB,"February 23, 2026",215179.69,Post
1881706,P178883,Reducing Rural Poverty and Malnutrition Project II (RRPM II),1881706,Non-consulting Services,Lao People's Democratic Republic,"April 22, 2026",Kenichi Nishikawa Chavez,Request for Bids,C3-NCS-01,"October 9, 2025",258762.57,Post
1881708,P165129,Integrated Project for Source Sustainability and Climate Resilient Rain-fed Agriculture in Himachal Pradesh,1881708,Works,India,"April 22, 2026",Saumya Srivastava,Request for Quotations,"IN-DPO, NAHAN-514813-CW-RFQ","November 22, 2025",5286.78,Post
1881709,P180535,Cambodia Inclusive Livestock Value Chains Project,1881709,Consultant Services,Cambodia,"April 22, 2026",Mudita Chamroeun,Individual Consultant Selection,CILVCP-IC-004R,"February 19, 2026",38640.0,Post
1881710,P502464,Accelerating Sustainable and Clean Energy Access Transformation in Malawi,1881710,Goods,Malawi,"April 22, 2026",Alexis Madelain,Request for Bids,MW-MOE.-512004-GO-RFB,"March 24, 2026",252984.0,Post
1881711,P176589,Water Sector Governance and Infrastructure Support Project,1881711,Works,Nepal,"April 22, 2026",Amelia Midgley,Request for Bids,NP-DWSSM-484029-CW-RFB,"December 9, 2025",642538.57,Post
1881713,P178418,Tripura Rural Economic Growth and Service Delivery Project,1881713,Works,India,"April 22, 2026",Priti Kumar,Request for Bids,IN-PWD (R & B)-500959-CW-RFB,"December 22, 2025",3084543.19,Post
1881714,P509890,Urban Water Security Project,1881714,Works,Mozambique,"April 22, 2026",Jaime Palalane,Direct Selection,MZ-DNAAS-P132-CW-RFB-2023,"December 29, 2025",2128954.04,Post
1881716,P171762,Enhancing Collection of Revenue and Expenditure Management Project,1881716,Consultant Services,"Congo, Democratic Republic of","April 22, 2026",Ruxandra Burdescu,Direct Selection,ZR-COREF-387129-CS-CDS,"November 1, 2023",33600.0,Post
1881717,P180860,Integrated Land Administration and Spatial Planning Project,1881717,Non-consulting Services,Indonesia,"April 22, 2026",Willem Van Der Muur,Request for Quotations,ID-ATR-BPN-507013-NC-RFQ,"September 18, 2025",36414.0,Post
1881718,P168779,Niger Learning Improvement for Results in Education Project,1881718,Consultant Services,Niger,"April 22, 2026",Marie Jacqueline Yvette Sacadura,Consultant Qualification Selection,NE-P-LIRE-505649-CS-CQS,"January 16, 2026",81472.37,Post
1881719,P171762,Enhancing Collection of Revenue and Expenditure Management Project,1881719,Consultant Services,"Congo, Democratic Republic of","April 22, 2026",Ruxandra Burdescu,Direct Selection,ZR-COREF-371824-CS-CDS,"November 1, 2023",76200.0,Post
1881721,P172800,Cote d'Ivoire Youth Employment and Skills Development Project - Phase 3,1881721,Consultant Services,France,"April 22, 2026",Ali Coulibaly,Direct Selection,CI-BCP-EMPLOI-532523-CS-CDS,"April 10, 2026",26205.23,Post
1881720,P167794,"One WASH—Consolidated Water Supply, Sanitation, and Hygiene Account Project (One WASH—CWA)",1881720,Works,Ethiopia,"April 22, 2026",Taibou Adamou Maiga,Request for Quotations,ET-HARARI RWB-392178-CW-RFQ,"May 10, 2024",1357.76,Post
1881722,P500611,Second Real Estate Management Project,1881722,Consultant Services,Serbia,"April 22, 2026",Olivera Jordanovic,Individual Consultant Selection,SRB-REMP2-97110YF-IC-CS-26-062/1,"March 6, 2026",19130.44,Post
1881724,P500611,Second Real Estate Management Project,1881724,Consultant Services,Serbia,"April 22, 2026",Olivera Jordanovic,Individual Consultant Selection,SRB-REMP2-97110YF-IC-CS-26-062/2,"March 6, 2026",19130.44,Post
1881725,P168779,Niger Learning Improvement for Results in Education Project,1881725,Consultant Services,Niger,"April 22, 2026",Marie Jacqueline Yvette Sacadura,Consultant Qualification Selection,NE-P-LIRE-505643-CS-CQS,"January 19, 2026",108387.59,Post
1881726,P176683,CAR-Electricity Sector Strengthening and Access Project,1881726,Consultant Services,Central African Republic,"April 22, 2026",Monyl Toga,Individual Consultant Selection,PARSE/066/CS/INDV/25,"March 17, 2026",40879.33,Post
1881727,P501274,Host and Rohingya Enhancement of Lives Project,1881727,Consultant Services,Bangladesh,"April 22, 2026",Swarna Kazi,Consultant Qualification Selection,HELP/S-05,"October 29, 2025",40701.76,Post
1881729,P500611,Second Real Estate Management Project,1881729,Consultant Services,Serbia,"April 22, 2026",Olivera Jordanovic,Individual Consultant Selection,SRB-REMP2-97110YF-IC-CS-26-062/3,"March 9, 2026",19063.4,Post
1881730,P168779,Niger Learning Improvement for Results in Education Project,1881730,Consultant Services,Niger,"April 22, 2026",Marie Jacqueline Yvette Sacadura,Consultant Qualification Selection,NE-P-LIRE-505645-CS-CQS,"January 16, 2026",137831.46,Post
1881731,P175235,Central Africa Regional Waterways Project,1881731,Consultant Services,Canada,"April 22, 2026",Francis Eric Ovanda Mbele,Direct Selection,CONTRAT N028-2025-SC-MEPIR-UGP PRACAC,"September 26, 2025",519904.0,Post
1881732,P501343,Strengthening Electricity Services Project,1881732,Goods,Germany,"April 22, 2026",Daniel Camos Daurella,Direct Selection,CG-055-PASEL-FNT-25,"March 11, 2026",67002.42,Post
1881733,P179008,PROGREEN Kazakhstan Resilient Landscapes Restoration Project,1881733,Goods,Kazakhstan,"April 22, 2026",Talimjan Urazov,Request for Quotations,PROGREEN/ARBORETUM-GOODS/RFQ-12/2025,"July 31, 2025",107018.9,Post
1881734,P179935,Enhancing Landscape and Ecosystem Management (ELEMENT) Project,1881734,Works,India,"April 22, 2026",Drita Dade,Request for Quotations,IN-SESO-386972-CW-RFQ,"November 10, 2025",49560.75,Post
1881735,P179008,PROGREEN Kazakhstan Resilient Landscapes Restoration Project,1881735,Goods,Kazakhstan,"April 22, 2026",Talimjan Urazov,Request for Quotations,PROGREEN/KARATAU-RFQ-02/2024/3LOTS,"January 30, 2025",16339.29,Post
1881736,P179008,PROGREEN Kazakhstan Resilient Landscapes Restoration Project,1881736,Goods,Kazakhstan,"April 22, 2026",Talimjan Urazov,Request for Quotations,PROGREEN/KARATAU-RFQ-02/2024/3LOTS,"January 30, 2025",5376.08,Post
1881737,P179008,PROGREEN Kazakhstan Resilient Landscapes Restoration Project,1881737,Goods,Kazakhstan,"April 22, 2026",Talimjan Urazov,Request for Quotations,PROGREEN/KARATAU/GOODS-BUS/RFQ-07/2025,"September 2, 2025",42357.91,Post
1881739,P172499,Jamuna River Sustainable Management Project 1,1881739,Consultant Services,Bangladesh,"April 22, 2026",Yukio Tanaka,Individual Consultant Selection,SD-10-(RE),"April 20, 2026",70714.26,Post
1881738,P162337,West Africa Coastal Areas Resilience Investment Project,1881738,Consultant Services,Mauritania,"April 22, 2026",Manuela Ravina da Silva,Consultant Qualification Selection,MR-MEDD-481446-CS-CQS,"February 2, 2026",82500.0,Post
1881741,P179509,Guinea-Bissau Human Capital Project,1881741,Consultant Services,Burkina Faso,"April 22, 2026",Laurence Lannes,Individual Consultant Selection,GW-GUINEA-BISSAU - HCP-531589-CS-INDV,"April 1, 2026",44433.68,Post
1881740,P171658,Bamako Urban Resilience project,1881740,Goods,Mali,"April 22, 2026",Edouard Ereno Blanchet,Request for Quotations,0677/M-2025,"March 20, 2025",1955271.07,Post
1881742,P171658,Bamako Urban Resilience project,1881742,Non-consulting Services,Mali,"April 22, 2026",Edouard Ereno Blanchet,Request for Quotations,0788/M-2025,"March 20, 2025",75551.09,Post
1881743,P178132,West Africa Food System Resilience Program (FSRP) Phase 2,1881743,Goods,Chad,"April 22, 2026",Ashwini Rekha Sebastian,Request for Quotations,TD-FSRP 2 -TD-411959-GO-RFQ,"June 7, 2024",89526.62,Post
1881744,P173070,Gambia Inclusive and Resilient Agricultural Value Chain Development Project (GIRAV),1881744,Works,"Gambia, The","April 22, 2026",Aifa Fatimata Niane Ndoye,Request for Bids,GM-CPCU-521100-CW-RFB,"April 10, 2026",700396.95,Post
1881746,P178040,Angola Strengthening Governance for Enhanced Service Delivery Project,1881746,Works,Angola,"April 22, 2026",Eduardo Andres Estrada,Request for Bids,AO-MAT-518970-CW-RFB/2025,"March 23, 2026",629812.62,Post
1881745,P181463,Maharashtra Strengthening Institutional Capabilities in Districts for Enabling Growth Operation,1881745,Consultant Services,India,"April 22, 2026",Neha Gupta,Quality And Cost-Based Selection,"IN-DOT, MAHARASHTRA -506172-CS-QCBS","April 17, 2026",223115.34,Post
1881747,P175235,Central Africa Regional Waterways Project,1881747,Consultant Services,"Congo, Republic of","April 22, 2026",Francis Eric Ovanda Mbele,Direct Selection,CONTRAT N025/2025-SC-MEPIR-UGP PRACAC,"October 7, 2025",512722.67,Post
1881749,P178040,Angola Strengthening Governance for Enhanced Service Delivery Project,1881749,Works,Angola,"April 22, 2026",Eduardo Andres Estrada,Request for Bids,AO-MAT-518970-CW-RFB/2025,"March 23, 2026",592186.53,Post
1881750,P160245,Tunisia Irrigated Agriculture Intensification Project,1881750,Works,Tunisia,"April 22, 2026",Gabriella Izzi,Request for Bids,TN-MARHP-468609-CW-RFB-,"July 21, 2025",403681.87,Post
1881751,P156433,Second Ethiopia Urban Water Supply and Sanitation Project,1881751,Goods,Ethiopia,"April 22, 2026",Fook Chuan Eng,Request for Bids,ET-MOWIE-316106-GO-RFB,"February 29, 2024",1054080.39,Prior
1881752,P175327,Cash for Jobs Project,1881752,Consultant Services,Burundi,"April 22, 2026",Mona Luisa Niebuhr,Individual Consultant Selection,BI-MERANKABANDI-377287-CS-INDV,"January 2, 2024",14799.69,Post
1881754,P179509,Guinea-Bissau Human Capital Project,1881754,Consultant Services,Guinea-Bissau,"April 22, 2026",Laurence Lannes,Individual Consultant Selection,GW-GUINEA-BISSAU - HCP-497681-CS-INDV,"April 10, 2026",44433.68,Post
1881753,P160245,Tunisia Irrigated Agriculture Intensification Project,1881753,Works,Tunisia,"April 22, 2026",Gabriella Izzi,Request for Bids,TN-MARHP-468609-CW-RFB-,"July 21, 2025",4039859.56,Post
1881755,P178418,Tripura Rural Economic Growth and Service Delivery Project,1881755,Works,India,"April 22, 2026",Priti Kumar,Request for Bids,IN-PWD (R & B)-461346-CW-RFB,"January 7, 2026",2873069.15,Post
1881756,P176932,Digital Transformation for Africa/ Western Africa Regional Digital Integration Program SOP1,1881756,Consultant Services,Guinea,"April 22, 2026",Rocio Sanchez Vigueras,Individual Consultant Selection,N°011/MCENI/WARDIP-GN/CI/2026,"March 14, 2026",48000.0,Post
1881757,P174620,CAR- Public Sector Digital Governance Project,1881757,Goods,Central African Republic,"April 22, 2026",Amadou Makhtar Fall,Request for Quotations,124,"April 1, 2026",16136.58,Post
1881758,P178077,Economic Acceleration and Resilience for NEET (EARN),1881758,Consultant Services,Bangladesh,"April 22, 2026",Syed Rashed Al-Zayed Josh,Individual Consultant Selection,S15.10,"April 20, 2026",92909.54,Post
1881759,P178040,Angola Strengthening Governance for Enhanced Service Delivery Project,1881759,Works,Angola,"April 22, 2026",Eduardo Andres Estrada,Request for Bids,AO-MAT-518970-CW-RFB/2025,"March 23, 2026",149034.75,Post
1881762,P176589,Water Sector Governance and Infrastructure Support Project,1881762,Works,Nepal,"April 22, 2026",Amelia Midgley,Request for Bids,NP-DWSSM-511281-CW-RFB,"April 13, 2026",1986021.54,Post
1881761,P178040,Angola Strengthening Governance for Enhanced Service Delivery Project,1881761,Works,Angola,"April 22, 2026",Eduardo Andres Estrada,Request for Bids,AO-MAT-518970-CW-RFB/2025,"March 23, 2026",387773.17,Post
1881760,P174620,CAR- Public Sector Digital Governance Project,1881760,Consultant Services,Central African Republic,"April 22, 2026",Amadou Makhtar Fall,Individual Consultant Selection,107,"November 4, 2025",47148.17,Post
1881763,P178040,Angola Strengthening Governance for Enhanced Service Delivery Project,1881763,Works,Angola,"April 22, 2026",Eduardo Andres Estrada,Request for Bids,AO-MAT-518970-CW-RFB/2025,"March 23, 2026",267698.02,Post
1881767,P173663,Punjab Affordable Housing Program,1881767,Consultant Services,Pakistan,"April 22, 2026",Yan F. Zhang,Individual Consultant Selection,"PK-URBAN UNIT, PUNJAB-527025-CS-INDV","December 1, 2025",55949.07,Post
1881764,P178040,Angola Strengthening Governance for Enhanced Service Delivery Project,1881764,Works,Angola,"April 22, 2026",Eduardo Andres Estrada,Request for Bids,AO-MAT-518970-CW-RFB/2025,"March 23, 2026",184904.59,Post
1881765,P164293,Burkina Faso Higher Education Support Project,1881765,Goods,Burkina Faso,"April 22, 2026",Amina Debissa Denboba,Request for Quotations,BF-PAES-344004-GO-RFQ,"December 27, 2023",43927.35,Post
1881766,P163742,Climate Smart Irrigated Agriculture Project,1881766,Goods,Sri Lanka,"April 22, 2026",Sheu Salau,Request for Bids,LK-MOA-448378-GO-RFB-PMU,"October 3, 2025",56705.1,Post
1881768,P176932,Digital Transformation for Africa/ Western Africa Regional Digital Integration Program SOP1,1881768,Consultant Services,France,"April 22, 2026",Rocio Sanchez Vigueras,Individual Consultant Selection,N°014/MCENI/WARDIP-GN/CI/2026,"April 16, 2026",48000.0,Post
1881769,P177308,NG Accelerating Resource Mobilization Reforms PforR,1881769,Consultant Services,Nigeria,"April 22, 2026",Moses Misach Kajubi,Individual Consultant Selection,NG-FMF - TECH. SERVICES-492204-CS-INDV,"March 26, 2026",19597.15,Post
1881770,P163673,Tax Administration Modernization Project,1881770,Consultant Services,Serbia,"April 22, 2026",Joey R. Ghaleb,Direct Selection,SER-TAMP-DS-CS-25-67,"March 31, 2026",198378.67,Post
1881771,P164293,Burkina Faso Higher Education Support Project,1881771,Goods,Burkina Faso,"April 22, 2026",Amina Debissa Denboba,Request for Quotations,BF-PAES-344004-GO-RFQ,"June 2, 2023",44644.53,Post
1881772,P178032,Somali Sustainable Fisheries Development Project - Badmaal,1881772,Consultant Services,Malta,"April 22, 2026",Stephen Ling,Individual Consultant Selection,SO-MFBE-537427-CS-INDV,"March 19, 2026",48660.0,Prior
1881773,P175327,Cash for Jobs Project,1881773,Consultant Services,Burundi,"April 22, 2026",Mona Luisa Niebuhr,Individual Consultant Selection,BI-MERANKABANDI-338953-CS-INDV,"August 8, 2024",103284.52,Post
1881775,P164212,Sierra Leone Economic Diversification Project,1881775,Consultant Services,Sierra Leone,"April 22, 2026",Rami Mikko Ahmed Galal,Consultant Qualification Selection,SL-MOF-529144-CS-CQS,"March 16, 2026",63664.75,Post
1881774,P168539,OECS Regional Health Project,1881774,Goods,Trinidad and Tobago,"April 22, 2026",Thulani Matsebula,Request for Bids,GD-PCU - GRENADA-150074-GO-RFB,"August 15, 2025",711097.06,Post
1881776,P178492,Zambia Devolution Support Program,1881776,Goods,Zambia,"April 22, 2026",Donna Andrews,Request for Quotations,ZM-MLGRD-488190-GO-RFQ,"November 17, 2025",14659.0,Post
1881777,P164212,Sierra Leone Economic Diversification Project,1881777,Consultant Services,Sierra Leone,"April 22, 2026",Rami Mikko Ahmed Galal,Individual Consultant Selection,SL-MOF-534116-NC-RFQ,"March 23, 2026",72840.53,Post
1881778,P164212,Sierra Leone Economic Diversification Project,1881778,Consultant Services,Sierra Leone,"April 22, 2026",Rami Mikko Ahmed Galal,Individual Consultant Selection,SL-MOF-534127-NC-RFQ,"March 17, 2026",21677.28,Post
1881779,P170688,Bangladesh Private Investment & Digital Entrepreneurship Project,1881779,Works,Bangladesh,"April 22, 2026",Hosna Ferdous Sumi,Request for Bids,WD-3-BSMSN-BEZA,"November 13, 2025",17032906.46,Prior
1881781,P171793,ENHANCING NIGER NORTHEASTERN CONNECTIVITY,1881781,Works,Niger,"April 22, 2026",Aguiratou Savadogo-Tinto,Request for Bids,NE-PADEZA-416680-CW-RFB,"October 6, 2025",1913698.87,Prior
1881782,P178532,Strengthening Social Protection Delivery System in Sindh,1881782,Goods,Pakistan,"April 22, 2026",Sohail Saeed Abbasi,Request for Bids,PK-SPA-531890-GO-RFB,"April 2, 2026",231553.22,Post
1881780,P177308,NG Accelerating Resource Mobilization Reforms PforR,1881780,Non-consulting Services,Nigeria,"April 22, 2026",Moses Misach Kajubi,Direct Selection,NG-FMF - TECH. SERVICES-517966-NC-DIR,"February 12, 2026",3826.79,Post
1881783,P171793,ENHANCING NIGER NORTHEASTERN CONNECTIVITY,1881783,Works,Niger,"April 22, 2026",Aguiratou Savadogo-Tinto,Request for Bids,NE-PADEZA-416680-CW-RFB,"October 6, 2025",1360781.51,Prior
1881784,P171793,ENHANCING NIGER NORTHEASTERN CONNECTIVITY,1881784,Works,Niger,"April 22, 2026",Aguiratou Savadogo-Tinto,Request for Bids,NE-PADEZA-416680-CW-RFB,"October 6, 2025",1028413.96,Prior
1881785,P171793,ENHANCING NIGER NORTHEASTERN CONNECTIVITY,1881785,Works,Niger,"April 22, 2026",Aguiratou Savadogo-Tinto,Request for Bids,NE-PADEZA-416680-CW-RFB,"October 6, 2025",1238417.54,Prior
1881786,P178389,Water Supply and Sanitation Access Program (PASEA) Project,1881786,Goods,"Congo, Democratic Republic of","April 22, 2026",Patrick Goy Ndolo,Request for Quotations,ZR-CEP-O-519581-GO-RFQ,"April 10, 2026",20275.0,Post
1881787,P177305,Smallholder Agricultural Transformation Project,1881787,Goods,Angola,"April 22, 2026",Aniceto Timoteo Bila,Request for Bids,155/C3/G/MOSAP3/25,"March 27, 2026",148570.0,Post
1881789,P165982,Pakistan Raises Revenue,1881789,Consultant Services,Pakistan,"April 22, 2026",Tobias Akhtar Haque,Direct Selection,PK-FBR-539046-CS-CDS,"March 26, 2026",1004.39,Post
1881788,P161798,Salado Integrated River Basin Management Support Project,1881788,Consultant Services,Argentina,"April 22, 2026",Carina Lakovits,Individual Consultant Selection,AR-UCEPO-538031-CS-INDV,"April 1, 2026",3044.63,Post
1881790,P178567,Piauí Health and Social Protection Development Project,1881790,Consultant Services,Brazil,"April 22, 2026",Daniela Pena De Lima,Individual Consultant Selection,SASC - 06 CI ASSISTÊNCIA SOCIAL COMP. 4,"February 26, 2026",2422.36,Post
1881791,P144271,Forest Conservation and Sustainability in the Heart of the Colombian Amazon,1881791,Consultant Services,Colombia,"April 22, 2026",Ana Maria Gonzalez Velosa,Individual Consultant Selection,GEFII-CA-CPS-024-2026,"April 9, 2026",3184.46,Post
1881792,P178566,Food Systems Resilience Program for Eastern and Southern Africa,1881792,Works,Ethiopia,"April 22, 2026",Hanane Ahmed,Request for Quotations,ET-OROM-D/LIBANOS-FSRP-517010-CW-RFQ/25,"March 30, 2026",14816.81,Post
1881793,P178389,Water Supply and Sanitation Access Program (PASEA) Project,1881793,Consultant Services,Italy,"April 22, 2026",Patrick Goy Ndolo,Quality And Cost-Based Selection,ZR-CEP-O-434637-CS-QCBS,"March 5, 2026",2285173.06,Prior
1881794,P144271,Forest Conservation and Sustainability in the Heart of the Colombian Amazon,1881794,Consultant Services,Colombia,"April 22, 2026",Ana Maria Gonzalez Velosa,Individual Consultant Selection,GEFII-CA-CPS-025-2026,"April 17, 2026",4782.28,Post
1881795,P178389,Water Supply and Sanitation Access Program (PASEA) Project,1881795,Consultant Services,"Congo, Democratic Republic of","April 22, 2026",Patrick Goy Ndolo,Individual Consultant Selection,ZR-CEP-O-503047-CS-INDV,"April 7, 2026",27600.0,Post
1881796,P168613,"Guinea Natural Resources, Mining and Environmental Management Project",1881796,Non-consulting Services,Guinea,"April 22, 2026",Idriss Deffry,Request for Quotations,GN-PGRNME - MINES-528473-NC-RFQ,"April 3, 2026",58565.49,Post
1881797,P177918,Secondary Cities Urban Mobility and Development Project,1881797,Goods,Burkina Faso,"April 22, 2026",Malaika Becoulet,Request for Quotations,BF-PIU-PMDUVS-514023-GO-RFQ,"December 9, 2025",2847.52,Post
1881798,P177918,Secondary Cities Urban Mobility and Development Project,1881798,Consultant Services,Burkina Faso,"April 22, 2026",Malaika Becoulet,Individual Consultant Selection,BF-PIU-PMDUVS-533776-CS-INDV,"February 5, 2026",15434.3,Post
1881799,P177918,Secondary Cities Urban Mobility and Development Project,1881799,Consultant Services,Burkina Faso,"April 22, 2026",Malaika Becoulet,Individual Consultant Selection,BF-PIU-PMDUVS-513544-CS-INDV,"March 9, 2026",7166.02,Post
1881802,P172479,Strengthen Ethiopia’s Adaptive Safety Net,1881802,Goods,Ethiopia,"April 22, 2026",Christabel E. Dadzie,Request for Quotations,ET-SOMALI QLFOWOFED-486372-GO-RFQ,"June 18, 2025",41319.27,Post
1881801,P180638,Institutional Strengthening for Greater Competitiveness in Uruguay,1881801,Consultant Services,Uruguay,"April 22, 2026",Silvana Kostenbaum,Direct Selection,UY-MEF-528694-CS-CDS,"April 15, 2026",44190.67,Post
1881803,P178566,Food Systems Resilience Program for Eastern and Southern Africa,1881803,Goods,Ethiopia,"April 22, 2026",Hanane Ahmed,Request for Quotations,ET-OROMIA-GINIR-FSRP-516686-GO-RFQ/25,"March 11, 2026",11253.87,Post
1881800,P176982,Brazil: Espirito Santo Water Security Management Project,1881800,Consultant Services,Brazil,"April 22, 2026",Maria Catalina Ramirez,Individual Consultant Selection,BR-AGERH-ES-438049-CS-INDV,"March 27, 2026",40776.28,Post
1881804,P177210,Resilient connectivity and Urban Transport Accessibility Project,1881804,Works,Haiti,"April 22, 2026",Ibrahim Kabore,Request for Bids,AON-016-RUTAP/2024-2,"February 10, 2026",741528.96,Prior
1881805,P177210,Resilient connectivity and Urban Transport Accessibility Project,1881805,Works,Haiti,"April 22, 2026",Ibrahim Kabore,Request for Bids,AON-016-RUTAP/2024-3,"February 10, 2026",1050439.13,Prior
1881806,P177210,Resilient connectivity and Urban Transport Accessibility Project,1881806,Works,Haiti,"April 22, 2026",Ibrahim Kabore,Request for Bids,AON-016-RUTAP/2024-4,"February 10, 2026",681758.0,Prior
1881807,P168308,Urban Resilience and Solid Waste Management Project,1881807,Goods,Cote d'Ivoire,"April 22, 2026",Vivien Deparday,Request for Bids,CI-PARU-457519-GO-RFB,"November 13, 2025",218355.75,Prior
1881808,P177210,Resilient connectivity and Urban Transport Accessibility Project,1881808,Works,Haiti,"April 22, 2026",Ibrahim Kabore,Request for Bids,AON-016-RUTAP/2024-5,"February 10, 2026",445129.25,Prior
1881809,P168308,Urban Resilience and Solid Waste Management Project,1881809,Goods,Cote d'Ivoire,"April 22, 2026",Vivien Deparday,Request for Bids,CI-PARU-457519-GO-RFB,"November 13, 2025",163524.96,Prior
1881811,P168308,Urban Resilience and Solid Waste Management Project,1881811,Goods,Cote d'Ivoire,"April 22, 2026",Vivien Deparday,Request for Bids,CI-PARU-457519-GO-RFB,"November 13, 2025",150904.17,Prior
1881810,P168308,Urban Resilience and Solid Waste Management Project,1881810,Goods,Cote d'Ivoire,"April 22, 2026",Vivien Deparday,Request for Bids,CI-PARU-457519-GO-RFB,"November 13, 2025",299403.39,Prior
1881812,P177210,Resilient connectivity and Urban Transport Accessibility Project,1881812,Works,Haiti,"April 22, 2026",Ibrahim Kabore,Request for Bids,AON-016-RUTAP/2024-6,"February 10, 2026",779438.92,Prior
1881814,P168308,Urban Resilience and Solid Waste Management Project,1881814,Goods,Cote d'Ivoire,"April 22, 2026",Vivien Deparday,Request for Bids,CI-PARU-457519-GO-RFB,"November 13, 2025",1615996.83,Prior
1881813,P177210,Resilient connectivity and Urban Transport Accessibility Project,1881813,Works,Haiti,"April 22, 2026",Ibrahim Kabore,Request for Bids,AON-016-RUTAP/2024-7,"February 10, 2026",600403.44,Prior
1881815,P159213,Crecer Sano: Guatemala Nutrition and Health Project,1881815,Goods,Guatemala,"April 22, 2026",Claudia Macias,Request for Quotations,GT-MSPAS-462084-GO-RFQ,"April 17, 2026",43769.46,Post
1881816,P159213,Crecer Sano: Guatemala Nutrition and Health Project,1881816,Goods,Guatemala,"April 22, 2026",Claudia Macias,Request for Quotations,GT-MSPAS-462084-GO-RFQ,"April 14, 2026",11430.07,Post
1881817,P173464,Critical Ecosystem Partnership Fund – Caribbean Hotspot Project,1881817,Consultant Services,Dominican Republic,"April 22, 2026",Laura Juliana Higuera Ardila,Direct Selection,DO-INTEC-531607-CS-CDS,"March 17, 2026",2000.0,Post
1881818,P162833,Improving the Performance of Non-Criminal Justice Services,1881818,Consultant Services,Peru,"April 22, 2026",Ruben Leonel Ruano Chinchilla,Individual Consultant Selection,PE-PJ-482722-CS-INDV,"May 26, 2025",18175.31,Post
1881819,P167382,Vanuatu Climate Resilient Transport Project,1881819,Consultant Services,Australia,"April 22, 2026",Bowen Wang,Direct Selection,VU-MIPU-548462-CS-CDS,"April 22, 2026",27250.0,Post
1881822,P173464,Critical Ecosystem Partnership Fund – Caribbean Hotspot Project,1881822,Consultant Services,Jamaica,"April 22, 2026",Laura Juliana Higuera Ardila,Direct Selection,DO-INTEC-531597-CS-CDS,"March 17, 2026",9990.0,Post
1881823,P180076,"Lowlands Livelihood Resilience Project, Phase Two (LLRP II)",1881823,Goods,Ethiopia,"April 22, 2026",Esayas Nigatu Gebremeskel,Request for Quotations,ET-BEN-GUM-RPCU-536223-GO-RFQ,"April 13, 2026",5209.38,Post
1881821,P180076,"Lowlands Livelihood Resilience Project, Phase Two (LLRP II)",1881821,Goods,Ethiopia,"April 22, 2026",Esayas Nigatu Gebremeskel,Request for Quotations,ET-BEN-GUM-RPCU-529526-GO-RFQ,"April 13, 2026",3239.98,Post
1881820,P173464,Critical Ecosystem Partnership Fund – Caribbean Hotspot Project,1881820,Consultant Services,Dominican Republic,"April 22, 2026",Laura Juliana Higuera Ardila,Direct Selection,DO-INTEC-531431-CS-CDS,"March 17, 2026",4200.0,Post
1881824,P178389,Water Supply and Sanitation Access Program (PASEA) Project,1881824,Works,"Congo, Democratic Republic of","April 22, 2026",Patrick Goy Ndolo,Request for Quotations,ZR-UPEP - KWILU-516588-CW-RFQ,"January 27, 2026",34695.92,Post
1881826,P173464,Critical Ecosystem Partnership Fund – Caribbean Hotspot Project,1881826,Consultant Services,Dominican Republic,"April 22, 2026",Laura Juliana Higuera Ardila,Direct Selection,DO-INTEC-531596-CS-CDS,"March 17, 2026",1844.31,Post
1881827,P178694,Fiji Tourism Development Program in Vanua Levu,1881827,Consultant Services,Fiji,"April 22, 2026",Rajesh Rohatgi,Individual Consultant Selection,FJ-MTCA-537120-CS-INDV,"April 1, 2026",91130.0,Post
1881828,P173464,Critical Ecosystem Partnership Fund – Caribbean Hotspot Project,1881828,Consultant Services,Dominican Republic,"April 22, 2026",Laura Juliana Higuera Ardila,Direct Selection,DO-INTEC-531606-CS-CDS,"March 17, 2026",650.0,Post
1881831,P165183,SUSTAINABLE ENERGY DEVELOPMENT AND ACCESS PROJECT,1881831,Goods,Armenia,"April 23, 2026",Myoe Myint,Request for Quotations,FM-DORD-504040-GO-RFQ,"March 26, 2026",202972.0,Post
1881832,P178878,Social Protection Modernization and Economic Inclusion Project,1881832,Goods,Tajikistan,"April 23, 2026",Anna Sukhova,Request for Quotations,MLME-SPMEI/SHG/2026-11,"February 17, 2026",117407.33,Post
1881834,P178878,Social Protection Modernization and Economic Inclusion Project,1881834,Goods,Tajikistan,"April 23, 2026",Anna Sukhova,Request for Quotations,MLME-SPMEI/SHG/2026-10,"February 17, 2026",114374.93,Post
1881833,P177407,RESILAND CA+ Program: Kyrgyz Republic Resilient Landscape Restoration Project,1881833,Goods,Kyrgyz Republic,"April 23, 2026",Aidai Bayalieva,Request for Quotations,KG/G/RESILAND/TSHMSC/RFQ-22,"April 17, 2026",8805.27,Post
1881835,P176589,Water Sector Governance and Infrastructure Support Project,1881835,Works,Nepal,"April 23, 2026",Amelia Midgley,Request for Bids,NP-DWSSM-484026-CW-RFB,"December 3, 2025",785099.61,Post
1881837,P177069,Khyber Pakhtunkhwa Rural Accessibility Project (KPRAP),1881837,Works,Pakistan,"April 23, 2026",Muhammad Bilal Paracha,Request for Bids,PK-KP C&W-496362-CW-RFB,"March 11, 2026",11625747.9,Prior
1881838,P181564,Sri Lanka: Primary Healthcare System Enhancing Project (PHSEP),1881838,Goods,Sri Lanka,"April 23, 2026",Di Dong,Request for Bids,LK-PHSEP-PMU-499246-GO-RFB,"November 7, 2025",323992.12,Post
1881839,P177069,Khyber Pakhtunkhwa Rural Accessibility Project (KPRAP),1881839,Works,Pakistan,"April 23, 2026",Muhammad Bilal Paracha,Request for Bids,PK-KP C&W-496362-CW-RFB,"March 11, 2026",8488344.36,Prior
1881841,P177467,Kyrgyz Republic Air Quality Improvement Project,1881841,Consultant Services,Kyrgyz Republic,"April 23, 2026",Frank Van Woerden,Individual Consultant Selection,AQIP/1.2/LS/LC/1 - 2026,"April 14, 2026",2599.19,Post
1881842,P508058,"Bangladesh Sustainable Recovery, Emergency Preparedness and Response Project",1881842,Consultant Services,Bangladesh,"April 23, 2026",Swarna Kazi,Individual Consultant Selection,BSTRONG/DAE/ESSG/S-3.3,"March 5, 2026",14995.93,Post
1881843,P181564,Sri Lanka: Primary Healthcare System Enhancing Project (PHSEP),1881843,Goods,Sri Lanka,"April 23, 2026",Di Dong,Request for Quotations,LK-PHSEP-PMU-495229-GO-RFQ,"August 22, 2025",16857.71,Post
1881840,P181564,Sri Lanka: Primary Healthcare System Enhancing Project (PHSEP),1881840,Goods,Sri Lanka,"April 23, 2026",Di Dong,Request for Quotations,LK-PHSEP-PMU-524452-GO-RFQ,"December 8, 2025",13445.8,Post
1881844,P177069,Khyber Pakhtunkhwa Rural Accessibility Project (KPRAP),1881844,Works,Pakistan,"April 23, 2026",Muhammad Bilal Paracha,Request for Bids,PK-KP C&W-496365-CW-RFB,"March 11, 2026",8778666.87,Prior
1881846,P176459,Mozambique Digital Acceleration Project,1881846,Goods,Mozambique,"April 23, 2026",Anne-Elisabeth Sarah Victoire Emmanuel Costafrolaz,Request for Bids,104/MDAP/MINEDH/RFB-G/24,"March 31, 2026",538038.09,Prior
1881845,P177069,Khyber Pakhtunkhwa Rural Accessibility Project (KPRAP),1881845,Works,Pakistan,"April 23, 2026",Muhammad Bilal Paracha,Request for Bids,PK-KP C&W-496365-CW-RFB,"March 11, 2026",8418739.41,Prior
1881847,P178566,Food Systems Resilience Program for Eastern and Southern Africa,1881847,Works,Ethiopia,"April 23, 2026",Hanane Ahmed,Request for Quotations,ET-OROMIA OMO B WOR-FSRP-517131-CW-RFQ,"March 23, 2026",30722.64,Post
1881848,P177069,Khyber Pakhtunkhwa Rural Accessibility Project (KPRAP),1881848,Works,Pakistan,"April 23, 2026",Muhammad Bilal Paracha,Request for Bids,PK-KP C&W-496366-CW-RFB,"March 6, 2026",10984434.9,Prior
1881849,P176589,Water Sector Governance and Infrastructure Support Project,1881849,Works,Nepal,"April 23, 2026",Amelia Midgley,Request for Bids,NP-DWSSM-484023-CW-RFB,"December 14, 2025",840391.96,Post
1881851,P176459,Mozambique Digital Acceleration Project,1881851,Goods,Mozambique,"April 23, 2026",Anne-Elisabeth Sarah Victoire Emmanuel Costafrolaz,Request for Bids,104/MDAP/MINEDH/RFB-G/24,"March 31, 2026",698649.92,Prior
1881850,P177069,Khyber Pakhtunkhwa Rural Accessibility Project (KPRAP),1881850,Works,Pakistan,"April 23, 2026",Muhammad Bilal Paracha,Request for Bids,PK-KP C&W-496366-CW-RFB,"March 6, 2026",13241809.22,Prior
1881852,P178487,Learning Acceleration in Secondary Education Operation,1881852,Consultant Services,Bangladesh,"April 23, 2026",T. M. Asaduzzaman,Consultant Qualification Selection,SD-10,"January 15, 2026",122215.65,Post
1881855,P167794,"One WASH—Consolidated Water Supply, Sanitation, and Hygiene Account Project (One WASH—CWA)",1881855,Goods,Ethiopia,"April 23, 2026",Taibou Adamou Maiga,Request for Bids,ET-MOWE-485618-GO-RFB,"April 9, 2026",1145857.42,Prior
1881854,P167794,"One WASH—Consolidated Water Supply, Sanitation, and Hygiene Account Project (One WASH—CWA)",1881854,Goods,Ethiopia,"April 23, 2026",Taibou Adamou Maiga,Request for Bids,ET-MOWE-432171-GO-RFB,"April 9, 2026",768321.19,Prior
1881856,P176181,Eastern Africa Regional Digital Integration Project,1881856,Non-consulting Services,Tanzania,"April 23, 2026",Naomi J. Halewood,Request for Quotations,TZ-EAC-523200-NC-RFQ,"April 15, 2026",8893.66,Post
1881859,P178492,Zambia Devolution Support Program,1881859,Goods,Zambia,"April 23, 2026",Donna Andrews,Request for Quotations,ZM-MLGRD-488193-GO-RFQ,"December 31, 2025",17884.0,Post
1881857,P167794,"One WASH—Consolidated Water Supply, Sanitation, and Hygiene Account Project (One WASH—CWA)",1881857,Goods,Ethiopia,"April 23, 2026",Taibou Adamou Maiga,Request for Bids,ET-MOWE-485618-GO-RFB,"April 9, 2026",128688.57,Prior
1881858,P178032,Somali Sustainable Fisheries Development Project - Badmaal,1881858,Consultant Services,Malta,"April 23, 2026",Stephen Ling,Individual Consultant Selection,SO-MFBE-537427-CS-INDV,"March 19, 2026",48660.0,Prior
1881862,P172800,Cote d'Ivoire Youth Employment and Skills Development Project - Phase 3,1881862,Goods,Cote d'Ivoire,"April 23, 2026",Ali Coulibaly,Request for Quotations,CI-BCP-EMPLOI-536852-GO-RFQ,"April 16, 2026",28536.61,Post
1881863,P172945,Punjab Urban Land Systems Enhancement Project,1881863,Consultant Services,Pakistan,"April 23, 2026",Dong Kyu Kwak,Quality And Cost-Based Selection,PK-PLRA-520961-CS-QCBS,"April 21, 2026",914716.17,Post
1881860,P171150,Health Systems Improvement Project,1881860,Consultant Services,Bosnia and Herzegovina,"April 23, 2026",Olena Doroshenko,Direct Selection,BA-HSIP-IC-DS-26-2.3.14,"February 27, 2026",38480.5,Post
1881861,P507451,"Supporting an Education Reform Agenda for Improving Teaching, Assessment and Career Pathways Phase 2",1881861,Consultant Services,West Bank and Gaza,"April 23, 2026",Maja Capek,Individual Consultant Selection,GZ-MOEHE-533553-CS-INDV,"April 5, 2026",20000.0,Post
1881865,P172945,Punjab Urban Land Systems Enhancement Project,1881865,Consultant Services,Pakistan,"April 23, 2026",Dong Kyu Kwak,Individual Consultant Selection,PK-PLRA-529320-CS-INDV,"April 15, 2026",538.07,Post
1881864,P172800,Cote d'Ivoire Youth Employment and Skills Development Project - Phase 3,1881864,Goods,Cote d'Ivoire,"April 23, 2026",Ali Coulibaly,Request for Quotations,CI-BCP-EMPLOI-536852-GO-RFQ,"April 16, 2026",30383.92,Post
1881867,P172800,Cote d'Ivoire Youth Employment and Skills Development Project - Phase 3,1881867,Goods,Cote d'Ivoire,"April 23, 2026",Ali Coulibaly,Request for Quotations,CI-BCP-EMPLOI-536857-GO-RFQ,"April 20, 2026",2551.1,Post
1881866,P172800,Cote d'Ivoire Youth Employment and Skills Development Project - Phase 3,1881866,Goods,Cote d'Ivoire,"April 23, 2026",Ali Coulibaly,Request for Quotations,CI-BCP-EMPLOI-536857-GO-RFQ,"April 20, 2026",127071.42,Post
1881868,P168779,Niger Learning Improvement for Results in Education Project,1881868,Consultant Services,Niger,"April 23, 2026",Marie Jacqueline Yvette Sacadura,Direct Selection,NE-P-LIRE-535443-CS-CDS,"April 3, 2026",515274.09,Post
1881869,P178566,Food Systems Resilience Program for Eastern and Southern Africa,1881869,Goods,Ethiopia,"April 23, 2026",Hanane Ahmed,Request for Quotations,ET-OROMIA-GIDAMI-FSRP-517278-GO-RFQ/25,"January 26, 2026",7861.72,Post
1881870,P180860,Integrated Land Administration and Spatial Planning Project,1881870,Non-consulting Services,Indonesia,"April 23, 2026",Willem Van Der Muur,Request for Quotations,ID-ATR-BPN-507027-NC-RFQ,"September 26, 2025",65327.51,Post
1881871,P176459,Mozambique Digital Acceleration Project,1881871,Consultant Services,Mozambique,"April 23, 2026",Anne-Elisabeth Sarah Victoire Emmanuel Costafrolaz,Individual Consultant Selection,132/MDAP/MCTD/IC-DC/25,"October 31, 2025",72000.0,Prior
1881872,P171056,Support for Resilient Livelihoods in the South of Madagascar - MIONJO Project,1881872,Consultant Services,Madagascar,"April 23, 2026",Joanna Peace De Berry,Individual Consultant Selection,MG-MIONJO-526255-CS-INDV,"April 14, 2026",21841.95,Post
1881873,P151847,Eastern and Southern Africa Higher Education Centers of Excellence,1881873,Goods,Mozambique,"April 23, 2026",Roberta Malee Bassett,Request for Bids,MZ-UEM- FA-474115-GO-RFB,"October 1, 2025",173.48,Post
1881874,P174169,"Micro, Small, and Medium Enterprise Access to Finance Emergency Support and Recovery Project",1881874,Consultant Services,Lao People's Democratic Republic,"April 23, 2026",Soujanya Krishna Chodavarapu,Individual Consultant Selection,LA-MSMEPA-2.2.2.3.F-CS-INDV,"February 12, 2026",6662.74,Post
1881875,P178566,Food Systems Resilience Program for Eastern and Southern Africa,1881875,Works,Ethiopia,"April 23, 2026",Hanane Ahmed,Request for Quotations,ET-OROMIA- GIDAMI-FSRP-517289-CW-RFQ/25,"February 24, 2026",179727.75,Post
1881876,P151224,Second Water Sector Institutional Development Project,1881876,Works,China,"April 23, 2026",Marco Antonio Aguero,Request for Bids,143AW5/MALANJE/UCP/23,"June 20, 2024",9572887.69,Post
1881877,P151847,Eastern and Southern Africa Higher Education Centers of Excellence,1881877,Goods,Mozambique,"April 23, 2026",Roberta Malee Bassett,Request for Bids,MZ-UEM- FA-474115-GO-RFB,"October 1, 2025",359.61,Post
1881879,P165128,Boosting Inclusive Growth for Zanzibar: Integrated Development Project,1881879,Works,Tanzania,"April 23, 2026",Lulu Simon Dunia,Request for Bids,TZ-POFP-496998-CW-RFB,"December 30, 2025",732845.29,Post
1881878,P178497,Harmonizing and Improving Statistics in West and Central Africa - Series of Projects 1 (HISWACA - SOP 1),1881878,Goods,Burkina Faso,"April 23, 2026",Abdoullahi Beidou,Request for Quotations,BF-PHASAOC-BF-509797-GO-RFQ,"April 2, 2026",47158.8,Post
1881882,P176459,Mozambique Digital Acceleration Project,1881882,Non-consulting Services,Mozambique,"April 23, 2026",Anne-Elisabeth Sarah Victoire Emmanuel Costafrolaz,Request for Bids,77/CITT/MDAP/NCS-RB/24,"March 31, 2026",280269.04,Post
1881883,P177918,Secondary Cities Urban Mobility and Development Project,1881883,Consultant Services,Burkina Faso,"April 23, 2026",Malaika Becoulet,Consultant Qualification Selection,BF-PIU-PMDUVS-485362-CS-CQS,"November 17, 2025",184076.48,Post
1881880,P176459,Mozambique Digital Acceleration Project,1881880,Non-consulting Services,Mozambique,"April 23, 2026",Anne-Elisabeth Sarah Victoire Emmanuel Costafrolaz,Request for Bids,77/CITT/MDAP/NCS-RB/24,"March 31, 2026",272513.82,Post
1881881,P176459,Mozambique Digital Acceleration Project,1881881,Non-consulting Services,Mozambique,"April 23, 2026",Anne-Elisabeth Sarah Victoire Emmanuel Costafrolaz,Request for Bids,77/CITT/MDAP/NCS-RB/24,"March 31, 2026",547681.87,Post
1881884,P503776,Advancing Resilience and Inclusive Health Systems for Everyone (ARISE - KENEYA YIRIWALI) in Mali,1881884,Consultant Services,Mali,"April 23, 2026",Zenab Konkobo Kouanda,Individual Consultant Selection,ML-M-APUHC-511202-CS-INDV,"October 24, 2025",26692.68,Post
1881885,P162916,Mauritania Youth Employability Project,1881885,Consultant Services,Mauritania,"April 23, 2026",Friederike Uta Rother,Consultant Qualification Selection,163/2025/PEJ-RIM,"December 29, 2025",33817.89,Post
1881886,P168551,Rwanda Quality Basic Education for Human Capital Development Project,1881886,Consultant Services,Rwanda,"April 23, 2026",Tihtina Zenebe Gebre,Individual Consultant Selection,RW-MINEDUC-322134-CS-INDV,"February 19, 2024",23609.12,Post
1881888,P160245,Tunisia Irrigated Agriculture Intensification Project,1881888,Works,Tunisia,"April 23, 2026",Gabriella Izzi,Request for Bids,TN-MARHP-256803-CW-RFB,"April 16, 2025",1797099.41,Post
1881889,P162916,Mauritania Youth Employability Project,1881889,Consultant Services,Mauritania,"April 23, 2026",Friederike Uta Rother,Individual Consultant Selection,113/2023/PEJ - RIM,"January 9, 2026",12414.92,Post
1881891,P168847,Mauritania Agriculture Development and Innovation Support Project,1881891,Non-consulting Services,Mauritania,"April 23, 2026",Fred Kizito,Request for Quotations,MR-PADISAM-533148-NC-RFQ,"March 5, 2026",18036.21,Post
1881890,P178497,Harmonizing and Improving Statistics in West and Central Africa - Series of Projects 1 (HISWACA - SOP 1),1881890,Consultant Services,Morocco,"April 23, 2026",Abdoullahi Beidou,Direct Selection,BF-PHASAOC-BF-522443-CS-CDS,"December 31, 2025",17862.28,Post
1881892,P177918,Secondary Cities Urban Mobility and Development Project,1881892,Consultant Services,Burkina Faso,"April 23, 2026",Malaika Becoulet,Consultant Qualification Selection,BF-PIU-PMDUVS-485363-CS-CQS,"November 17, 2025",96815.87,Post
1881893,P177918,Secondary Cities Urban Mobility and Development Project,1881893,Consultant Services,Burkina Faso,"April 23, 2026",Malaika Becoulet,Consultant Qualification Selection,BF-PIU-PMDUVS-485356-CS-CQS,"November 17, 2025",39954.14,Post
1881894,P168847,Mauritania Agriculture Development and Innovation Support Project,1881894,Goods,Mauritania,"April 23, 2026",Fred Kizito,Request for Quotations,MR-PADISAM-533119-GO-RFQ,"March 2, 2026",49349.07,Post
1881896,P178418,Tripura Rural Economic Growth and Service Delivery Project,1881896,Goods,India,"April 23, 2026",Priti Kumar,Request for Quotations,IN-ARDD-528093-GO-RFQ,"February 21, 2026",916.06,Post
1881897,P178418,Tripura Rural Economic Growth and Service Delivery Project,1881897,Goods,India,"April 23, 2026",Priti Kumar,Request for Quotations,IN-ARDD-528093-GO-RFQ,"February 21, 2026",1006.8,Post
1881898,P178497,Harmonizing and Improving Statistics in West and Central Africa - Series of Projects 1 (HISWACA - SOP 1),1881898,Non-consulting Services,Burkina Faso,"April 23, 2026",Abdoullahi Beidou,Request for Quotations,BF-PHASAOC-BF-509904-NC-RFQ,"December 31, 2025",14930.4,Post
1881899,P176932,Digital Transformation for Africa/ Western Africa Regional Digital Integration Program SOP1,1881899,Non-consulting Services,Nigeria,"April 23, 2026",Rocio Sanchez Vigueras,Direct Selection,NG-WARDIP-ECOWAS-544975-NC-DIR,"April 20, 2026",8.9,Post
1881903,P508383,Building Resilient Digital Infrastructure for Growth - BRIDGE,1881903,Consultant Services,Nigeria,"April 23, 2026",Natalija Gelvanovska-Garcia,Consultant Qualification Selection,NG-FMCIDE-504390-CS-CQS,"January 23, 2026",311745.12,Post
1881902,P176060,Clean Energy for Buildings in Uzbekistan,1881902,Non-consulting Services,Uzbekistan,"April 23, 2026",Irina Voitekhovitch,Request for Quotations,CEBU/RFQ/13,"March 26, 2026",126470.87,Post
1881901,P176060,Clean Energy for Buildings in Uzbekistan,1881901,Non-consulting Services,Uzbekistan,"April 23, 2026",Irina Voitekhovitch,Request for Quotations,CEBU/RFQ/12,"April 16, 2026",54657.33,Post
1881904,P177918,Secondary Cities Urban Mobility and Development Project,1881904,Consultant Services,Burkina Faso,"April 23, 2026",Malaika Becoulet,Consultant Qualification Selection,BF-PIU-PMDUVS-485290-CS-CQS,"December 22, 2025",63329.69,Post
1881905,P165228,Smallholder Agriculture Development Project - II,1881905,Consultant Services,Lesotho,"April 23, 2026",Daniel P. Gerber,Individual Consultant Selection,LS-MAFS-479319-CS-INDV,"February 11, 2025",2741.84,Post
1881906,P165228,Smallholder Agriculture Development Project - II,1881906,Consultant Services,Lesotho,"April 23, 2026",Daniel P. Gerber,Individual Consultant Selection,LS-MAFS-479319-CS-INDV,"February 11, 2025",2530.93,Post
1881907,P165228,Smallholder Agriculture Development Project - II,1881907,Consultant Services,Lesotho,"April 23, 2026",Daniel P. Gerber,Individual Consultant Selection,LS-MAFS-479319-CS-INDV,"February 11, 2025",2478.2,Post
1881908,P165228,Smallholder Agriculture Development Project - II,1881908,Consultant Services,Lesotho,"April 23, 2026",Daniel P. Gerber,Individual Consultant Selection,LS-MAFS-479319-CS-INDV,"February 11, 2025",2320.02,Post
1881909,P165228,Smallholder Agriculture Development Project - II,1881909,Consultant Services,Lesotho,"April 23, 2026",Daniel P. Gerber,Individual Consultant Selection,LS-MAFS-479319-CS-INDV,"February 11, 2025",2478.2,Post
1881910,P177918,Secondary Cities Urban Mobility and Development Project,1881910,Consultant Services,Burkina Faso,"April 23, 2026",Malaika Becoulet,Consultant Qualification Selection,BF-PIU-PMDUVS-485349-CS-CQS,"December 22, 2025",59131.8,Post
1881911,P165228,Smallholder Agriculture Development Project - II,1881911,Consultant Services,Lesotho,"April 23, 2026",Daniel P. Gerber,Individual Consultant Selection,LS-MAFS-479319-CS-INDV,"February 11, 2025",1845.47,Post
1881912,P168551,Rwanda Quality Basic Education for Human Capital Development Project,1881912,Goods,Rwanda,"April 23, 2026",Tihtina Zenebe Gebre,Request for Bids,RW-MINEDUC-444286-GO-RFB,"July 11, 2025",191661.16,Post
1881913,P165228,Smallholder Agriculture Development Project - II,1881913,Consultant Services,Lesotho,"April 23, 2026",Daniel P. Gerber,Individual Consultant Selection,LS-MAFS-479319-CS-INDV,"February 11, 2025",2372.75,Post
1881914,P165228,Smallholder Agriculture Development Project - II,1881914,Consultant Services,Lesotho,"April 23, 2026",Daniel P. Gerber,Individual Consultant Selection,LS-MAFS-479319-CS-INDV,"February 11, 2025",2267.29,Post
1881915,P165228,Smallholder Agriculture Development Project - II,1881915,Consultant Services,Lesotho,"April 23, 2026",Daniel P. Gerber,Individual Consultant Selection,LS-MAFS-479319-CS-INDV,"February 11, 2025",2425.47,Post
1881916,P165228,Smallholder Agriculture Development Project - II,1881916,Consultant Services,Lesotho,"April 23, 2026",Daniel P. Gerber,Individual Consultant Selection,LS-MAFS-479319-CS-INDV,"February 11, 2025",2530.93,Post
1881917,P165228,Smallholder Agriculture Development Project - II,1881917,Consultant Services,Lesotho,"April 23, 2026",Daniel P. Gerber,Individual Consultant Selection,LS-MAFS-479319-CS-INDV,"February 11, 2025",2267.29,Post
1881918,P164293,Burkina Faso Higher Education Support Project,1881918,Goods,Burkina Faso,"April 23, 2026",Amina Debissa Denboba,Request for Bids,BF-PAES-343977-GO-RFB,"February 11, 2022",156404.17,Post
1881921,P165228,Smallholder Agriculture Development Project - II,1881921,Consultant Services,Lesotho,"April 23, 2026",Daniel P. Gerber,Individual Consultant Selection,LS-MAFS-479319-CS-INDV,"February 11, 2025",2320.02,Post
1881920,P165228,Smallholder Agriculture Development Project - II,1881920,Consultant Services,Lesotho,"April 23, 2026",Daniel P. Gerber,Individual Consultant Selection,LS-MAFS-479319-CS-INDV,"February 11, 2025",2320.02,Post
1881923,P165228,Smallholder Agriculture Development Project - II,1881923,Consultant Services,Lesotho,"April 23, 2026",Daniel P. Gerber,Individual Consultant Selection,LS-MAFS-479319-CS-INDV,"March 11, 2025",2425.47,Post
1881922,P165228,Smallholder Agriculture Development Project - II,1881922,Consultant Services,Lesotho,"April 23, 2026",Daniel P. Gerber,Individual Consultant Selection,LS-MAFS-479319-CS-INDV,"February 11, 2025",2320.02,Post
1881924,P165228,Smallholder Agriculture Development Project - II,1881924,Consultant Services,Lesotho,"April 23, 2026",Daniel P. Gerber,Individual Consultant Selection,LS-MAFS-479319-CS-INDV,"February 11, 2025",2320.02,Post
1881925,P165228,Smallholder Agriculture Development Project - II,1881925,Consultant Services,Lesotho,"April 23, 2026",Daniel P. Gerber,Individual Consultant Selection,LS-MAFS-479319-CS-INDV,"February 11, 2025",2267.29,Post
1881926,P178132,West Africa Food System Resilience Program (FSRP) Phase 2,1881926,Goods,Chad,"April 23, 2026",Ashwini Rekha Sebastian,Request for Quotations,TD-FSRP 2 -TD-444910-GO-RFQ,"July 11, 2024",75619.41,Post
1881927,P165228,Smallholder Agriculture Development Project - II,1881927,Consultant Services,Lesotho,"April 23, 2026",Daniel P. Gerber,Individual Consultant Selection,LS-MAFS-479319-CS-INDV,"February 11, 2025",2478.2,Post
1881928,P165228,Smallholder Agriculture Development Project - II,1881928,Consultant Services,Lesotho,"April 23, 2026",Daniel P. Gerber,Individual Consultant Selection,LS-MAFS-479319-CS-INDV,"March 11, 2025",2267.29,Post
1881930,P165228,Smallholder Agriculture Development Project - II,1881930,Consultant Services,Lesotho,"April 23, 2026",Daniel P. Gerber,Individual Consultant Selection,LS-MAFS-479319-CS-INDV,"March 11, 2025",2267.29,Post
1881931,P165228,Smallholder Agriculture Development Project - II,1881931,Consultant Services,Lesotho,"April 23, 2026",Daniel P. Gerber,Individual Consultant Selection,LS-MAFS-479319-CS-INDV,"February 11, 2025",2267.29,Post
1881929,P165228,Smallholder Agriculture Development Project - II,1881929,Consultant Services,Lesotho,"April 23, 2026",Daniel P. Gerber,Individual Consultant Selection,LS-MAFS-479319-CS-INDV,"February 11, 2025",2372.75,Post
1881932,P165228,Smallholder Agriculture Development Project - II,1881932,Consultant Services,Lesotho,"April 23, 2026",Daniel P. Gerber,Individual Consultant Selection,LS-MAFS-479319-CS-INDV,"February 11, 2025",1845.47,Post
1881933,P162901,Djibouti Integrated Slum Upgrading Project,1881933,Goods,Djibouti,"April 23, 2026",Alexandra Le Courtois,Request for Bids,DJ-FDH-518938-GO-RFB,"April 21, 2026",74620.24,Post
1881934,P165228,Smallholder Agriculture Development Project - II,1881934,Consultant Services,Lesotho,"April 23, 2026",Daniel P. Gerber,Individual Consultant Selection,LS-MAFS-479319-CS-INDV,"March 11, 2025",2214.56,Post
1881935,P162901,Djibouti Integrated Slum Upgrading Project,1881935,Goods,Djibouti,"April 23, 2026",Alexandra Le Courtois,Request for Bids,DJ-FDH-518938-GO-RFB,"April 21, 2026",45449.78,Post
1881936,P162901,Djibouti Integrated Slum Upgrading Project,1881936,Goods,Djibouti,"April 23, 2026",Alexandra Le Courtois,Request for Bids,DJ-FDH-518938-GO-RFB,"April 21, 2026",48934.85,Post
1881938,P165228,Smallholder Agriculture Development Project - II,1881938,Consultant Services,Lesotho,"April 23, 2026",Daniel P. Gerber,Individual Consultant Selection,LS-MAFS-479319-CS-INDV,"February 11, 2025",2425.47,Post
1881939,P169405,"Sustainable Procurement, Environmental and Social Standards Enhancement Project (SPESSE)",1881939,Consultant Services,Nigeria,"April 23, 2026",Ishtiak Siddique,Consultant Qualification Selection,NG-BPP SPESSE-528666-CS-CQS,"March 12, 2026",280666.32,Post
1881937,P505179,Supporting the Federal Policy for Enhancing Foundational Literacy,1881937,Consultant Services,Argentina,"April 23, 2026",Alonso Sanchez,Individual Consultant Selection,AR-ME-491015-CS-INDV,"October 1, 2025",17899.84,Post
1881943,P172479,Strengthen Ethiopia’s Adaptive Safety Net,1881943,Goods,Ethiopia,"April 23, 2026",Christabel E. Dadzie,Request for Quotations,ET-TIGRAY FSCO-486327-GO-RFQ,"May 20, 2025",22793.38,Post
1881942,P172479,Strengthen Ethiopia’s Adaptive Safety Net,1881942,Goods,Ethiopia,"April 23, 2026",Christabel E. Dadzie,Request for Quotations,ET-TIGRAY FSCO-486327-GO-RFQ,"May 20, 2025",28427.53,Post
1881941,P166672,ID: Jambi Sustainable Landscape Management Project (J-SLMP),1881941,Goods,Indonesia,"April 23, 2026",Tini Gumartini,Request for Quotations,ID-BTNBS-418555-GO-RFQ,"June 13, 2024",4217.53,Post
1881940,P505179,Supporting the Federal Policy for Enhancing Foundational Literacy,1881940,Consultant Services,Argentina,"April 23, 2026",Alonso Sanchez,Individual Consultant Selection,AR-ME-491016-CS-INDV,"October 1, 2025",13418.18,Post
1881944,P508383,Building Resilient Digital Infrastructure for Growth - BRIDGE,1881944,Consultant Services,Nigeria,"April 23, 2026",Natalija Gelvanovska-Garcia,Quality And Cost-Based Selection,NG-FMCIDE-504383-CS-QCBS,"March 24, 2026",855350.61,Post
1881945,P169405,"Sustainable Procurement, Environmental and Social Standards Enhancement Project (SPESSE)",1881945,Consultant Services,Nigeria,"April 23, 2026",Ishtiak Siddique,Individual Consultant Selection,NG-BPP SPESSE-528676-CS-INDV,"February 13, 2026",16770.87,Post
1881946,P167945,Burkina Faso Agriculture Resilience and Competitiveness Project,1881946,Works,Burkina Faso,"April 23, 2026",Idriss Serme,Request for Bids,BF-PRECA-215393-CW-RFQ,"February 19, 2023",245769.54,Post
1881947,P168551,Rwanda Quality Basic Education for Human Capital Development Project,1881947,Goods,Rwanda,"April 23, 2026",Tihtina Zenebe Gebre,Request for Bids,RW-MINEDUC-444282-GO-RFB,"June 30, 2025",266433.58,Post
1881948,P159213,Crecer Sano: Guatemala Nutrition and Health Project,1881948,Goods,Guatemala,"April 23, 2026",Claudia Macias,Request for Quotations,GT-MSPAS-462084-GO-RFQ,"April 14, 2026",27441.47,Post
1881949,P167945,Burkina Faso Agriculture Resilience and Competitiveness Project,1881949,Consultant Services,Burkina Faso,"April 23, 2026",Idriss Serme,Consultant Qualification Selection,BF-PRECA-251091-CS-CQS,"April 11, 2022",110800.17,Post
1881950,P159213,Crecer Sano: Guatemala Nutrition and Health Project,1881950,Goods,Guatemala,"April 23, 2026",Claudia Macias,Request for Quotations,GT-MSPAS-462084-GO-RFQ,"April 14, 2026",14009.16,Post
1881951,P167945,Burkina Faso Agriculture Resilience and Competitiveness Project,1881951,Goods,Burkina Faso,"April 23, 2026",Idriss Serme,Request for Quotations,BF-PRECA-235386-GO-RFQ,"September 13, 2021",10127.14,Post
1881952,P168551,Rwanda Quality Basic Education for Human Capital Development Project,1881952,Consultant Services,Rwanda,"April 23, 2026",Tihtina Zenebe Gebre,Quality And Cost-Based Selection,RW-MINEDUC-261452-CS-QCBS,"October 29, 2022",95134.98,Post
1881953,P175834,Stabilization and Recovery in Eastern DRC,1881953,Works,"Congo, Democratic Republic of","April 23, 2026",Daniel P. Owen,Request for Bids,ZR-STAR EST-486229-CW-RFB,"April 13, 2026",1954821.07,Post
1881955,P169718,Liberia Urban Resilience Project,1881955,Goods,Liberia,"April 23, 2026",Santiago Ezequiel Arias,Request for Quotations,LR-MPW-496492-GO-RFQ,"February 16, 2026",3990.0,Post
1881954,P167945,Burkina Faso Agriculture Resilience and Competitiveness Project,1881954,Goods,Burkina Faso,"April 23, 2026",Idriss Serme,Request for Quotations,BF-PRECA-235386-GO-RFQ,"September 13, 2021",7966.01,Post
1881956,P166672,ID: Jambi Sustainable Landscape Management Project (J-SLMP),1881956,Goods,Indonesia,"April 23, 2026",Tini Gumartini,Request for Quotations,ID-BTNBS-418550-GO-RFQ,"May 28, 2024",5195.26,Post
1881957,P178993,"Mato Grosso Resilient, Inclusive, and Sustainable Learning Project",1881957,Non-consulting Services,Brazil,"April 23, 2026",Leandro Costa,Request for Quotations,BR-SEDUC-MT-497353-NC-RFQ,"April 15, 2026",8807.16,Post
1881958,P162594,Multipurpose Cadaster Project,1881958,Consultant Services,Colombia,"April 23, 2026",Ivonne Astrid Moreno Horta,Individual Consultant Selection,CO-IGAC-528929-CS-INDV,"January 26, 2026",13848.65,Post
1881959,P162594,Multipurpose Cadaster Project,1881959,Consultant Services,Colombia,"April 23, 2026",Ivonne Astrid Moreno Horta,Individual Consultant Selection,CO-IGAC-528931-CS-INDV,"January 26, 2026",13848.65,Post
1881960,P169405,"Sustainable Procurement, Environmental and Social Standards Enhancement Project (SPESSE)",1881960,Works,Nigeria,"April 23, 2026",Ishtiak Siddique,Request for Quotations,UNIBENSPE/WK/006,"January 20, 2026",221685.37,Post
1881963,P162594,Multipurpose Cadaster Project,1881963,Consultant Services,Colombia,"April 23, 2026",Ivonne Astrid Moreno Horta,Individual Consultant Selection,CO-IGAC-528933-CS-INDV,"January 23, 2026",15054.11,Post
1881962,P180555,"Brazil Proactive, Safe, and Resilient Road Asset Management Program - State of Bahia",1881962,Consultant Services,Brazil,"April 23, 2026",Carlos Bellas Lamas,Direct Selection,ANIBAL-BR-SEINFRA-BA-453894-CS-CDS,"November 28, 2025",226351.06,Post
1881961,P162594,Multipurpose Cadaster Project,1881961,Consultant Services,Colombia,"April 23, 2026",Ivonne Astrid Moreno Horta,Individual Consultant Selection,CO-IGAC-528932-CS-INDV,"January 21, 2026",23720.5,Post
1881966,P171833,Unleashing the Blue Economy of the Caribbean (UBEC),1881966,Consultant Services,France,"April 23, 2026",Nicolas Benjamin Claude Desramaut,Consultant Qualification Selection,GD-MOIID-460193-CS-CQS,"December 4, 2025",299658.0,Post
1881965,P162594,Multipurpose Cadaster Project,1881965,Consultant Services,Colombia,"April 23, 2026",Ivonne Astrid Moreno Horta,Individual Consultant Selection,CO-IGAC-528934-CS-INDV,"January 23, 2026",13319.97,Post
1881964,P162594,Multipurpose Cadaster Project,1881964,Consultant Services,Colombia,"April 23, 2026",Ivonne Astrid Moreno Horta,Individual Consultant Selection,CO-ANT-440795-CS-INDV,"December 5, 2024",2105.37,Post
1881967,P149239,Nepal: Private Sector-Led Mini-Grid Energy Access Project,1881967,Consultant Services,Nepal,"April 23, 2026",Nguyet Anh Pham,Individual Consultant Selection,NP-AEPC-20252601-CS-INDV,"April 16, 2026",11233.6,Post
1881968,P149239,Nepal: Private Sector-Led Mini-Grid Energy Access Project,1881968,Consultant Services,Nepal,"April 23, 2026",Nguyet Anh Pham,Individual Consultant Selection,NP-AEPC-20252602-CS-INDV,"April 16, 2026",7039.68,Post
1881969,P176181,Eastern Africa Regional Digital Integration Project,1881969,Consultant Services,Colombia,"April 23, 2026",Naomi J. Halewood,Consultant Qualification Selection,SO-MICT-SL-516416-CS-CQS,"April 17, 2026",299565.0,Prior
1881970,P176781,Promoting Better Jobs through Integrated Labor and Skills Programs,1881970,Consultant Services,Argentina,"April 23, 2026",Marcela Ines Salvador,Direct Selection,AR-MTESS-372307-CS-CDS,"April 9, 2026",783480.0,Post
1881972,P149239,Nepal: Private Sector-Led Mini-Grid Energy Access Project,1881972,Consultant Services,Nepal,"April 23, 2026",Nguyet Anh Pham,Individual Consultant Selection,NP-AEPC-20252603-CS-INDV,"April 16, 2026",5405.94,Post
1881973,P176932,Digital Transformation for Africa/ Western Africa Regional Digital Integration Program SOP1,1881973,Consultant Services,Cote d'Ivoire,"April 23, 2026",Rocio Sanchez Vigueras,Consultant Qualification Selection,N°2026/405/1/6/1/2/1/037,"April 22, 2026",74950.0,Post
1881974,P162594,Multipurpose Cadaster Project,1881974,Consultant Services,Colombia,"April 23, 2026",Ivonne Astrid Moreno Horta,Individual Consultant Selection,CO-IGAC-528935-CS-INDV,"January 23, 2026",24632.82,Post
1881975,P167795,Douala Urban Mobility Project,1881975,Consultant Services,Cote d'Ivoire,"April 23, 2026",Alphonse Soh,Quality And Cost-Based Selection,CM-CUD-PIU-392201-CS-QCBS,"April 1, 2026",38218.32,Post
1881976,P177918,Secondary Cities Urban Mobility and Development Project,1881976,Works,Burkina Faso,"April 23, 2026",Malaika Becoulet,Request for Quotations,BF-PIU-PMDUVS-528521-CW-RFQ,"March 17, 2026",85859.87,Post
1881978,P167512,Strengthening Primary Health Care and Surveillance in Haiti,1881978,Consultant Services,Haiti,"April 23, 2026",Nicolas Collin Dit De Montesson,Direct Selection,HT-UGP-487164-CS-CDS,"April 17, 2026",10150.0,Post
1881979,P507190,Barbados – Beryl Emergency Response and Recovery Project,1881979,Consultant Services,Canada,"April 23, 2026",Rafeef Abdelrazek,Direct Selection,BB-BPI-471007-CS-CDS,"August 7, 2025",495798.06,Post
1881983,P161885,Nigeria Electrification Project,1881983,Non-consulting Services,Nigeria,"April 23, 2026",Arsh Sharma,Request for Quotations,REA-NEP/NC/RFQ/172/2024,"August 29, 2024",117224.04,Post
1881981,P177918,Secondary Cities Urban Mobility and Development Project,1881981,Works,Burkina Faso,"April 23, 2026",Malaika Becoulet,Request for Quotations,BF-PIU-PMDUVS-528521-CW-RFQ,"March 16, 2026",101098.94,Post
